Season,League,Player,Team,Age,Position,Goal-Scoring,Assist-Creation,Attack,Dribbling,Possession,Defense,Physical,Goalkeeping,PosRank,Grade,Sale,Cost
2025/26,Liga Portugal,Thiago Carvalho,Vitória SC,23,CB,75.4,32.44,60.83,53.23,44.56,65.86,63.1,0,18,B,,600000
2025/26,Liga Portugal,Óscar Rivas,Vitória SC,26,CB,59.68,32.44,63.25,78.23,61.29,47.04,70.97,0,19,B,,
2025/26,Liga Portugal,Miguel Nóbrega,Vitória SC,26,CB,81.65,32.44,62.44,57.53,36.29,16.4,26.81,0,54,E,,0
2025/26,Liga Portugal,R. Abascal,Vitória SC,32,CB,54.64,82.79,61.29,63.44,83.06,34.54,45.97,0,22,C,,0
2025/26,Liga Portugal,Christian Marques,Tondela,23,CB,18.35,32.44,24.42,32.8,35.89,32.66,19.96,0,59,F,,0
2025/26,Liga Portugal,B. Medina,Tondela,24,CB,52.82,63.35,55.41,42.74,23.79,67.88,55.85,0,27,C,,2500000
2025/26,Liga Portugal,João Silva,Tondela,27,CB,73.39,32.44,46.66,36.29,36.9,53.36,38.51,0,43,C,,
2025/26,Liga Portugal,Z. Debast,Sporting CP,22,CB,22.38,86.44,55.65,80.11,95.77,37.1,55.85,0,17,B,,
2025/26,Liga Portugal,O. Diomandé,Sporting CP,22,CB,56.05,49.58,60.94,56.99,62.9,31.59,55.04,0,36,C,,
2025/26,Liga Portugal,Gonçalo Inácio,Sporting CP,24,CB,59.68,89.31,62.21,63.71,91.13,34.41,58.67,0,13,B,,
2025/26,Liga Portugal,Eduardo Quaresma,Sporting CP,24,CB,72.58,89.67,75,79.57,93.35,44.49,62.7,0,2,A,,
2025/26,Liga Portugal,Gabriel Moscardo,SC Braga,20,CB,50.81,71.84,71.77,74.46,46.17,59.41,77.62,0,9,B,,
2025/26,Liga Portugal,B. Arrey-Mbi,SC Braga,23,CB,12.7,53.63,22.58,25.27,51.21,41.67,37.5,0,56,E,,
2025/26,Liga Portugal,S. Niakaté,SC Braga,26,CB,55.65,55.82,65.21,54.84,73.79,45.7,60.89,0,20,B,,
2025/26,Liga Portugal,G. Lagerbielke,SC Braga,26,CB,79.03,45.34,53.11,33.33,67.74,40.99,50.2,0,33,C,,2500000
2025/26,Liga Portugal,Vitor Carvalho,SC Braga,29,CB,81.65,88.51,62.44,36.29,49.6,48.39,45.97,0,23,C,,
2025/26,Liga Portugal,Henrique Silva,Santa Clara,20,CB,30.24,32.44,36.41,44.89,31.85,52.55,28.83,0,53,D,,
2025/26,Liga Portugal,Sidney Lima,Santa Clara,29,CB,46.77,48.83,60.71,71.77,44.76,38.44,47.18,0,40,C,,
2025/26,Liga Portugal,Frederico Venâncio,Santa Clara,33,CB,55.24,59.05,44.12,33.33,59.68,59.95,53.23,0,26,C,,
2025/26,Liga Portugal,Luís Rocha,Santa Clara,39,CB,22.18,32.44,29.15,38.71,44.35,15.05,31.85,0,60,F,0,
2025/26,Liga Portugal,Gustavo Mancha,Rio Ave,21,CB,35.08,52.6,42.63,32.8,68.95,47.04,62.5,0,34,C,,
2025/26,Liga Portugal,Nelson Abbey,Rio Ave,22,CB,14.52,70.34,58.18,93.28,22.18,40.59,67.14,0,37,C,,0
2025/26,Liga Portugal,F. Petrasso,Rio Ave,24,CB,27.22,48.83,41.71,44.89,31.05,30.24,49.6,0,55,E,,
2025/26,Liga Portugal,J. Panzo,Rio Ave,25,CB,35.48,32.44,42.51,52.15,34.48,81.99,55.65,0,25,C,,
2025/26,Liga Portugal,J. Brabec,Rio Ave,33,CB,46.98,43.19,38.94,38.17,52.42,56.05,39.92,0,41,C,,0
2025/26,Liga Portugal,J. Kiwior,Porto,26,CB,45.97,59.4,62.1,73.12,64.11,64.52,87.1,0,5,A,,19000000
2025/26,Liga Portugal,J. Bednarek,Porto,30,CB,55.24,50.13,43.78,48.12,79.03,68.82,75.2,0,8,B,,7500000
2025/26,Liga Portugal,Zé Vitor,Nacional,25,CB,78.83,48.57,63.59,54.03,46.77,71.64,45.77,0,14,B,,
2025/26,Liga Portugal,Léo Santos,Nacional,27,CB,83.27,77.28,85.83,82.53,41.33,54.44,62.9,0,7,A,,
2025/26,Liga Portugal,Gilberto Batista,Moreirense,22,CB,21.37,32.44,26.96,34.68,51.81,61.42,45.77,0,45,D,,
2025/26,Liga Portugal,Maracás,Moreirense,32,CB,68.15,32.44,33.87,13.98,52.02,42.88,32.46,0,51,D,,
2025/26,Liga Portugal,Marcelo,Moreirense,36,CB,81.25,32.44,44.93,15.05,55.24,61.96,29.84,0,38,C,0,
2025/26,Liga Portugal,Antonio Espigares,Gil Vicente,21,CB,70.97,48.83,50.69,24.73,57.26,26.21,39.72,0,48,D,,200000
2025/26,Liga Portugal,M. Elimbi,Gil Vicente,23,CB,38.1,46.23,50.12,66.4,32.66,27.28,41.53,0,52,D,,
2025/26,Liga Portugal,Jonathan Buatu,Gil Vicente,32,CB,51.61,65.1,36.87,23.92,30.65,39.38,50,0,49,D,,
2025/26,Liga Portugal,I. Ba,Famalicão,20,CB,54.64,48.83,56.11,60.22,59.48,70.83,69.76,0,10,B,,
2025/26,Liga Portugal,L. Realpe,Famalicão,25,CB,71.98,59.05,57.95,43.28,50,50.67,44.56,0,30,C,,3000000
2025/26,Liga Portugal,J. De Haas,Famalicão,26,CB,73.79,47.98,66.13,67.2,69.35,43.15,38.91,0,24,C,,
2025/26,Liga Portugal,A. Chernev,Estrela Amadora,24,CB,44.15,32.44,50,58.06,28.23,22.98,41.94,0,57,E,,0
2025/26,Liga Portugal,Luan Patrick,Estrela Amadora,24,CB,14.52,46.23,39.06,72.04,61.29,65.46,51.01,0,28,C,,
2025/26,Liga Portugal,Bernardo Schappo,Estrela Amadora,27,CB,33.47,54.6,47.12,49.19,53.23,76.21,68.95,0,15,B,,200000
2025/26,Liga Portugal,K. Boma,Estoril,23,CB,65.93,38.65,47.7,38.17,23.39,66.94,67.54,0,29,C,,
2025/26,Liga Portugal,F. Bacher,Estoril,25,CB,60.28,52.19,40.9,27.15,67.34,56.72,45.56,0,32,C,,
2025/26,Liga Portugal,Ferro,Estoril,29,CB,72.98,32.44,39.29,18.28,46.77,65.99,34.88,0,39,C,,0
2025/26,Liga Portugal,Kaly,Casa Pia AC,22,CB,19.76,44.68,30.3,44.62,28.23,80.91,66.13,0,31,C,,
2025/26,Liga Portugal,David Sousa,Casa Pia AC,24,CB,80.04,32.44,70.51,72.58,48.79,76.08,68.75,0,6,A,,0
2025/26,Liga Portugal,João Goulart,Casa Pia AC,26,CB,36.69,32.44,44.59,55.38,22.98,48.66,47.18,0,47,D,,
2025/26,Liga Portugal,André Geraldes,Casa Pia AC,35,CB,22.78,32.44,34.45,50.27,20.77,15.73,23.59,0,62,F,,
2025/26,Liga Portugal,José Fonte,Casa Pia AC,42,CB,63.31,52.6,52.65,33.06,32.26,67.2,31.65,0,35,C,,
2025/26,Liga Portugal,António Silva,Benfica,22,CB,66.73,78.26,85.02,92.74,87.9,60.75,86.69,0,1,S,,
2025/26,Liga Portugal,Tomás Araújo,Benfica,24,CB,74.6,72.22,87.56,92.74,86.49,38.71,68.75,0,3,A,,
2025/26,Liga Portugal,N. Otamendi,Benfica,38,CB,73.19,32.44,66.71,69.89,63.31,72.72,78.02,0,4,A,,
2025/26,Liga Portugal,Paulo Vitor,AVS (Vilafranquense),24,CB,21.37,48.83,41.94,53.23,41.94,48.66,25.4,0,50,D,,
2025/26,Liga Portugal,C. Devenish,AVS (Vilafranquense),25,CB,15.32,43.19,35.14,51.08,37.1,65.73,48.39,0,42,C,,
2025/26,Liga Portugal,Ponck,AVS (Vilafranquense),31,CB,37.1,65.2,36.64,16.13,20.36,29.84,17.34,0,58,F,,
2025/26,Liga Portugal,A. Santos,AVS (Vilafranquense),37,CB,73.19,32.44,50.23,31.45,20.16,86.69,55.04,0,21,C,,
2025/26,Liga Portugal,B. Popović,Arouca,26,CB,50.4,32.44,38.59,46.77,37.5,48.52,46.77,0,46,D,,0
2025/26,Liga Portugal,José Fontán,Arouca,26,CB,68.35,72.22,66.59,63.71,83.06,44.62,55.04,0,12,B,,
2025/26,Liga Portugal,Javi Sánchez,Arouca,29,CB,29.64,79.38,37.21,36.83,56.85,79.97,51.21,0,16,B,,
2025/26,Liga Portugal,B. Meupiyou,Alverca,20,CB,25.4,54.53,52.19,77.42,39.52,31.59,55.24,0,44,D,,
2025/26,Liga Portugal,Naves,Alverca,24,CB,63.31,43.19,60.83,59.68,77.82,65.86,56.25,0,11,B,,
2025/26,Liga Portugal,Sergi Gómez,Alverca,34,CB,22.18,37.23,18.32,13.44,31.85,26.88,33.67,0,61,F,,0
2025/26,Liga Portugal,T. Strata,Vitória SC,21,FB & WB,56.84,57.91,75.47,89.94,75.94,44.18,64.62,0,6,A,,0
2025/26,Liga Portugal,Miguel Maga,Vitória SC,23,FB & WB,18.63,30.7,21.97,19.18,68.4,39.31,39.62,0,52,E,,
2025/26,Liga Portugal,João Mendes,Vitória SC,26,FB & WB,36.08,49.64,37.87,43.71,77.83,45.28,37.97,0,30,D,,
2025/26,Liga Portugal,E. Maviram,Tondela,25,FB & WB,57.31,35.42,50.13,52.2,38.21,49.69,38.68,0,34,D,,
2025/26,Liga Portugal,Tiago Manso,Tondela,26,FB & WB,46.46,41.08,45.42,43.71,45.52,51.73,26.89,0,40,D,,
2025/26,Liga Portugal,Rodrigo Conceição,Tondela,26,FB & WB,66.27,45.33,64.42,71.07,36.08,41.35,47.64,0,20,C,,
2025/26,Liga Portugal,Bebeto,Tondela,36,FB & WB,31.6,27.87,25.47,39.31,60.61,73.11,35.85,0,37,D,,
2025/26,Liga Portugal,Iván Fresneda,Sporting CP,21,FB & WB,69.34,38.25,77.22,88.68,53.54,75.94,91.75,0,1,S,,
2025/26,Liga Portugal,G. Vagiannidis,Sporting CP,24,FB & WB,58.02,80.84,73.45,68.55,48.82,52.99,84.43,0,7,A,,13000000
2025/26,Liga Portugal,M. Araújo,Sporting CP,26,FB & WB,93.4,72.88,81.94,62.26,72.64,48.43,45.28,0,8,A,,
2025/26,Liga Portugal,Mario Dorgeles,SC Braga,21,FB & WB,90.09,63.41,71.29,43.71,54.01,26.57,54.48,0,18,C,,11000000
2025/26,Liga Portugal,Gabri Martínez,SC Braga,23,FB & WB,78.54,72.99,92.72,98.74,44.81,44.81,68.4,0,2,S,,
2025/26,Liga Portugal,Leonardo Lelo,SC Braga,26,FB & WB,31.13,95.08,38.54,22.96,83.49,33.49,15.8,0,39,D,,0
2025/26,Liga Portugal,Víctor Gómez,SC Braga,26,FB & WB,66.27,75.12,64.42,55.97,67.45,45.13,37.97,0,16,B,,
2025/26,Liga Portugal,Paulo Victor,Santa Clara,25,FB & WB,50.71,40.3,36.93,37.11,43.87,65.09,34.67,0,36,D,,0
2025/26,Liga Portugal,Calila,Santa Clara,27,FB & WB,60.85,24.41,47.71,50,19.1,38.21,45.28,0,45,E,,
2025/26,Liga Portugal,Lucas Soares,Santa Clara,28,FB & WB,32.08,46.47,43.94,44.97,53.3,37.26,32.31,0,43,D,,
2025/26,Liga Portugal,N. Athanasiou,Rio Ave,25,FB & WB,20.75,49.25,45.01,62.58,73.82,28.93,49.53,0,28,C,,
2025/26,Liga Portugal,M. Vrousai,Rio Ave,27,FB & WB,63.68,46.42,57.82,47.17,74.53,80.97,69.1,0,10,A,,
2025/26,Liga Portugal,Martim Fernandes,Porto,20,FB & WB,50.94,30.7,36.66,36.79,54.95,65.25,45.75,0,29,C,,
2025/26,Liga Portugal,Alberto Costa,Porto,22,FB & WB,66.98,88.21,77.76,77.67,40.8,65.88,68.16,0,3,A,,15000000
2025/26,Liga Portugal,Francisco Moura,Porto,26,FB & WB,91.51,64.03,76.42,61.01,75.94,44.18,53.77,0,11,A,,
2025/26,Liga Portugal,Z. Sanusi,Porto,28,FB & WB,75.47,53,69.81,68.24,58.02,49.06,90.33,0,9,A,,
2025/26,Liga Portugal,A. Núñez,Nacional,21,FB & WB,56.13,64.4,40.43,30.19,35.61,63.05,40.09,0,32,D,,
2025/26,Liga Portugal,José Gomes,Nacional,29,FB & WB,61.79,75.14,59.97,53.46,25.71,49.06,46.7,0,22,C,,
2025/26,Liga Portugal,João Aurélio,Nacional,37,FB & WB,15.57,19.38,20.89,32.08,24.06,93.08,66.51,0,38,D,,
2025/26,Liga Portugal,Kiko,Moreirense,24,FB & WB,56.6,21.58,33.96,22.96,51.18,66.35,31.37,0,42,D,,0
2025/26,Liga Portugal,Dinis Pinto,Moreirense,25,FB & WB,58.96,70.16,54.18,47.17,27.12,71.7,60.85,0,17,C,,
2025/26,Liga Portugal,Hevertton,Gil Vicente,25,FB & WB,16.04,21.58,23.05,34.28,22.17,65.88,51.18,0,50,E,,
2025/26,Liga Portugal,Zé Carlos,Gil Vicente,27,FB & WB,20.99,31.15,31.4,44.34,41.51,50.16,46.46,0,47,E,,
2025/26,Liga Portugal,G. Konan,Gil Vicente,30,FB & WB,29.72,24.41,47.57,70.44,73.58,63.05,91.04,0,14,B,,0
2025/26,Liga Portugal,Pedro Bondo,Famalicão,21,FB & WB,21.93,27.87,32.08,41.19,46.23,80.5,50.94,0,31,D,,500000
2025/26,Liga Portugal,Rodrigo Pinheiro,Famalicão,23,FB & WB,75.71,71.39,74.12,74.84,69.58,50,69.34,0,4,A,,
2025/26,Liga Portugal,Rafa Soares,Famalicão,31,FB & WB,61.08,46.74,48.25,44.65,73.82,27.52,25.94,0,35,D,,
2025/26,Liga Portugal,Otávio,Estrela Amadora,20,FB & WB,16.98,34.63,15.77,19.5,40.8,88.05,52.83,0,41,D,,
2025/26,Liga Portugal,J. Encada,Estrela Amadora,28,FB & WB,24.53,46.16,53.5,87.74,27.12,38.05,70.75,0,24,C,,0
2025/26,Liga Portugal,Pedro Carvalho,Estoril,23,FB & WB,44.34,35.42,54.45,66.98,47.41,34.91,60.38,0,26,C,,
2025/26,Liga Portugal,Ricard Sánchez,Estoril,26,FB & WB,81.84,72.27,71.02,47.8,64.86,25.79,36.08,0,19,C,,0
2025/26,Liga Portugal,Pedro Amaral,Estoril,28,FB & WB,29.48,52.59,28.84,23.58,54.72,36.64,39.39,0,48,E,,
2025/26,Liga Portugal,Abdu Conté,Casa Pia AC,28,FB & WB,20.75,55.86,39.22,49.06,48.35,19.5,33.49,0,49,E,,0
2025/26,Liga Portugal,Gaizka Larrazabal,Casa Pia AC,28,FB & WB,83.73,49.88,66.04,46.86,23.11,45.75,56.6,0,21,C,,
2025/26,Liga Portugal,S. Lopes Cabral,Benfica,23,FB & WB,85.85,81.7,94.61,96.86,30.42,28.46,50.71,0,12,A,10000000,6000000
2025/26,Liga Portugal,S. Dahl,Benfica,23,FB & WB,49.29,39.51,55.66,65.41,79.95,50.31,73.82,0,15,B,,
2025/26,Liga Portugal,A. Dedić,Benfica,23,FB & WB,68.87,74.14,74.66,73.9,65.57,41.82,77.83,0,5,A,,12000000
2025/26,Liga Portugal,L. Rivas,AVS (Vilafranquense),24,FB & WB,21.46,39.19,26.42,34.91,18.63,72.17,54.95,0,44,E,,0
2025/26,Liga Portugal,Mateus Pivô,AVS (Vilafranquense),28,FB & WB,18.4,17.49,11.46,8.18,49.06,61.16,28.77,0,53,F,,
2025/26,Liga Portugal,Kiki,AVS (Vilafranquense),31,FB & WB,28.3,44.9,41.64,48.11,57.08,72.17,44.1,0,25,C,,
2025/26,Liga Portugal,Tiago Esgaio,Arouca,30,FB & WB,79.95,81.99,48.79,13.52,66.04,54.87,31.84,0,23,C,,
2025/26,Liga Portugal,B. Kuipers,Arouca,31,FB & WB,65.33,48.32,30.59,5.66,21.93,47.48,40.09,0,51,E,,
2025/26,Liga Portugal,Francisco Chissumba,Alverca,20,FB & WB,40.57,31.69,38.14,36.79,46.23,39.78,46.46,0,46,E,,
2025/26,Liga Portugal,I. James,Alverca,21,FB & WB,34.91,71.12,49.6,54.4,28.3,56.6,44.58,0,27,C,,0
2025/26,Liga Portugal,Diogo Spencer,Alverca,22,FB & WB,61.56,47.02,49.06,57.23,65.09,21.07,36.32,0,33,D,,
2025/26,Liga Portugal,Nabil Touaizi,Alverca,25,FB & WB,56.37,72.98,72.24,82.39,53.07,38.21,62.26,0,13,B,,0
2025/26,Liga Portugal,Diogo Sousa,Vitória SC,20,MF,66.81,43.8,68.97,78.74,80.6,81.47,67.67,0,2,S,11000000,
2025/26,Liga Portugal,Gonçalo Nogueira,Vitória SC,22,MF,46.12,69.44,67.61,73.56,23.49,66.52,81.25,0,18,B,,
2025/26,Liga Portugal,Beni,Vitória SC,23,MF,34.05,30.36,28.94,37.64,45.69,69.97,60.56,0,36,C,,
2025/26,Liga Portugal,J. Rodríguez,Tondela,20,MF,17.24,30.36,21.31,19.83,49.35,46.41,37.5,0,54,E,,
2025/26,Liga Portugal,J. Hodge,Tondela,23,MF,62.93,47.32,54.31,28.74,60.34,37.79,18.1,0,39,D,,0
2025/26,Liga Portugal,Y. Sithole,Tondela,27,MF,48.28,23.18,26.35,24.71,31.68,39.22,31.47,0,57,E,,
2025/26,Liga Portugal,Cícero Alves,Tondela,29,MF,52.8,50.99,29.06,16.67,58.19,58.91,49.35,0,37,D,,
2025/26,Liga Portugal,M. Hjulmand,Sporting CP,26,MF,75.43,73.21,51.23,25.86,75.43,61.93,62.28,0,17,B,,
2025/26,Liga Portugal,H. Morita,Sporting CP,31,MF,59.05,75.18,65.39,66.95,80.82,80.17,72.84,0,1,S,,
2025/26,Liga Portugal,J. Gorby,SC Braga,23,MF,46.12,31.46,44.46,56.9,64.66,38.79,55.6,0,29,C,,
2025/26,Liga Portugal,F. Grillitsch,SC Braga,30,MF,67.67,54.21,66.26,67.82,63.79,71.7,75.86,0,7,A,,0
2025/26,Liga Portugal,João Moutinho,SC Braga,39,MF,42.67,70.34,53.08,58.91,86.64,71.26,52.37,0,11,A,,
2025/26,Liga Portugal,José Tavares,Santa Clara,22,MF,26.08,30.36,42.73,58.05,37.93,57.76,48.71,0,40,D,,
2025/26,Liga Portugal,Serginho,Santa Clara,26,MF,51.08,68.45,67.49,81.03,42.67,20.98,50.86,0,26,C,,
2025/26,Liga Portugal,Adriano Firmino,Santa Clara,26,MF,27.59,23.18,39.16,54.89,57.33,15.66,54.09,0,48,D,1000000,
2025/26,Liga Portugal,Pedro Ferreira,Santa Clara,28,MF,34.27,23.18,38.67,44.83,51.29,79.31,52.37,0,28,C,,
2025/26,Liga Portugal,B. Aguilera,Rio Ave,22,MF,40.3,43.58,52.46,60.92,48.28,18.82,45.69,0,41,D,,
2025/26,Liga Portugal,A. Ntoi,Rio Ave,23,MF,49.14,48.31,41.63,32.47,29.31,61.21,42.67,0,42,D,,
2025/26,Liga Portugal,T. Nikitscher,Rio Ave,26,MF,54.96,38.98,40.27,37.36,30.39,73.28,56.03,0,34,C,,500000
2025/26,Liga Portugal,Rodrigo Mora,Porto,19,MF,72.41,66.74,94.09,99.43,40.95,42.67,85.78,0,4,S,,
2025/26,Liga Portugal,V. Froholdt,Porto,20,MF,92.89,60.53,91.26,93.97,20.69,47.7,82.97,0,10,A,,20000000
2025/26,Liga Portugal,Gabri Veiga,Porto,23,MF,84.48,83.26,91.26,84.2,36.64,23.28,51.08,0,16,B,,15000000
2025/26,Liga Portugal,A. Varela,Porto,24,MF,43.97,48.69,47.54,46.55,75.22,54.74,49.57,0,21,C,,
2025/26,Liga Portugal,P. Rosario,Porto,29,MF,77.16,33.38,61.82,66.09,89.44,70.26,68.97,0,3,S,,3750000
2025/26,Liga Portugal,Matheus Dias,Nacional,24,MF,33.19,38.5,25.12,18.68,41.81,76.44,45.69,0,43,D,,
2025/26,Liga Portugal,C. Labidi,Nacional,24,MF,56.9,38.58,45.07,36.78,23.71,62.93,22.2,0,45,D,,
2025/26,Liga Portugal,Liziero,Nacional,28,MF,33.19,85.13,47.78,45.98,59.48,61.93,47.63,0,20,B,,0
2025/26,Liga Portugal,M. Stjepanović,Moreirense,22,MF,38.79,23.18,24.38,15.23,52.59,45.69,19.61,0,55,E,,0
2025/26,Liga Portugal,Rodri Alonso,Moreirense,23,MF,83.62,75.91,67.98,54.89,60.78,14.22,29.31,0,25,C,,0
2025/26,Liga Portugal,Zé Carlos,Gil Vicente,24,MF,14.01,30.36,21.67,25,70.04,48.71,22.84,0,51,E,,0
2025/26,Liga Portugal,F. Cáseres,Gil Vicente,24,MF,13.58,46.45,17.73,12.07,51.72,59.05,26.08,0,53,E,,
2025/26,Liga Portugal,Luís Esteves,Gil Vicente,28,MF,73.49,77.92,81.28,79.02,73.28,20.26,54.96,0,13,A,,0
2025/26,Liga Portugal,M. De Amorim,Famalicão,21,MF,84.7,72.47,81.4,74.14,43.75,49.86,52.59,0,15,A,,
2025/26,Liga Portugal,T. Van De Looi,Famalicão,26,MF,17.24,30.36,22.04,21.55,52.59,35.92,42.67,0,56,E,,
2025/26,Liga Portugal,Robinho,Estrela Amadora,23,MF,41.59,67.26,54.56,50.86,36.42,55.89,37.28,0,31,C,,525000
2025/26,Liga Portugal,Paulo Moreira,Estrela Amadora,26,MF,69.18,49.71,54.31,52.59,33.19,33.05,44.18,0,38,D,,
2025/26,Liga Portugal,Jovane Cabral,Estrela Amadora,27,MF,89.66,58.24,77.96,61.21,41.38,21.26,50.22,0,22,C,,
2025/26,Liga Portugal,A. Tsoungui,Estoril,23,MF,15.52,50.05,33.13,40.23,51.51,74.57,55.39,0,32,C,,0
2025/26,Liga Portugal,Jandro Orellana,Estoril,25,MF,25.86,57.58,36.7,37.64,89.66,33.48,48.06,0,30,C,,
2025/26,Liga Portugal,J. Holsgrove,Estoril,26,MF,25.65,83.54,51.97,67.82,79.53,60.92,64.22,0,12,A,,
2025/26,Liga Portugal,João Carvalho,Estoril,29,MF,89.01,85.98,89.29,83.91,68.97,17.39,46.98,0,8,A,,
2025/26,Liga Portugal,Renato Nhaga,Casa Pia AC,19,MF,73.71,55.17,71.55,81.32,18.32,34.77,64.66,0,23,C,6500000,
2025/26,Liga Portugal,Rafael Brito,Casa Pia AC,24,MF,66.38,51.91,49.75,37.36,23.28,66.09,42.89,0,35,C,,
2025/26,Liga Portugal,Iyad Mohamed,Casa Pia AC,25,MF,45.69,49.49,32.64,30.17,45.04,52.59,30.39,0,44,D,,
2025/26,Liga Portugal,S. Pérez,Casa Pia AC,33,MF,12.5,43.86,16.5,14.94,31.03,46.98,15.73,0,58,F,,0
2025/26,Liga Portugal,R. Ríos,Benfica,25,MF,86.21,78.66,82.64,75.86,39.66,41.95,65.3,0,14,A,,27000000
2025/26,Liga Portugal,E. Barrenechea,Benfica,25,MF,46.34,35.58,34.24,24.43,75.86,75.57,54.09,0,24,C,,
2025/26,Liga Portugal,F. Aursnes,Benfica,30,MF,77.59,74.55,78.33,72.41,73.71,43.68,62.93,0,5,A,,
2025/26,Liga Portugal,G. Mendonça,AVS (Vilafranquense),23,MF,23.28,30.36,44.46,65.8,36.85,63.36,59.27,0,33,C,,
2025/26,Liga Portugal,Á. Algobia,AVS (Vilafranquense),26,MF,62.28,43.99,49.26,33.62,39.22,41.95,19.83,0,46,D,,0
2025/26,Liga Portugal,Roni,AVS (Vilafranquense),27,MF,54.74,23.18,29.68,16.38,21.98,75.72,39.87,0,50,E,,
2025/26,Liga Portugal,J. Grau,AVS (Vilafranquense),28,MF,24.78,40.57,36.82,45.98,31.47,40.09,28.02,0,52,E,,
2025/26,Liga Portugal,T. Fukui,Arouca,21,MF,59.05,71.27,57.64,66.95,70.69,58.76,78.02,0,9,A,,
2025/26,Liga Portugal,E. Van Ee,Arouca,22,MF,46.34,46.9,36.33,46.55,59.7,60.06,52.59,0,27,C,,300000
2025/26,Liga Portugal,Amorim,Alverca,21,MF,56.68,36.97,66.13,82.76,55.6,34.91,62.72,0,19,B,7500000,310000
2025/26,Liga Portugal,Lincoln,Alverca,27,MF,61.85,74.19,74.26,75.29,57.76,61.93,73.71,0,6,A,,0
2025/26,Liga Portugal,Rhaldney,Alverca,27,MF,49.35,30.48,36.82,36.78,39.66,38.65,64.66,0,47,D,,
2025/26,Liga Portugal,S. Abdulai,Alverca,27,MF,24.57,23.18,35.22,49.71,18.97,51.58,71.77,0,49,E,,
2025/26,Liga Portugal,Geovany Quenda,Sporting CP,19,AM & W,55.53,81.36,60.85,60.58,78.85,33.49,48.08,0,10,B,50000000,
2025/26,Liga Portugal,Landerson,Moreirense,19,AM & W,12.5,40.31,35.16,60.58,48.32,50.16,62.98,0,39,D,,1000000
2025/26,Liga Portugal,G. Prestianni,Benfica,20,AM & W,60.82,85.97,78.98,82.69,61.06,71.47,77.4,0,1,S,,
2025/26,Liga Portugal,William Gomes,Porto,20,AM & W,93.75,47.15,83.93,83.97,62.26,54.49,47.84,0,5,A,,
2025/26,Liga Portugal,O. Perea,AVS (Vilafranquense),20,AM & W,48.08,19.15,57.69,75,19.71,46.31,64.9,0,29,D,,
2025/26,Liga Portugal,C. Nuozzi,Alverca,20,AM & W,30.29,12.91,28.16,32.37,31.25,46.47,49.28,0,51,F,,0
2025/26,Liga Portugal,A. Schjelderup,Benfica,21,AM & W,87.5,79.2,84.48,74.68,58.17,52.4,73.56,0,3,S,,
2025/26,Liga Portugal,Gustavo Sá,Famalicão,21,AM & W,47.84,35.2,30.22,20.83,87.26,65.54,29.57,0,35,D,,
2025/26,Liga Portugal,Noah Saviolo,Vitória SC,22,AM & W,37.5,60.94,54.95,73.08,18.03,24.52,56.49,0,28,D,,
2025/26,Liga Portugal,Diogo Travassos,Moreirense,22,AM & W,37.5,36.87,48.21,65.71,60.82,66.03,46.88,0,21,C,,
2025/26,Liga Portugal,H. Sudakov,Benfica,23,AM & W,59.38,57.98,51.24,39.1,76.92,47.44,45.19,0,18,C,,
2025/26,Liga Portugal,Joelson Fernandes,Gil Vicente,23,AM & W,23.56,64.83,43.68,52.88,21.63,36.86,24.52,0,48,E,,750000
2025/26,Liga Portugal,I. Stoica,Estrela Amadora,23,AM & W,46.88,32.46,40.52,40.71,36.06,43.75,49.76,0,45,D,,1300000
2025/26,Liga Portugal,Lee Hyun-Ju,Arouca,23,AM & W,73.56,25.58,47.94,45.19,43.75,42.47,47.84,0,34,D,,1500000
2025/26,Liga Portugal,T. Akinsola,AVS (Vilafranquense),23,AM & W,10.58,46.48,42.58,76.92,35.1,28.69,68.51,0,38,D,,
2025/26,Liga Portugal,P. Lima,AVS (Vilafranquense),23,AM & W,41.11,38.16,27.47,16.67,48.08,80.45,48.56,0,44,D,,0
2025/26,Liga Portugal,Diogo Bezerra,Rio Ave,23,AM & W,17.31,59.97,58.24,86.22,35.58,41.19,56.73,0,20,C,,
2025/26,Liga Portugal,Pablo Ruan,Nacional,23,AM & W,13.7,35.84,27.06,34.94,23.08,72.28,41.11,0,50,E,,
2025/26,Liga Portugal,A. Moreira,Gil Vicente,24,AM & W,54.09,40.79,68.82,80.77,26.68,47.28,58.41,0,17,C,,
2025/26,Liga Portugal,Figueiredo,Alverca,24,AM & W,78.37,36.99,64.56,66.67,48.56,37.82,57.69,0,16,C,,750000
2025/26,Liga Portugal,André Luiz,Rio Ave,24,AM & W,90.38,70.16,77.75,75,17.55,37.18,66.83,0,9,B,6750000,
2025/26,Liga Portugal,Telmo Arcanjo,Vitória SC,24,AM & W,12.5,51.35,42.45,62.18,59.62,26.76,45.19,0,40,D,,
2025/26,Liga Portugal,Brenner,Santa Clara,24,AM & W,37.5,36.31,68.68,85.9,9.13,40.54,42.55,0,27,C,,0
2025/26,Liga Portugal,M. Aïko,Tondela,25,AM & W,33.65,52.97,56.59,73.08,45.67,34.29,48.08,0,25,C,,
2025/26,Liga Portugal,Pablo Gozálbez,Arouca,25,AM & W,29.81,52.01,32.69,21.79,60.1,72.12,21.15,0,43,D,,
2025/26,Liga Portugal,G. Neiva,AVS (Vilafranquense),25,AM & W,52.16,43.04,44.23,43.59,31.73,50.96,45.19,0,41,D,,0
2025/26,Liga Portugal,Geny Catamo,Sporting CP,25,AM & W,76.92,68.97,78.43,79.49,90.87,49.84,80.29,0,2,S,,
2025/26,Liga Portugal,Sorriso,Famalicão,25,AM & W,66.83,66.68,61.13,44.87,47.84,67.95,51.92,0,13,B,,
2025/26,Liga Portugal,O. Pohlmann,Rio Ave,25,AM & W,9.62,23.11,11.81,17.31,43.51,50.48,53.85,0,52,F,,
2025/26,Liga Portugal,Borja Sainz,Porto,25,AM & W,79.57,32.82,52.75,27.56,31.73,68.43,39.9,0,31,D,,15000000
2025/26,Liga Portugal,M. Ayomide,Estrela Amadora,26,AM & W,50.48,69.59,53.85,55.45,72.12,58.97,73.08,0,8,B,,
2025/26,Liga Portugal,A. Trezza,Arouca,26,AM & W,71.39,41.53,46.84,39.1,27.64,36.38,18.99,0,47,E,,
2025/26,Liga Portugal,Chiquinho,Alverca,26,AM & W,36.78,77.7,53.02,58.33,36.06,39.42,52.88,0,23,C,,0
2025/26,Liga Portugal,Klismahn,Santa Clara,26,AM & W,30.53,37.91,32.14,30.77,59.62,58.17,31.49,0,46,D,,
2025/26,Liga Portugal,N. Djouahra,Arouca,26,AM & W,37.74,47.5,32.42,43.27,59.62,47.12,52.16,0,36,D,,0
2025/26,Liga Portugal,Francisco Trincão,Sporting CP,26,AM & W,65.38,83.51,64.01,47.76,87.26,48.08,72.36,0,6,A,,
2025/26,Liga Portugal,Leandro Barreiro,Benfica,26,AM & W,63.94,46.55,27.75,2.56,38.46,85.1,48.56,0,42,D,,
2025/26,Liga Portugal,Rodrigo Zalazar,SC Braga,26,AM & W,81.25,77.83,72.8,65.38,71.15,54.33,67.31,0,4,A,30000000,
2025/26,Liga Portugal,Pedro Gonçalves,Sporting CP,27,AM & W,93.99,80.95,61.54,19.23,81.49,42.47,26.44,0,14,B,,
2025/26,Liga Portugal,D. Špikić,Rio Ave,27,AM & W,41.11,61.93,50.14,58.33,29.33,47.12,54.81,0,26,C,,600000
2025/26,Liga Portugal,Paulinho Bóia,Nacional,27,AM & W,38.46,44.3,56.18,72.44,45.43,45.83,54.33,0,22,C,,
2025/26,Liga Portugal,Maranhão,Tondela,27,AM & W,60.1,39.14,51.79,43.27,38.7,51.28,38.46,0,33,D,,
2025/26,Liga Portugal,Vinícius Lopes,Santa Clara,27,AM & W,72.84,12.91,46.43,33.65,43.51,64.1,50.24,0,37,D,,
2025/26,Liga Portugal,J. Livolant,Casa Pia AC,28,AM & W,24.76,52.33,35.99,44.55,46.63,62.34,56.49,0,32,D,,
2025/26,Liga Portugal,Pepê,Porto,29,AM & W,44.71,53.42,51.37,58.65,79.57,44.71,49.04,0,15,C,,
2025/26,Liga Portugal,Gil Dias,Famalicão,29,AM & W,47.12,78.14,62.23,68.59,65.14,65.87,68.75,0,7,A,,
2025/26,Liga Portugal,Witi,Nacional,29,AM & W,37.98,42.4,46.57,43.59,44.95,62.5,45.19,0,30,D,,0
2025/26,Liga Portugal,Samu,Vitória SC,30,AM & W,71.39,40.15,41.21,14.42,77.16,82.37,33.41,0,24,C,,
2025/26,Liga Portugal,Kiko Bondoso,Moreirense,30,AM & W,5.53,47.71,24.73,45.51,63.94,35.58,54.81,0,49,E,,0
2025/26,Liga Portugal,Ricardo Horta,SC Braga,31,AM & W,90.87,81.2,55.36,8.97,91.11,50.64,33.17,0,12,B,,
2025/26,Liga Portugal,Murilo,Gil Vicente,31,AM & W,68.75,58.67,62.91,69.87,65.14,36.86,62.98,0,11,B,,0
2025/26,Liga Portugal,Rafa Silva,Benfica,33,AM & W,96.15,39.05,59.48,25.96,67.07,43.11,54.81,0,19,C,,
2025/26,Liga Portugal,O. Camara,Vitória SC,19,CF,38.78,60.9,52.75,73.93,71.79,52.14,65.71,0,10,B,,
2025/26,Liga Portugal,Gustavo Varela,Gil Vicente,21,CF,64.74,54.92,47.99,24.79,17.63,33.55,48.72,0,30,D,,
2025/26,Liga Portugal,Samu Omorodion,Porto,21,CF,88.78,28.13,60.44,42.31,69.87,28.63,47.76,0,16,C,,
2025/26,Liga Portugal,D. Gül,Porto,21,CF,65.71,51.84,66.85,64.96,32.37,41.03,57.05,0,13,B,,
2025/26,Liga Portugal,H. Sequeira,Tondela,22,CF,8.33,62.14,50.37,79.06,88.78,50.64,48.08,0,17,C,,0
2025/26,Liga Portugal,M. Milovanović,Alverca,22,CF,63.78,50.92,48.35,43.59,41.35,36.32,63.78,0,21,C,,
2025/26,Liga Portugal,Luís Semedo,Moreirense,22,CF,35.9,29.62,24.36,24.79,65.38,50,46.15,0,35,E,,
2025/26,Liga Portugal,F. Ivanović,Benfica,22,CF,84.94,52.06,81.5,83.76,74.04,75.43,67.95,0,1,S,,23000000
2025/26,Liga Portugal,Pablo Felipe,Gil Vicente,22,CF,66.03,73.08,37.18,14.96,39.42,66.67,45.83,0,24,C,23000000,250000
2025/26,Liga Portugal,Santi García,Gil Vicente,24,CF,22.76,70.91,52.56,73.08,83.33,61.97,58.01,0,9,B,,
2025/26,Liga Portugal,Pau Víctor,SC Braga,24,CF,71.47,68.07,74.54,82.48,79.17,66.24,64.1,0,4,S,,12000000
2025/26,Liga Portugal,Gabriel Silva,Santa Clara,24,CF,33.01,44.18,61.54,83.76,60.9,52.56,58.97,0,12,B,,
2025/26,Liga Portugal,D. Nandín,Arouca,24,CF,18.91,78.12,41.21,44.44,30.45,71.79,57.05,0,25,C,,1000000
2025/26,Liga Portugal,A. Ndoye,Vitória SC,24,CF,48.72,34.95,38.46,20.51,7.69,62.61,51.6,0,34,D,,700000
2025/26,Liga Portugal,D. Duarte,AVS (Vilafranquense),24,CF,39.1,46.76,37.55,32.48,26.92,57.26,35.26,0,33,D,,
2025/26,Liga Portugal,Y. Begraoui,Estoril,24,CF,80.13,41.79,60.07,54.7,65.38,48.08,40.71,0,11,B,,
2025/26,Liga Portugal,Alejandro Marqués,Estoril,25,CF,48.4,28.1,48.35,62.82,41.67,46.15,43.91,0,26,C,,
2025/26,Liga Portugal,André Lacximicant,Estoril,25,CF,48.4,63.38,71.06,82.05,38.46,47.44,67.95,0,8,B,,
2025/26,Liga Portugal,J. Blesa,Rio Ave,25,CF,84.94,36.45,63.37,42.74,69.23,67.09,59.29,0,7,B,,
2025/26,Liga Portugal,Dailon Livramento,Casa Pia AC,25,CF,17.31,49.48,46.34,77.78,29.17,48.72,66.67,0,23,C,,
2025/26,Liga Portugal,S. Elisor,Famalicão,26,CF,25.96,44.53,39.38,40.6,49.04,42.52,48.08,0,32,D,,900000
2025/26,Liga Portugal,Gustavo Silva,Vitória SC,26,CF,62.5,62.26,80.59,85.47,47.76,79.06,78.85,0,3,S,,
2025/26,Liga Portugal,Alan,Moreirense,26,CF,16.03,75.8,47.8,74.36,87.18,34.62,50.32,0,19,C,,
2025/26,Liga Portugal,Kikas,Estrela Amadora,27,CF,64.74,28.1,49.82,46.58,20.83,32.26,33.33,0,31,D,,
2025/26,Liga Portugal,Iván Barbero,Arouca,27,CF,54.49,47.99,41.76,24.36,50,57.69,33.01,0,28,D,,300000
2025/26,Liga Portugal,V. Pavlidis,Benfica,27,CF,83.01,65.12,68.68,49.57,61.54,56.62,59.62,0,6,A,,
2025/26,Liga Portugal,R. Guitane,Estoril,27,CF,28.85,83.5,67.58,99.15,77.56,51.07,76.28,0,5,A,,
2025/26,Liga Portugal,Clayton,Rio Ave,27,CF,62.18,71.92,55.49,41.88,57.37,28.63,32.69,0,20,C,5000000,
2025/26,Liga Portugal,L. Suárez,Sporting CP,28,CF,91.67,88.38,85.35,67.52,63.46,55.34,69.23,0,2,S,,23000000
2025/26,Liga Portugal,Fran Navarro,SC Braga,28,CF,75.64,32.61,36.45,8.12,40.71,37.39,20.83,0,36,E,,3000000
2025/26,Liga Portugal,J. Ramírez,Nacional,28,CF,71.15,34.16,50,35.47,38.14,44.87,45.83,0,27,C,,600000
2025/26,Liga Portugal,Jordan Siebatcheu,Tondela,30,CF,31.41,33.23,25.46,12.39,31.41,51.28,25.32,0,38,F,,
2025/26,Liga Portugal,Guilherme Schettine,Moreirense,30,CF,87.18,33.46,59.52,52.99,57.37,40.38,53.21,0,14,B,700000,
2025/26,Liga Portugal,Rony Lopes,Tondela,30,CF,33.65,68.3,50.73,64.53,76.92,45.3,61.86,0,15,C,,0
2025/26,Liga Portugal,Tomané,AVS (Vilafranquense),33,CF,25,52.47,41.21,59.83,53.85,79.49,71.79,0,18,C,,0
2025/26,Liga Portugal,Rodrigo Pinho,Estrela Amadora,34,CF,36.86,42.44,38.28,35.47,49.68,61.75,40.71,0,29,D,,
2025/26,Liga Portugal,Nélson Oliveira,Vitória SC,34,CF,29.17,24.27,28.39,32.48,43.27,7.26,12.5,0,39,F,,
2025/26,Liga Portugal,Sandro Lima,Alverca,35,CF,52.88,46.71,47.62,42.74,44.55,51.07,55.13,0,22,C,,0
2025/26,Liga Portugal,Cassiano,Casa Pia AC,36,CF,37.5,38.96,21.06,17.52,16.35,79.06,36.86,0,37,E,,
2025/26,Liga Portugal,J. Castillo,Vitória SC,23,GK,0,0,0,0,0,0,0,47.62,14,C,,700000
2025/26,Liga Portugal,Charles,Vitória SC,32,GK,0,0,0,0,0,0,0,42.06,17,D,,
2025/26,Liga Portugal,Bernardo,Tondela,23,GK,0,0,0,0,0,0,0,57.14,8,B,,
2025/26,Liga Portugal,Rui Silva,Sporting CP,32,GK,0,0,0,0,0,0,0,66.27,4,A,,
2025/26,Liga Portugal,L. Horníček,SC Braga,23,GK,0,0,0,0,0,0,0,53.17,11,C,,
2025/26,Liga Portugal,Gabriel Batista,Santa Clara,27,GK,0,0,0,0,0,0,0,46.83,15,C,,
2025/26,Liga Portugal,C. Miszta,Rio Ave,24,GK,0,0,0,0,0,0,0,51.59,12,C,,
2025/26,Liga Portugal,Diogo Costa,Porto,26,GK,0,0,0,0,0,0,0,70.63,2,A,,
2025/26,Liga Portugal,Kaique,Nacional,23,GK,0,0,0,0,0,0,0,69.05,3,A,,
2025/26,Liga Portugal,André Ferreira,Moreirense,29,GK,0,0,0,0,0,0,0,59.13,6,B,,0
2025/26,Liga Portugal,Caio Secco,Moreirense,35,GK,0,0,0,0,0,0,0,48.81,13,C,,
2025/26,Liga Portugal,Andrew,Gil Vicente,24,GK,0,0,0,0,0,0,0,78.97,1,S,1500000,
2025/26,Liga Portugal,L. Carević,Famalicão,27,GK,0,0,0,0,0,0,0,58.73,7,B,,
2025/26,Liga Portugal,Renan Ribeiro,Estrela Amadora,36,GK,0,0,0,0,0,0,0,40.08,18,D,,0
2025/26,Liga Portugal,Joel Robles,Estoril,35,GK,0,0,0,0,0,0,0,21.43,21,F,,
2025/26,Liga Portugal,P. Sequeira,Casa Pia AC,27,GK,0,0,0,0,0,0,0,44.44,16,D,,
2025/26,Liga Portugal,A. Trubin,Benfica,24,GK,0,0,0,0,0,0,0,62.7,5,B,,
2025/26,Liga Portugal,Adriel,AVS (Vilafranquense),25,GK,0,0,0,0,0,0,0,54.76,10,C,,
2025/26,Liga Portugal,Simão,AVS (Vilafranquense),32,GK,0,0,0,0,0,0,0,30.95,19,E,,
2025/26,Liga Portugal,I. De Arruabarrena,Arouca,29,GK,0,0,0,0,0,0,0,56.75,9,B,,
2025/26,Liga Portugal,André Gomes,Alverca,21,GK,0,0,0,0,0,0,0,22.22,20,F,,
2025/26,Liga 2,Gonçalo Oliveira,Benfica B,19,CB,74.41,59.24,70.65,65.89,91.02,51.82,70.31,0,3,A,,
2025/26,Liga 2,Vasco Santos,UD Oliveirense,19,CB,30.86,40.44,36.94,36.72,13.67,26.17,27.15,0,61,F,,
2025/26,Liga 2,João Fonseca,Benfica B,19,CB,89.84,40.44,70.76,56.77,40.62,52.08,70.7,0,15,B,,
2025/26,Liga 2,Rui Silva,Benfica B,19,CB,52.93,46.2,48.1,53.12,25.78,43.62,26.17,0,55,D,,
2025/26,Liga 2,Tiago Parente,Benfica B,19,CB,16.8,89.99,57.03,87.76,52.15,27.21,62.5,0,33,C,,
2025/26,Liga 2,Martim Ferreira,Benfica B,20,CB,19.53,64.66,34.93,38.28,44.92,60.16,37.3,0,47,C,,
2025/26,Liga 2,João Muniz,Sporting CP B,20,CB,35.74,40.41,31.47,28.65,67.97,45.31,58.79,0,46,C,,
2025/26,Liga 2,Marlon Júnior,Portimonense,20,CB,48.24,55.8,66.07,81.51,15.62,63.15,54.88,0,21,B,,
2025/26,Liga 2,Lucas D'agrella,Farense,20,CB,45.9,70.2,64.62,65.62,58.59,61.85,49.61,0,9,B,,
2025/26,Liga 2,Bruno Ramos,Sporting CP B,21,CB,72.85,47.91,57.7,56.77,68.75,53.78,58.01,0,11,B,,
2025/26,Liga 2,Bruno Faria,Lusitania FC Lourosa,21,CB,61.13,40.44,61.27,75.78,50.78,59.11,59.96,0,14,B,,
2025/26,Liga 2,José Sampaio,Vizela,21,CB,77.15,29.24,46.43,32.03,33.98,75.78,46.29,0,24,C,,
2025/26,Liga 2,M. Diadié,Torreense,21,CB,37.7,41.8,44.08,66.15,43.16,49.61,73.44,0,30,C,,
2025/26,Liga 2,Afonso Silva,Felgueiras 1932,22,CB,55.86,49.29,58.37,44.53,39.06,62.5,48.63,0,25,C,,
2025/26,Liga 2,Matheus Dario,Felgueiras 1932,22,CB,49.22,64.66,63.62,65.62,38.67,45.18,49.22,0,32,C,,
2025/26,Liga 2,Jarleysom,Portimonense,22,CB,51.76,49.29,45.76,20.57,14.06,52.21,42.97,0,54,D,,
2025/26,Liga 2,Gabriel Brás,Porto B,22,CB,64.26,49.51,47.54,36.98,65.62,51.04,49.02,0,27,C,,
2025/26,Liga 2,L. Henriques,Leixões,22,CB,30.08,60.71,47.99,63.54,46.09,44.4,38.67,0,45,C,,
2025/26,Liga 2,Rômulo,Sporting CP B,22,CB,40.43,29.24,33.71,27.6,45.7,35.94,32.23,0,57,E,,
2025/26,Liga 2,Kauan Ferreira,Paços de Ferreira,23,CB,23.83,29.24,20.87,19.79,15.62,26.82,39.65,0,62,F,,
2025/26,Liga 2,Mateus Sarará,Portimonense,23,CB,83.4,47.47,55.25,36.2,45.12,71.61,54.1,0,12,B,,
2025/26,Liga 2,Víctor Rofino,União de Leiria,23,CB,68.75,80.39,65.96,58.07,83.2,54.56,56.64,0,6,A,,
2025/26,Liga 2,Emanuel Fernandes,Feirense,23,CB,84.96,29.24,67.52,65.89,59.96,33.46,48.83,0,31,C,,
2025/26,Liga 2,Felipe Silva,Porto B,24,CB,28.12,54.04,18.19,20.31,69.53,47.4,37.11,0,50,D,,
2025/26,Liga 2,Bruno Rodrigues,Chaves,24,CB,47.85,69.56,39.96,26.56,55.86,52.21,48.05,0,37,C,,
2025/26,Liga 2,José Pedro,União de Leiria,24,CB,79.49,39.19,50.67,39.58,43.36,52.73,61.13,0,26,C,,
2025/26,Liga 2,N. Madsen,Marítimo,24,CB,54.3,34.14,36.05,27.86,42.97,72.4,46.09,0,34,C,,
2025/26,Liga 2,N. Michelis,Académico de Viseu F.C.,25,CB,51.37,54.55,34.71,32.81,67.58,65.36,69.14,0,17,B,,
2025/26,Liga 2,Tiago Simões,Chaves,25,CB,83.59,29.24,64.73,65.1,67.77,27.47,40.82,0,40,C,,
2025/26,Liga 2,Cláudio Silva,Penafiel,25,CB,70.9,64.66,79.8,83.85,76.95,58.46,91.99,0,1,S,,
2025/26,Liga 2,João Pinto,Felgueiras 1932,25,CB,24.22,61.27,27.34,23.18,31.25,44.92,19.73,0,58,E,,
2025/26,Liga 2,Jota Gonçalves,Vizela,25,CB,60.16,55.45,72.21,79.95,75.2,44.66,49.61,0,10,B,,
2025/26,Liga 2,S. Bengui,Portimonense,26,CB,82.42,44.25,70.31,67.71,51.56,50.13,60.55,0,13,B,,
2025/26,Liga 2,D. Collard,Lusitania FC Lourosa,26,CB,95.9,29.24,70.65,59.64,70.12,71.22,74.8,0,2,S,,
2025/26,Liga 2,A. Correia,Académico de Viseu F.C.,26,CB,58.98,45.34,55.02,65.1,53.91,22.66,42.19,0,48,D,,
2025/26,Liga 2,Romain Correia,Marítimo,26,CB,68.95,54.19,61.16,55.47,55.08,29.95,42.97,0,42,C,,
2025/26,Liga 2,Alexandre Abel,Portimonense,27,CB,73.05,53,66.18,61.98,44.92,82.29,64.84,0,4,A,,
2025/26,Liga 2,A. Hristov,Vizela,27,CB,33.98,40.44,44.53,50.26,41.02,31.38,63.28,0,51,D,,
2025/26,Liga 2,Antonio Leal,Feirense,27,CB,47.46,68.83,43.86,32.55,38.28,34.24,44.34,0,52,D,,
2025/26,Liga 2,Frederico Namora,UD Oliveirense,28,CB,17.58,66.7,39.06,59.38,74.02,51.56,48.63,0,28,C,,
2025/26,Liga 2,Genaro Rodríguez,União de Leiria,28,CB,26.95,49.29,53.91,72.66,82.03,56.51,55.47,0,16,B,,
2025/26,Liga 2,Rafael Santos,Leixões,28,CB,14.45,29.24,14.84,18.23,27.93,61.59,22.27,0,59,E,,
2025/26,Liga 2,Silvério,Lusitania FC Lourosa,30,CB,60.35,68.57,47.1,24.74,37.11,34.51,34.57,0,53,D,,
2025/26,Liga 2,Pedro Barcelos,Académico de Viseu F.C.,30,CB,32.03,40.44,45.42,54.95,71.29,46.22,43.16,0,41,C,,
2025/26,Liga 2,J. Rhyner,Vizela,30,CB,19.14,29.24,32.03,52.08,74.41,52.86,63.67,0,36,C,,
2025/26,Liga 2,Jaime Sánchez,Penafiel,31,CB,29.88,51.61,27.79,16.67,47.85,31.38,14.84,0,60,E,,
2025/26,Liga 2,Matheus Costa,Leixões,31,CB,23.83,40.44,50.22,77.08,53.12,35.55,82.81,0,35,C,,
2025/26,Liga 2,F. Romero,Farense,31,CB,67.58,49.29,65.4,59.64,84.77,52.47,60.74,0,8,A,,
2025/26,Liga 2,João Miguel,Penafiel,32,CB,47.66,39.19,32.48,15.1,26.95,49.87,29.3,0,56,E,,
2025/26,Liga 2,Z. Muscat,Chaves,32,CB,25.39,77.97,49.11,58.85,49.22,70.05,51.17,0,18,B,,
2025/26,Liga 2,Tiago Ferreira,Paços de Ferreira,32,CB,25.39,40.44,50.33,75.26,33.59,48.18,71.29,0,39,C,,
2025/26,Liga 2,Josué Sá,Lusitania FC Lourosa,33,CB,49.22,64.65,52.01,59.64,56.25,31.25,60.74,0,38,C,,
2025/26,Liga 2,Carraça,Chaves,33,CB,34.77,97.12,71.21,95.31,67.58,24.87,61.72,0,19,B,,
2025/26,Liga 2,Rafael Vieira,Paços de Ferreira,33,CB,46.09,70.07,56.92,54.17,43.95,59.9,41.41,0,23,C,,
2025/26,Liga 2,Ricardo Alves,Chaves,35,CB,37.3,40.44,53.12,65.89,50,38.02,55.86,0,44,C,,0
2025/26,Liga 2,Douglas Grolli,Portimonense,36,CB,59.38,75.41,46.32,20.57,31.25,63.67,23.83,0,43,C,,
2025/26,Liga 2,Marcelo,União de Leiria,36,CB,77.15,53.2,55.8,27.34,48.05,70.57,31.25,0,22,B,,
2025/26,Liga 2,Bura,UD Oliveirense,37,CB,67.97,53.36,56.03,46.88,62.5,78.65,71.29,0,5,A,,
2025/26,Liga 2,Naldo,Leixões,37,CB,43.16,29.24,30.8,17.19,32.81,72.14,28.12,0,49,D,,
2025/26,Liga 2,Stopira,Torreense,38,CB,77.73,48.47,71.32,66.41,43.75,64.84,63.09,0,7,A,,
2025/26,Liga 2,Luís Rocha,Vizela,39,CB,79.88,29.24,58.15,42.71,47.27,51.17,57.81,0,29,C,,
2025/26,Liga 2,Rúben Fernandes,Farense,40,CB,49.41,55.8,56.14,56.77,43.55,61.33,57.62,0,20,B,,0
2025/26,Liga 2,Salvador Blopa,Sporting CP B,18,FB & WB,91.38,44.92,72.04,56.9,58.41,58.76,64.01,0,8,A,,
2025/26,Liga 2,José Neto,Benfica B,18,FB & WB,81.68,25.38,53.33,32.18,55.39,59.05,57.76,0,28,C,,
2025/26,Liga 2,Daniel Banjaqui,Benfica B,18,FB & WB,50,46.36,45.2,36.21,49.14,24.14,49.57,0,46,D,,
2025/26,Liga 2,Kaio Henrique,Porto B,20,FB & WB,13.36,27.72,13.05,12.93,57.11,31.47,29.53,0,58,F,,
2025/26,Liga 2,José Silva,Sporting CP B,20,FB & WB,90.3,60.44,79.93,79.02,47.84,40.66,77.59,0,6,A,,
2025/26,Liga 2,Gu Costa,Académico de Viseu F.C.,20,FB & WB,54.53,65.96,61.95,66.09,58.62,67.67,64.66,0,7,A,,
2025/26,Liga 2,Rodrigo Dias,Sporting CP B,20,FB & WB,32.76,60.48,45.2,54.6,74.35,60.2,60.78,0,17,B,,
2025/26,Liga 2,Serif Nhaga,Leixões,20,FB & WB,73.06,92.44,81.16,89.94,60.78,46.26,66.81,0,3,S,,
2025/26,Liga 2,Xavi Grande,Marítimo,21,FB & WB,13.79,73.71,35.71,45.98,59.91,66.81,46.98,0,32,C,,
2025/26,Liga 2,Rodrigo Rêgo,Benfica B,21,FB & WB,82.76,77.81,92.12,93.39,75,43.82,59.91,0,1,S,,
2025/26,Liga 2,Luís Gomes,Porto B,21,FB & WB,34.05,52.39,27.09,24.71,54.09,62.07,42.24,0,43,D,,
2025/26,Liga 2,Edney,Portimonense,21,FB & WB,40.95,76.97,42.49,27.59,35.99,42.53,28.45,0,49,D,,
2025/26,Liga 2,Dinis Rodrigues,Porto B,21,FB & WB,31.25,78.01,35.59,33.91,42.46,55.89,57.11,0,36,C,,
2025/26,Liga 2,David Kusso,Chaves,22,FB & WB,93.75,70.21,83.87,71.84,33.84,28.3,53.02,0,14,B,,
2025/26,Liga 2,David Moreira,Sporting CP B,22,FB & WB,19.83,16.47,14.66,14.08,78.66,57.33,39.87,0,55,E,,
2025/26,Liga 2,Miguel Mota,Paços de Ferreira,22,FB & WB,80.82,69.71,61.08,51.44,50.86,52.87,52.16,0,15,B,,
2025/26,Liga 2,Tiago Parente,Felgueiras 1932,22,FB & WB,30.17,57.25,50.62,57.47,65.09,37.64,31.9,0,37,C,,
2025/26,Liga 2,S. Anzai,Penafiel,23,FB & WB,69.61,20.49,40.39,20.98,41.16,46.26,54.53,0,45,D,,
2025/26,Liga 2,Leandro Dias,Paços de Ferreira,23,FB & WB,29.74,43.84,46.06,61.21,42.24,34.48,54.53,0,38,D,,
2025/26,Liga 2,Gonçalo Negrão,Penafiel,23,FB & WB,58.62,22.51,50.86,52.01,37.72,31.75,37.93,0,47,D,,
2025/26,Liga 2,Italo,Vizela,23,FB & WB,63.36,48.66,72.04,88.79,28.66,81.18,86.64,0,4,S,,
2025/26,Liga 2,André Lopes,Feirense,24,FB & WB,28.88,17.62,28.94,34.2,61.42,51.29,38.15,0,52,D,,
2025/26,Liga 2,B. Godwin,Vizela,24,FB & WB,23.71,43.24,44.46,72.41,58.19,47.84,78.66,0,21,C,,
2025/26,Liga 2,Tiago Almeida,Chaves,24,FB & WB,64.22,62.74,47.04,21.55,52.8,37.64,39.01,0,41,D,,
2025/26,Liga 2,Douglas Borel,UD Oliveirense,24,FB & WB,62.28,19.06,42,34.2,46.34,56.32,43.75,0,40,D,,
2025/26,Liga 2,Anilson,Paços de Ferreira,24,FB & WB,62.72,50.81,47.91,41.95,56.68,64.8,38.79,0,29,C,,
2025/26,Liga 2,Jójó,Vizela,25,FB & WB,22.84,55.93,42.61,66.38,56.68,47.56,70.47,0,26,C,,
2025/26,Liga 2,Toni Herrero,Farense,25,FB & WB,35.56,66.9,45.2,52.59,54.09,52.01,55.17,0,31,C,,
2025/26,Liga 2,Eirô,Felgueiras 1932,25,FB & WB,42.24,41.9,53.82,66.67,65.95,68.39,61.64,0,12,B,,
2025/26,Liga 2,Javi Vázquez,Torreense,25,FB & WB,75.43,86.01,64.29,40.8,73.28,37.36,41.81,0,16,B,,
2025/26,Liga 2,Pedro Rosas,Felgueiras 1932,25,FB & WB,92.67,37.16,73.4,65.23,54.96,57.33,50.22,0,9,B,,
2025/26,Liga 2,Heitor,Portimonense,25,FB & WB,37.07,61.72,53.82,52.3,64.66,58.91,50.22,0,20,B,,
2025/26,Liga 2,Luiz Gustavo,Feirense,26,FB & WB,26.72,37.91,29.31,37.93,18.32,53.45,59.05,0,53,D,,
2025/26,Liga 2,Aarón Romero,Chaves,26,FB & WB,70.04,60.59,76.23,83.33,63.36,63.51,84.48,0,2,S,,
2025/26,Liga 2,Marc Baró,União de Leiria,26,FB & WB,25,60.77,58.37,92.53,60.99,48.85,71.98,0,10,B,,
2025/26,Liga 2,N. Thio,Vizela,26,FB & WB,78.66,50.52,77.71,85.06,25.22,16.24,60.34,0,23,C,,
2025/26,Liga 2,Miguel Tavares,Vizela,27,FB & WB,83.19,71.07,90.39,82.18,53.23,10.34,56.03,0,11,B,,
2025/26,Liga 2,Alex Pinto,Farense,27,FB & WB,21.12,52.1,33.99,37.36,39.22,46.84,50.65,0,48,D,,
2025/26,Liga 2,H. Sylla,União de Leiria,27,FB & WB,43.97,36.59,64.53,78.16,54.09,30.03,60.78,0,27,C,,
2025/26,Liga 2,Francisco Ferreira,Penafiel,27,FB & WB,17.67,49.1,35.59,45.69,31.9,57.04,52.37,0,44,D,,
2025/26,Liga 2,Zé Ricardo,Feirense,27,FB & WB,46.12,57.32,53.82,57.76,23.92,58.19,36.85,0,34,C,,
2025/26,Liga 2,Armando Lopes,UD Oliveirense,27,FB & WB,90.73,46.01,75.25,72.99,52.37,67.96,57.76,0,5,A,,
2025/26,Liga 2,Miguel Maga,União de Leiria,27,FB & WB,65.73,59.86,55.42,53.74,49.35,55.75,58.41,0,18,B,,
2025/26,Liga 2,Simão,Penafiel,27,FB & WB,50.65,37.74,38.05,42.24,64.87,53.74,42.03,0,35,C,,
2025/26,Liga 2,André Sousa,Paços de Ferreira,28,FB & WB,53.45,17.62,26.35,14.66,32.97,72.13,47.2,0,51,D,,
2025/26,Liga 2,Robinho,Académico de Viseu F.C.,28,FB & WB,23.28,51.45,31.4,35.63,84.91,77.01,48.71,0,25,C,,
2025/26,Liga 2,Danny,Lusitania FC Lourosa,28,FB & WB,13.79,20.49,32.88,60.63,12.28,74.43,64.87,0,42,D,,
2025/26,Liga 2,Bruno Pereira,Penafiel,28,FB & WB,77.16,64.75,55.3,26.15,36.21,43.39,27.37,0,39,D,,
2025/26,Liga 2,João Silva,União de Leiria,28,FB & WB,68.32,29.4,56.28,48.28,65.09,43.53,36.21,0,33,C,,
2025/26,Liga 2,Paulo Henrique,Marítimo,29,FB & WB,56.68,48.65,48.52,43.68,54.96,66.38,51.72,0,22,C,,
2025/26,Liga 2,Simãozinho,Leixões,30,FB & WB,47.41,45.25,56.53,58.33,61.42,70.4,59.27,0,13,B,,
2025/26,Liga 2,Igor Julião,Marítimo,31,FB & WB,22.63,31.47,36.7,57.76,42.03,75.43,72.2,0,30,C,,
2025/26,Liga 2,Derick Poloni,Farense,32,FB & WB,75,79.34,72.04,61.21,28.45,33.48,44.18,0,24,C,,
2025/26,Liga 2,Luís Rocha,Lusitania FC Lourosa,32,FB & WB,48.28,29.4,30.3,20.69,23.28,73.28,32.11,0,54,E,,
2025/26,Liga 2,João Reis,Portimonense,33,FB & WB,79.96,57.98,61.21,46.84,72.2,51.72,30.82,0,19,B,,
2025/26,Liga 2,Tiago Cerveira,Lusitania FC Lourosa,33,FB & WB,21.77,76.87,27.83,13.79,31.68,37.79,12.07,0,57,F,,
2025/26,Liga 2,Paulinho,Leixões,34,FB & WB,32.11,51.3,48.03,50.29,52.59,24.14,27.59,0,50,D,,
2025/26,Liga 2,David Bruno,Torreense,34,FB & WB,27.16,51.65,30.05,23.56,62.72,36.35,21.12,0,56,E,,
2025/26,Liga 2,Miguel Figueiredo,Benfica B,17,MF,74.17,42.38,63.57,63.89,74.38,59.03,41.04,0,12,B,,
2025/26,Liga 2,Eduardo Felicissimo,Sporting CP B,19,MF,21.25,43.13,22.38,20.56,67.29,52.36,38.75,0,47,E,,
2025/26,Liga 2,Gabriel Costa,Feirense,19,MF,67.08,28.91,30.36,9.17,10,55.56,31.04,0,59,F,,
2025/26,Liga 2,M. Ondoa,UD Oliveirense,20,MF,83.54,40.52,77.86,85.28,15,30.28,74.79,0,28,C,,
2025/26,Liga 2,Amadu Baldé,Leixões,20,MF,17.5,46.08,13.81,13.89,57.29,52.22,26.04,0,58,E,,
2025/26,Liga 2,João Teixeira,Porto B,20,MF,70.21,61.19,76.55,87.78,28.96,41.67,66.67,0,19,B,,
2025/26,Liga 2,S. Popoola,Feirense,20,MF,21.46,31.1,32.74,40.28,37.92,66.81,58.33,0,43,D,,
2025/26,Liga 2,João Cruz,Benfica B,20,MF,29.38,35.83,50.48,66.39,47.08,34.17,42.29,0,38,D,,
2025/26,Liga 2,Kauê Rodrigues,Porto B,21,MF,45.42,64.01,47.74,50.56,20.62,44.86,29.17,0,45,D,,
2025/26,Liga 2,Rayan Lucas,Sporting CP B,21,MF,24.58,58.88,35.36,33.61,94.17,56.11,48.54,0,27,C,,
2025/26,Liga 2,Arnau Casas,Torreense,22,MF,56.67,43.2,30.48,10,38.96,54.31,39.38,0,54,E,,
2025/26,Liga 2,Samuel Justo,Sporting CP B,22,MF,83.75,61.83,65.12,39.17,70.21,41.53,33.96,0,21,B,,
2025/26,Liga 2,Miguel Teixeira,Lusitania FC Lourosa,22,MF,41.25,59.01,72.38,94.44,32.71,48.75,86.25,0,17,B,,
2025/26,Liga 2,Léo Azevedo,Torreense,22,MF,83.75,43.74,60,47.78,59.38,87.92,63.13,0,5,A,,
2025/26,Liga 2,Diogo Prioste,Benfica B,22,MF,56.88,82.62,57.26,51.11,77.71,55.69,58.33,0,10,A,,
2025/26,Liga 2,Tiago Brito,UD Oliveirense,22,MF,48.75,35.83,64.76,73.89,76.67,77.92,90.42,0,2,S,,
2025/26,Liga 2,Marco Cruz,Marítimo,22,MF,32.5,41.66,46.31,46.67,38.75,53.89,37.92,0,40,D,,
2025/26,Liga 2,André Simões,Torreense,22,MF,37.5,60.55,60.12,78.06,58.13,54.72,82.71,0,13,B,,
2025/26,Liga 2,Cláudio Araújo,Leixões,23,MF,65,65.61,69.29,69.44,61.25,49.72,43.33,0,15,B,,300000
2025/26,Liga 2,Miguel Menino,Farense,23,MF,65.42,58.05,79.88,85.83,42.92,42.36,61.25,0,16,B,,
2025/26,Liga 2,A. Alfaro,Torreense,23,MF,47.5,54.16,53.1,44.44,40.83,27.08,25.62,0,46,E,,
2025/26,Liga 2,Dani Borges,União de Leiria,23,MF,96.67,63.49,63.81,36.39,58.33,70.97,62.29,0,7,A,,
2025/26,Liga 2,Domingos Andrade,Porto B,23,MF,33.13,30.68,34.29,53.89,51.88,90.28,72.92,0,22,C,,
2025/26,Liga 2,Miguel Pires,União de Leiria,24,MF,16.04,41.1,28.69,38.06,50,43.06,50.21,0,50,E,,
2025/26,Liga 2,Guilherme Liberato,Torreense,24,MF,22.5,42.46,36.43,47.5,56.04,56.53,60.21,0,35,C,,
2025/26,Liga 2,Vasco Moreira,Felgueiras 1932,24,MF,80.42,78.71,82.74,75,47.5,25.42,55.42,0,18,B,,
2025/26,Liga 2,Samuel Lobato,Portimonense,24,MF,73.75,54.5,80.83,84.17,27.92,61.94,85.42,0,6,A,,
2025/26,Liga 2,Ktatau,Chaves,24,MF,29.58,43.28,57.86,80.83,61.46,37.5,63.75,0,26,C,,
2025/26,Liga 2,D. Doumbia,Feirense,24,MF,28.96,30.68,24.64,20,20.83,50.97,36.46,0,60,F,,
2025/26,Liga 2,Mamede,Portimonense,24,MF,67.08,65.2,72.38,70.83,45.62,29.03,46.88,0,25,C,,
2025/26,Liga 2,Michel Costa,Felgueiras 1932,24,MF,45.42,84.61,75.95,93.33,32.08,9.44,47.92,0,30,C,,
2025/26,Liga 2,Nuno Cunha,Paços de Ferreira,25,MF,59.79,77.3,62.14,65.28,70.83,64.86,70.21,0,4,A,,
2025/26,Liga 2,S. Messeguem,Académico de Viseu F.C.,25,MF,50.42,90.39,64.4,64.44,49.79,66.39,53.33,0,11,A,,
2025/26,Liga 2,Assane Ndiaye,Farense,26,MF,27.71,38.33,42.5,47.5,26.67,61.39,58.12,0,41,D,,
2025/26,Liga 2,Xavier,Portimonense,26,MF,58.54,18.6,34.29,23.89,16.04,68.47,59.79,0,51,E,,
2025/26,Liga 2,Gabi Pereira,Felgueiras 1932,26,MF,46.88,59.18,59.05,71.39,63.75,52.36,71.04,0,14,B,,
2025/26,Liga 2,Pedro Pinho,Chaves,26,MF,64.38,44.01,61.31,64.17,87.92,70.42,63.96,0,3,A,,
2025/26,Liga 2,V. Danilović,Marítimo,26,MF,24.58,29.28,25.6,39.17,78.96,65.28,62.92,0,32,C,,
2025/26,Liga 2,Moha Moukhliss,Vizela,26,MF,40.62,87.67,45.83,54.17,82.71,28.61,43.96,0,23,C,,
2025/26,Liga 2,W. Cagro,Portimonense,27,MF,70.21,37.06,47.02,35.83,47.5,17.5,26.88,0,53,E,,
2025/26,Liga 2,A. Bastunov,Vizela,27,MF,68.12,50.51,64.76,76.11,45,20.14,52.92,0,31,C,,
2025/26,Liga 2,I. Guirassy,Marítimo,27,MF,63.75,49.23,34.76,23.33,45.42,72.78,63.33,0,33,C,,
2025/26,Liga 2,Sabino,UD Oliveirense,27,MF,51.67,22.49,34.29,20,55.83,77.5,38.96,0,37,D,,
2025/26,Liga 2,A. Busnić,Vizela,28,MF,40.21,22.49,30.24,31.11,38.33,72.5,53.75,0,42,D,,
2025/26,Liga 2,Henrique Martins,Felgueiras 1932,28,MF,32.29,28.45,18.93,12.5,54.79,74.86,33.96,0,49,E,,
2025/26,Liga 2,Tokinho,Lusitania FC Lourosa,29,MF,28.54,22.49,30.36,46.94,54.58,56.25,49.79,0,39,D,,
2025/26,Liga 2,I. Alhassan,Lusitania FC Lourosa,29,MF,47.5,18.6,31.43,15,30.63,68.61,24.79,0,56,E,,
2025/26,Liga 2,Reko,Penafiel,30,MF,71.88,45.6,57.5,45.83,20,27.92,37.71,0,48,E,,
2025/26,Liga 2,Yannick Semedo,Farense,30,MF,12.08,67.72,43.21,62.5,78.75,31.53,38.54,0,34,C,,
2025/26,Liga 2,Diogo Pereira,UD Oliveirense,30,MF,15.83,44.24,44.17,74.44,59.38,28.89,59.58,0,36,C,,
2025/26,Liga 2,Francisco Ramos,Paços de Ferreira,31,MF,31.04,45.55,32.5,26.94,31.87,50.42,22.29,0,57,E,,
2025/26,Liga 2,Cláudio Falcão,Farense,31,MF,81.25,22.49,53.45,38.61,61.88,70.14,67.92,0,20,B,,
2025/26,Liga 2,Raphael Guzzo,Marítimo,31,MF,75.42,86.4,70.95,56.11,81.67,40.69,33.33,0,8,A,,
2025/26,Liga 2,Fabinho,Lusitania FC Lourosa,31,MF,83.75,78.19,72.74,59.17,62.5,49.17,44.38,0,9,A,,
2025/26,Liga 2,Pedro Sá,Penafiel,32,MF,25,31.1,23.93,15,57.92,59.17,40,0,52,E,,
2025/26,Liga 2,J. Teixeira,Chaves,32,MF,70.42,64.16,86.9,90,59.79,60.69,80.42,0,1,S,,
2025/26,Liga 2,Landinho,Felgueiras 1932,33,MF,55.62,64.28,54.4,43.89,57.29,9.31,16.67,0,44,D,,
2025/26,Liga 2,Luís Silva,Académico de Viseu F.C.,33,MF,39.38,50.08,21.19,12.5,42.92,63.89,31.46,0,55,E,,
2025/26,Liga 2,Costinha,Torreense,33,MF,83.33,71.23,67.02,49.72,44.17,34.72,38.12,0,29,C,,0
2025/26,Liga 2,Arsénio,Lusitania FC Lourosa,36,MF,62.71,89.88,67.98,72.22,41.25,23.47,51.46,0,24,C,,
2025/26,Liga 2,Vladimir Silva,Paços de Ferreira,17,AM & W,31.38,37.64,32.65,38.1,55.87,50.51,42.09,0,41,D,,
2025/26,Liga 2,Flávio Gonçalves,Sporting CP B,18,AM & W,80.61,49.53,63.27,55.78,87.24,55.61,67.09,0,4,A,,
2025/26,Liga 2,André Miranda,Porto B,18,AM & W,54.85,55.79,43.15,50.68,29.85,67.35,55.36,0,26,C,,
2025/26,Liga 2,Paulo Cardoso,Sporting CP B,19,AM & W,57.91,43.42,69.53,91.16,28.83,53.57,71.43,0,11,A,,
2025/26,Liga 2,Gonçalo Sousa,Porto B,19,AM & W,56.89,59.74,55.54,64.63,52.3,25.68,43.88,0,21,C,,
2025/26,Liga 2,Danio Djassi,Portimonense,19,AM & W,40.82,37.26,50.58,61.56,58.67,37.07,67.09,0,27,C,,
2025/26,Liga 2,Álvaro Santos,Penafiel,20,AM & W,48.47,45.12,47.08,56.12,35.71,25,39.03,0,40,D,,
2025/26,Liga 2,Mauro Couto,Sporting CP B,20,AM & W,20.66,45.06,23.18,27.21,77.04,58.67,28.57,0,42,D,,
2025/26,Liga 2,Tiago Andrade,Porto B,20,AM & W,50.51,44.66,49.56,59.18,25.51,64.8,53.83,0,29,C,,
2025/26,Liga 2,Gonçalo Moreira,Benfica B,20,AM & W,56.89,46.48,43.59,32.31,83.16,46.09,50.77,0,24,C,,
2025/26,Liga 2,João Rêgo,Benfica B,20,AM & W,35.2,15.87,38.48,48.3,51.28,66.33,70.66,0,38,C,,
2025/26,Liga 2,Gui Meira,Feirense,21,AM & W,74.49,14.17,38.05,16.33,63.01,59.35,19.39,0,43,D,,
2025/26,Liga 2,Manuel Mendonça,Sporting CP B,21,AM & W,24.23,46.66,34.55,34.69,79.34,61.73,38.78,0,36,C,,
2025/26,Liga 2,David Costa,Paços de Ferreira,22,AM & W,57.65,36.96,40.38,32.31,73.72,76.53,47.19,0,22,C,,
2025/26,Liga 2,Werton,Leixões,22,AM & W,47.7,39.34,69.39,82.65,75.51,67.52,86.73,0,2,S,,
2025/26,Liga 2,Martín Tejón,Marítimo,22,AM & W,53.83,73.75,67.64,68.71,77.81,47.62,44.39,0,6,A,,
2025/26,Liga 2,Miguel Falé,Paços de Ferreira,22,AM & W,57.14,28.45,69.24,82.65,38.78,42.18,84.69,0,13,B,,
2025/26,Liga 2,Rodrigo Ramos,Vizela,22,AM & W,24.23,63.77,39.8,59.52,54.85,56.12,44.13,0,28,C,,
2025/26,Liga 2,Thauan Lara,Portimonense,22,AM & W,35.71,82.02,34.11,23.81,40.82,67.35,46.43,0,33,C,,
2025/26,Liga 2,D. Jean,Torreense,23,AM & W,73.21,69.15,79.88,78.91,52.04,27.38,66.33,0,5,A,,
2025/26,Liga 2,João Pinto,Paços de Ferreira,23,AM & W,16.84,35.6,25.8,21.77,60.97,66.84,52.55,0,44,D,,
2025/26,Liga 2,M. Lacava,Vizela,23,AM & W,38.52,93.52,68.22,85.37,22.19,38.27,78.32,0,10,A,,
2025/26,Liga 2,André Candeias,Farense,23,AM & W,57.4,14.17,33.97,10.88,35.97,78.4,34.95,0,46,E,,
2025/26,Liga 2,R. Esajas,Chaves,24,AM & W,55.36,71.53,65.89,64.63,23.47,37.59,62.24,0,16,B,,
2025/26,Liga 2,Manu Pozo,Torreense,24,AM & W,63.27,51.88,58.16,54.08,59.18,43.54,45.15,0,18,B,,
2025/26,Liga 2,Á. Zamora,Académico de Viseu F.C.,24,AM & W,83.16,55.83,64.29,44.56,51.28,34.35,31.12,0,20,C,,
2025/26,Liga 2,Reinaldo,Chaves,24,AM & W,66.84,56.83,70.99,71.77,41.84,24.49,64.03,0,14,B,,
2025/26,Liga 2,I. Seydi,Torreense,24,AM & W,80.1,25.39,58.16,54.76,30.61,53.57,67.6,0,23,C,,
2025/26,Liga 2,Ronaldo Lumungo,Paços de Ferreira,24,AM & W,57.65,47.61,71.43,91.84,12.5,55.44,77.04,0,12,A,,
2025/26,Liga 2,João Guilherme,Académico de Viseu F.C.,25,AM & W,84.69,58.68,62.68,45.58,14.8,68.37,53.06,0,17,B,,
2025/26,Liga 2,Costinha,Paços de Ferreira,25,AM & W,62.5,30.15,50.58,46.26,53.57,46.6,29.08,0,37,C,,
2025/26,Liga 2,Léo Teixeira,Felgueiras 1932,26,AM & W,36.73,41.04,61.52,78.57,63.27,85.2,71.68,0,7,A,,
2025/26,Liga 2,João Silva,UD Oliveirense,26,AM & W,54.59,44.44,52.62,50,46.94,57.99,33.16,0,30,C,,
2025/26,Liga 2,B. Simo,Marítimo,26,AM & W,79.08,85.39,63.41,42.18,75.26,62.93,48.98,0,3,S,,300000
2025/26,Liga 2,C. Kahraman,Académico de Viseu F.C.,27,AM & W,64.03,93.07,49.71,25.51,65.31,41.67,30.36,0,19,B,,
2025/26,Liga 2,João Oliveira,Feirense,27,AM & W,11.48,73.29,32.94,35.71,49.74,54.76,27.04,0,39,D,,
2025/26,Liga 2,J. Van Der Gaag,União de Leiria,27,AM & W,43.62,96.39,69.1,79.25,62.5,45.41,80.1,0,1,S,,
2025/26,Liga 2,Bruno Silva,UD Oliveirense,28,AM & W,45.41,33.21,42.42,54.76,42.6,43.71,77.81,0,35,C,,
2025/26,Liga 2,Tiago Dias,Lusitania FC Lourosa,28,AM & W,59.18,77.15,74.49,91.16,53.57,23.98,56.63,0,8,A,,0
2025/26,Liga 2,D. Loppy,Vizela,28,AM & W,28.06,70.45,47.67,62.93,53.83,53.74,69.39,0,15,B,,
2025/26,Liga 2,Jaiminho,Farense,28,AM & W,34.69,19.95,28.28,30.61,7.14,50.34,31.89,0,49,F,,
2025/26,Liga 2,Jair Matheus,União de Leiria,28,AM & W,50.26,55.59,60.5,62.24,56.89,70.41,73.47,0,9,A,,
2025/26,Liga 2,Bruno Almeida,Farense,29,AM & W,4.34,54.98,38.19,61.9,75.51,45.92,50.77,0,31,C,,
2025/26,Liga 2,Carlos Daniel,Marítimo,31,AM & W,85.71,50.55,42.42,7.14,26.02,47.28,17.35,0,45,E,,
2025/26,Liga 2,Davo,Penafiel,31,AM & W,76.28,48.74,60.93,46.94,65.05,21.43,31.38,0,25,C,,
2025/26,Liga 2,João Vasco,Lusitania FC Lourosa,31,AM & W,77.55,25.39,33.67,3.06,21.68,73.81,23.47,0,48,E,,
2025/26,Liga 2,Rúben Alves,Penafiel,31,AM & W,3.32,46.48,39.36,58.84,93.88,33.33,46.17,0,32,C,,
2025/26,Liga 2,Salvador Agra,Leixões,34,AM & W,45.15,69.9,42.86,38.1,46.17,46.94,38.27,0,34,C,,
2025/26,Liga 2,Marco Matias,Farense,36,AM & W,51.79,37.98,40.09,14.97,46.94,37.24,29.08,0,47,E,,
2025/26,Liga 2,T. Melnichenko,Porto B,19,CF,31.08,49.09,55.79,75.23,46.62,63.51,69.26,0,13,B,,380000
2025/26,Liga 2,Ivan Lima,Benfica B,21,CF,26.01,46.39,69.11,99.99,74.32,66.44,82.43,0,2,S,,
2025/26,Liga 2,Rafael Nel,Sporting CP B,21,CF,61.15,60.35,58.49,63.96,45.95,53.38,69.59,0,11,A,,
2025/26,Liga 2,J. Trevisan,Benfica B,21,CF,62.16,42.33,30.31,10.36,47.97,39.41,31.08,0,34,E,,
2025/26,Liga 2,Lucas Anjos,Sporting CP B,21,CF,44.26,25.67,42.47,64.41,53.72,63.29,31.42,0,26,C,,
2025/26,Liga 2,L. Vonić,Porto B,22,CF,48.31,22.51,37.07,45.05,63.85,42.57,45.61,0,28,D,,
2025/26,Liga 2,D. Michel,União de Leiria,22,CF,68.58,56.36,54.63,31.53,29.39,60.14,52.03,0,21,C,,
2025/26,Liga 2,José Bica,Leixões,22,CF,64.19,75.44,75.1,77.03,58.78,42.34,63.85,0,3,S,,300000
2025/26,Liga 2,Musa Drammeh,Torreense,24,CF,85.14,29.27,65.06,56.31,24.66,34.68,53.38,0,17,B,,
2025/26,Liga 2,Desmond Nketia,Feirense,24,CF,53.04,68.15,53.86,52.7,14.86,56.76,33.45,0,23,C,,
2025/26,Liga 2,Tiago Ribeiro,Feirense,24,CF,6.08,86.19,37.45,49.55,87.5,54.28,29.73,0,27,C,,
2025/26,Liga 2,Lucas Duarte,Felgueiras 1932,25,CF,72.3,29.72,53.67,46.4,42.23,69.14,64.53,0,14,B,,
2025/26,Liga 2,Raúl Alcaina,Penafiel,25,CF,30.74,33.77,57.34,81.98,23.99,43.02,65.54,0,22,C,,
2025/26,Liga 2,Tamble Monteiro,Portimonense,25,CF,86.49,49.09,64.86,45.95,37.84,56.31,56.08,0,12,A,,
2025/26,Liga 2,J. Sery,Penafiel,25,CF,69.26,66.66,53.86,32.88,48.65,50.45,40.88,0,20,C,,
2025/26,Liga 2,Manu Garrido,Vizela,25,CF,49.32,32.21,36.49,17.57,34.46,55.18,23.31,0,35,E,,
2025/26,Liga 2,Pedro Martelo,UD Oliveirense,26,CF,64.53,52.69,38.42,20.72,52.03,23.42,20.95,0,32,D,,
2025/26,Liga 2,B. Sangaré,Farense,26,CF,38.85,33.77,54.63,63.96,70.61,65.09,57.43,0,15,B,,
2025/26,Liga 2,João Victor,Paços de Ferreira,26,CF,38.51,38.17,32.82,41.89,42.23,51.13,41.89,0,29,D,,
2025/26,Liga 2,Mario Rivas,Felgueiras 1932,26,CF,71.62,68.51,66.02,61.71,51.01,87.16,73.31,0,1,S,,
2025/26,Liga 2,Y. Fortune,Vizela,27,CF,43.24,44.59,50.77,52.7,39.53,51.8,43.92,0,25,C,,
2025/26,Liga 2,Miguel Pereira,Lusitania FC Lourosa,27,CF,34.46,65.41,60.62,86.49,50.68,60.81,68.24,0,8,A,,
2025/26,Liga 2,Adrián Butzke,Marítimo,27,CF,82.77,69.36,72.01,44.59,61.49,54.05,70.61,0,4,S,,
2025/26,Liga 2,H. Mörschel,Vizela,28,CF,44.26,69.6,55.98,61.26,79.73,65.09,86.49,0,5,A,,
2025/26,Liga 2,M. Dauda,Portimonense,28,CF,29.05,49.09,53.47,67.12,34.46,86.04,57.09,0,16,B,,
2025/26,Liga 2,Ricardo Schutte,Penafiel,28,CF,8.45,19.36,37.07,75.68,58.78,27.03,62.16,0,30,D,,
2025/26,Liga 2,Leandro Antunes,Feirense,28,CF,46.62,69.86,54.63,58.11,64.19,76.58,63.18,0,9,A,,
2025/26,Liga 2,Andre Clóvis,Académico de Viseu F.C.,28,CF,93.58,53.36,61.39,32.88,35.47,31.76,42.91,0,19,C,,
2025/26,Liga 2,Pablo Fernández,União de Leiria,29,CF,33.11,75.66,50.77,65.32,76.69,65.54,67.23,0,10,A,,
2025/26,Liga 2,K. Zohi,Torreense,29,CF,59.8,69.98,54.25,30.63,75.34,27.93,28.38,0,24,C,,
2025/26,Liga 2,Rui Costa,Farense,30,CF,50,53.75,55.98,55.86,70.61,40.54,50,0,18,B,,
2025/26,Liga 2,Juan Muñoz,União de Leiria,30,CF,46.28,89.24,60.23,65.32,83.78,46.85,59.12,0,7,A,,
2025/26,Liga 2,B. Róchez,Leixões,31,CF,81.76,57.65,60.81,40.09,56.42,75.45,69.26,0,6,A,,
2025/26,Liga 2,Welinton Júnior,Portimonense,32,CF,18.58,20.26,29.73,51.35,31.76,8.56,35.14,0,37,F,,
2025/26,Liga 2,Ricardo Valente,Leixões,35,CF,46.28,52.24,38.22,33.78,39.86,29.05,30.74,0,33,D,,
2025/26,Liga 2,João Silva,Lusitania FC Lourosa,36,CF,42.57,41.03,32.24,24.32,43.58,29.28,29.05,0,36,E,,
2025/26,Liga 2,Roberto,Chaves,37,CF,67.57,33.21,34.36,15.32,46.96,45.95,30.74,0,31,D,,0
2025/26,Liga 2,Diogo Ferreira,Benfica B,19,GK,0,0,0,0,0,0,0,45.83,14,D,,
2025/26,Liga 2,Gonçalo Ribeiro,Porto B,20,GK,0,0,0,0,0,0,0,39.24,19,E,,
2025/26,Liga 2,Diego Callai,Sporting CP B,21,GK,0,0,0,0,0,0,0,55.56,9,C,,
2025/26,Liga 2,Antonio Gomís,Vizela,22,GK,0,0,0,0,0,0,0,61.46,7,B,,
2025/26,Liga 2,Rafa,Paços de Ferreira,22,GK,0,0,0,0,0,0,0,56.94,8,C,,
2025/26,Liga 2,M. Gudžulić,Chaves,23,GK,0,0,0,0,0,0,0,50.69,10,D,,
2025/26,Liga 2,D. Gril,Académico de Viseu F.C.,24,GK,0,0,0,0,0,0,0,76.39,2,S,,
2025/26,Liga 2,Vitor Hugo,Lusitania FC Lourosa,24,GK,0,0,0,0,0,0,0,43.75,17,E,,
2025/26,Liga 2,Francisco Meixedo,Feirense,25,GK,0,0,0,0,0,0,0,34.03,23,F,,
2025/26,Liga 2,Miguel Ángel Morro,Leixões,25,GK,0,0,0,0,0,0,0,34.03,24,F,,
2025/26,Liga 2,Diego Altube,Feirense,26,GK,0,0,0,0,0,0,0,48.96,11,D,,
2025/26,Liga 2,Felipe Scheibig,Felgueiras 1932,26,GK,0,0,0,0,0,0,0,45.14,15,D,,
2025/26,Liga 2,Brian Araújo,Farense,26,GK,0,0,0,0,0,0,0,70.83,3,A,,
2025/26,Liga 2,Samú Silva,Marítimo,27,GK,0,0,0,0,0,0,0,68.75,4,A,,
2025/26,Liga 2,M. Cleiton,Portimonense,27,GK,0,0,0,0,0,0,0,41.32,18,E,,
2025/26,Liga 2,João Bravim,União de Leiria,28,GK,0,0,0,0,0,0,0,38.89,20,E,,
2025/26,Liga 2,Lucas Paes,Torreense,28,GK,0,0,0,0,0,0,0,77.08,1,S,,
2025/26,Liga 2,S. Cibois,Portimonense,28,GK,0,0,0,0,0,0,0,47.92,12,D,,
2025/26,Liga 2,Joan Femenías,Penafiel,29,GK,0,0,0,0,0,0,0,64.93,6,B,,
2025/26,Liga 2,Mateus Pasinato,Felgueiras 1932,33,GK,0,0,0,0,0,0,0,65.97,5,B,,
2025/26,Liga 2,Ricardo Ribeiro,UD Oliveirense,36,GK,0,0,0,0,0,0,0,44.44,16,E,,
2025/26,Liga 2,I. Stefanović,Leixões,38,GK,0,0,0,0,0,0,0,47.57,13,D,,
2025/26,Liga 2,Vózinha,Chaves,39,GK,0,0,0,0,0,0,0,36.81,21,F,,
2025/26,Liga 2,Marafona,Paços de Ferreira,39,GK,0,0,0,0,0,0,0,36.81,22,F,,
2025/26,Liga 3,Afonso Sousa,SC Braga B,19,CB,14.72,32.96,36.98,66.94,59.07,67.61,73.59,0,20,B,,
2025/26,Liga 3,Miguel Vila Cova,Varzim,19,CB,82.66,63.94,65.21,43.82,27.22,73.66,58.47,0,8,A,,
2025/26,Liga 3,Kauê Alves,Mafra,20,CB,34.07,62.81,61.87,87.37,48.79,52.42,76.01,0,11,A,,
2025/26,Liga 3,André Oliveira,Vitória SC B,20,CB,76.21,32.96,67.86,70.43,47.58,44.09,85.89,0,14,B,,
2025/26,Liga 3,Rika,Vitória SC B,20,CB,40.93,44.79,50.92,52.69,46.77,56.72,53.63,0,32,C,,
2025/26,Liga 3,Nuno Matos,SC Braga B,21,CB,16.33,57.76,36.41,51.61,73.79,36.83,40.73,0,47,C,,
2025/26,Liga 3,Moussa Camara,Mafra,21,CB,69.96,47.01,47.7,26.61,56.45,51.61,53.23,0,31,C,,
2025/26,Liga 3,Fodé Pascoal,SC Braga B,21,CB,49.8,44.79,45.74,53.76,58.47,63.44,52.82,0,23,B,,
2025/26,Liga 3,Afonso Pinto,CF Os Belenenses,22,CB,95.56,32.96,59.22,32.53,33.27,68.01,52.62,0,21,B,,
2025/26,Liga 3,Alcobia,Vitória SC B,22,CB,70.97,52.17,43.78,16.67,71.98,65.86,40.93,0,24,B,,
2025/26,Liga 3,Rui Carreira,Caldas,22,CB,34.07,50.97,50.35,54.3,53.23,45.43,45.77,0,40,C,,
2025/26,Liga 3,Samuel Vivas,Amarante,22,CB,50.4,56.22,41.82,48.92,45.77,60.48,43.75,0,29,C,,
2025/26,Liga 3,Gonçalo Cunha,Trofense,23,CB,47.58,70.6,56.91,69.09,44.96,35.35,58.27,0,34,C,,
2025/26,Liga 3,Duarte Maneta,Caldas,23,CB,58.27,32.96,58.64,71.77,43.95,53.9,76.41,0,16,B,,
2025/26,Liga 3,Duarte Henriques,Atlético CP,23,CB,64.31,32.96,69.82,87.1,75.4,51.61,64.52,0,7,A,,
2025/26,Liga 3,F. Mendes,Amarante,23,CB,33.27,40.89,32.03,30.65,12.5,52.55,57.46,0,57,D,,
2025/26,Liga 3,David Vinhas,União Santarém,23,CB,14.72,63.13,25.12,39.25,19.56,59.41,52.82,0,51,D,,
2025/26,Liga 3,Rui Pacheco,Paredes,23,CB,49.8,38.91,34.56,14.52,55.65,40.59,46.37,0,55,D,,
2025/26,Liga 3,Edu Borges,1º Dezembro,23,CB,26.41,32.96,33.41,43.01,60.48,68.01,43.95,0,36,C,,
2025/26,Liga 3,Fernando Loureiro,Sanjoanense,23,CB,25,44.49,30.18,37.37,68.15,53.09,23.79,0,50,D,,
2025/26,Liga 3,Eduardo Monteiro,Caldas,23,CB,89.11,44.79,86.87,87.37,66.13,43.55,71.17,0,5,A,,
2025/26,Liga 3,Cesinha,CF Os Belenenses,24,CB,30.04,56.32,59.68,87.63,62.5,40.73,90.73,0,12,B,,
2025/26,Liga 3,Derick,Varzim,24,CB,84.88,55.81,72.12,55.38,41.53,80.24,64.92,0,3,S,,
2025/26,Liga 3,Rodrigo Rêgo,Varzim,24,CB,26.01,44.79,37.9,42.2,66.13,67.47,46.77,0,27,C,,
2025/26,Liga 3,Pedro Pereira,União Santarém,24,CB,63.91,60.52,45.85,25.54,32.66,43.82,29.23,0,53,D,,
2025/26,Liga 3,Ricardo Teixeira,Académica,24,CB,63.1,32.96,54.49,55.65,28.23,44.49,45.77,0,46,C,,
2025/26,Liga 3,Francisco Saldanha,Trofense,25,CB,19.35,71.94,62.1,96.51,61.49,40.73,65.52,0,17,B,,
2025/26,Liga 3,David Martins,AD Marco 09,25,CB,18.35,55.81,43.43,54.3,26.61,59.41,52.22,0,42,C,,
2025/26,Liga 3,Guilherme,Académica,25,CB,60.89,56.22,46.08,44.89,18.55,36.96,47.78,0,54,D,,
2025/26,Liga 3,Bruno Almeida,Atlético CP,25,CB,50.6,50.97,64.4,65.05,39.11,75.13,57.86,0,9,A,,
2025/26,Liga 3,Alisson Calegari,Sporting Covilhã,25,CB,31.25,72.62,50.35,64.25,60.48,44.22,60.89,0,25,B,,
2025/26,Liga 3,Diogo Gomes,Trofense,25,CB,68.75,44.79,61.75,51.88,45.97,83.6,70.36,0,4,S,,
2025/26,Liga 3,Matheus Brito,Paredes,25,CB,33.67,32.96,46.08,62.9,73.59,22.04,46.57,0,52,D,,
2025/26,Liga 3,Miguel Rodeia,União Santarém,25,CB,42.14,77.05,58.87,58.6,37.5,62.9,57.26,0,15,B,,
2025/26,Liga 3,Chicão,Varzim,25,CB,42.54,52.59,43.43,44.89,39.31,41.94,63.91,0,44,C,,
2025/26,Liga 3,Carlos Balsa,Sporting Covilhã,26,CB,83.67,32.96,61.87,48.12,54.84,83.74,82.46,0,2,S,,
2025/26,Liga 3,L. Mané,1º Dezembro,26,CB,20.16,32.96,32.95,50.27,40.73,55.24,49.8,0,49,D,,
2025/26,Liga 3,Caiser Gomes,1º Dezembro,26,CB,27.22,59.16,50.12,60.22,64.92,18.01,35.08,0,56,D,,
2025/26,Liga 3,João Serrão,São João Ver,26,CB,83.87,50.97,61.29,37.9,83.47,47.85,18.35,0,26,B,,
2025/26,Liga 3,Rodrigo Monteiro,Lusitano Évora 1911,26,CB,72.58,32.96,44.24,26.34,20.97,34.81,34.27,0,59,E,,
2025/26,Liga 3,Pedro Nuno,Varzim,26,CB,63.51,32.96,48.5,45.16,39.92,50,49.19,0,41,C,,
2025/26,Liga 3,João Filipe,Amarante,26,CB,86.69,46.67,45.39,14.52,32.86,36.02,26.21,0,58,D,,
2025/26,Liga 3,Fran González,Atlético CP,27,CB,26.21,32.96,19.7,11.29,39.92,30.38,22.18,0,62,F,,
2025/26,Liga 3,Rui Bruno,São João Ver,27,CB,23.79,67.34,49.08,60.22,72.58,48.39,70.16,0,18,B,,
2025/26,Liga 3,André Serra,Sanjoanense,27,CB,97.58,59.38,60.25,21.77,26.01,54.57,46.98,0,30,C,,
2025/26,Liga 3,Tiago Palancha,Lusitano Évora 1911,27,CB,69.56,32.96,36.41,12.1,61.29,13.71,21.37,0,61,E,,
2025/26,Liga 3,Zé Ricardo,Caldas,28,CB,85.89,54.34,75.92,71.77,24.6,36.69,53.02,0,28,C,,
2025/26,Liga 3,Leandro Teixeira,Fafe,28,CB,54.44,44.79,55.53,56.45,71.17,66.53,43.55,0,13,B,,
2025/26,Liga 3,Bruno Morais,São João Ver,28,CB,60.08,58.5,47.24,33.6,63.91,75.81,45.56,0,10,A,,
2025/26,Liga 3,João Batista,Fafe,28,CB,70.16,70.52,67.97,58.33,78.23,14.78,45.97,0,35,C,,
2025/26,Liga 3,Gonçalo Pimenta,Varzim,29,CB,37.5,61.99,59.79,77.96,31.05,49.19,50,0,33,C,,
2025/26,Liga 3,Nuno Tomás,CF Os Belenenses,30,CB,62.3,80.95,64.06,56.99,77.62,35.48,43.35,0,22,B,,
2025/26,Liga 3,Tiago Duque,Amora,31,CB,28.43,32.96,32.14,37.37,55.24,39.25,14.31,0,60,E,,
2025/26,Liga 3,Manuel Pedro,AD Marco 09,31,CB,29.23,75.02,49.42,53.76,68.35,39.25,35.69,0,37,C,,
2025/26,Liga 3,Cassiano,Lusitano Évora 1911,31,CB,84.07,52.72,56.8,25.81,39.92,40.46,35.89,0,45,C,,
2025/26,Liga 3,Dénis Duarte,Paredes,31,CB,60.69,42.51,55.88,63.17,80.24,64.25,64.52,0,6,A,,
2025/26,Liga 3,João Freitas,1º Dezembro,33,CB,76.41,90.46,80.76,71.24,82.26,59.81,46.37,0,1,S,,
2025/26,Liga 3,Hugo Basto,Trofense,33,CB,22.78,71.94,52.19,70.97,60.08,48.66,66.94,0,19,B,,
2025/26,Liga 3,Nuno Reis,União Santarém,35,CB,36.9,32.96,43.09,51.61,45.56,61.02,41.13,0,39,C,,
2025/26,Liga 3,Jaime Simões,União Santarém,36,CB,71.57,32.96,35.37,10.22,23.59,64.25,42.74,0,48,C,,
2025/26,Liga 3,Washington Santana,São João Ver,37,CB,20.77,49.09,36.29,57.26,50.2,49.19,54.03,0,43,C,,
2025/26,Liga 3,Miguel Lopes,Amora,39,CB,14.31,70.6,45.85,70.16,57.66,44.76,38.91,0,38,C,,0
2025/26,Liga 3,António Infante,1º Dezembro,21,FB & WB,91.42,88.25,77.31,56.86,49.26,57.84,44.61,0,5,A,,
2025/26,Liga 3,Jorge Bernardo,1º Dezembro,34,FB & WB,22.3,66.02,37.11,35.62,59.56,50.98,33.33,0,42,D,,
2025/26,Liga 3,Káká,Académica,33,FB & WB,61.76,53.5,37.39,14.71,18.87,72.39,44.85,0,44,D,,
2025/26,Liga 3,Edson Farias,Académica,34,FB & WB,52.7,53.82,56.72,66.34,44.12,66.18,66.67,0,12,B,,
2025/26,Liga 3,Bruno Sousa,AD Marco 09,29,FB & WB,25,69.29,48.46,57.52,75.25,27.94,42.16,0,30,C,,
2025/26,Liga 3,Nandinho,AD Marco 09,29,FB & WB,71.08,60.07,60.08,44.44,57.11,37.91,44.61,0,22,C,,
2025/26,Liga 3,Erivaldo,AD Marco 09,32,FB & WB,79.41,20.27,53.5,36.6,18.63,42.81,55.39,0,45,D,,
2025/26,Liga 3,Tiago Ventura,Amarante,23,FB & WB,98.53,45.4,62.04,30.39,33.09,50.65,34.07,0,31,C,,
2025/26,Liga 3,Obama Ribeiro,Amarante,23,FB & WB,30.39,65.4,39.08,40.2,47.55,42.65,57.35,0,38,D,,
2025/26,Liga 3,Rui Ferreira,Amarante,24,FB & WB,63.24,69.09,54.9,46.41,34.56,38.07,50.25,0,29,C,,
2025/26,Liga 3,Joaquim Marques,Amora,22,FB & WB,81.62,56.22,63.31,45.42,41.42,49.35,39.71,0,21,C,,
2025/26,Liga 3,Fábio Pala,Amora,33,FB & WB,54.9,20.27,37.82,38.24,56.62,71.41,59.56,0,24,C,,
2025/26,Liga 3,Vicente Durand,Atlético CP,22,FB & WB,71.57,39.82,67.93,78.1,43.38,56.21,70.34,0,6,A,,
2025/26,Liga 3,Miguel Barandas,Atlético CP,26,FB & WB,94.61,95.44,87.11,75.49,87.5,22.22,45.59,0,3,S,,
2025/26,Liga 3,Paulinho,Atlético CP,34,FB & WB,36.27,53.65,35.29,16.99,77.21,72.22,34.8,0,32,C,,
2025/26,Liga 3,Diogo Clemente,Caldas,30,FB & WB,18.63,77.04,34.31,33.01,91.67,61.93,26.23,0,27,C,,
2025/26,Liga 3,Nuno Januário,Caldas,30,FB & WB,79.66,41.18,58.68,51.31,46.57,25.33,42.16,0,36,C,,
2025/26,Liga 3,João Machado,CF Os Belenenses,21,FB & WB,82.35,28.76,57.84,45.75,41.67,30.72,40.2,0,40,D,,
2025/26,Liga 3,Evandro Barros,CF Os Belenenses,26,FB & WB,44.61,71.91,72.41,95.42,21.81,30.72,67.65,0,14,B,,
2025/26,Liga 3,Miguel Bandarra,CF Os Belenenses,30,FB & WB,27.94,72.6,48.18,58.17,75.49,79.41,50.98,0,7,A,,
2025/26,Liga 3,Diogo Castro,Fafe,29,FB & WB,71.57,53.27,79.83,74.51,80.88,35.29,64.71,0,4,A,,
2025/26,Liga 3,João Vigário,Fafe,30,FB & WB,53.43,80.03,76.89,84.97,82.11,44.44,77.94,0,2,S,,
2025/26,Liga 3,Euri Carvalho,Lusitano Évora 1911,22,FB & WB,28.43,35.02,41.18,61.11,43.87,48.69,79.66,0,26,C,,
2025/26,Liga 3,João Pinto,Lusitano Évora 1911,31,FB & WB,37.5,85.51,41.04,43.46,88.97,53.59,60.54,0,13,B,,
2025/26,Liga 3,Djé Beni,Mafra,21,FB & WB,20.59,70.6,45.1,60.78,57.11,48.37,50.98,0,23,C,,
2025/26,Liga 3,Rafael Moreira,Mafra,24,FB & WB,40.2,30.98,48.18,58.5,37.99,42.16,62.75,0,37,C,,
2025/26,Liga 3,Celso Raposo,Mafra,30,FB & WB,29.9,47.12,47.34,60.13,62.5,68.95,54.9,0,15,B,,
2025/26,Liga 3,José Macedo,Paredes,22,FB & WB,20.59,37.26,39.36,64.05,22.3,55.23,52.94,0,43,D,,
2025/26,Liga 3,Diogo Outeiro,Paredes,25,FB & WB,36.27,32.62,47.06,58.5,38.97,47.88,65.93,0,33,C,,
2025/26,Liga 3,Pedro Araújo,Paredes,26,FB & WB,45.59,33.34,39.36,25.82,51.47,63.56,47.06,0,39,D,,
2025/26,Liga 3,Rui Santos,Sanjoanense,22,FB & WB,22.06,33.67,39.92,63.4,19.85,50,54.41,0,46,D,,
2025/26,Liga 3,Janico,Sanjoanense,23,FB & WB,41.67,30.12,53.36,71.9,42.89,70.42,84.07,0,11,B,,
2025/26,Liga 3,Vítinha,Sanjoanense,27,FB & WB,70.1,73.02,50.7,22.88,45.1,62.58,29.17,0,28,C,,
2025/26,Liga 3,Filipe Maio,Sanjoanense,27,FB & WB,56.37,74.95,41.46,36.6,67.16,51.31,49.75,0,18,C,,
2025/26,Liga 3,João Oliveira,São João Ver,25,FB & WB,72.3,47.12,74.51,77.78,23.77,35.95,63.97,0,16,B,,
2025/26,Liga 3,Miguel Vilela,São João Ver,26,FB & WB,41.42,61.72,54.34,52.29,81.62,44.28,41.67,0,17,C,,
2025/26,Liga 3,Joel Monteiro,São João Ver,35,FB & WB,67.16,33.67,50.7,38.56,58.09,31.7,42.89,0,41,D,,
2025/26,Liga 3,Guilherme Costa,SC Braga B,20,FB & WB,64.46,41.22,51.4,48.69,53.68,37.75,43.38,0,34,C,,
2025/26,Liga 3,Tomás Marques,SC Braga B,21,FB & WB,21.08,15.69,14.57,13.4,60.54,57.03,41.67,0,49,E,,
2025/26,Liga 3,Edu Silva,Sporting Covilhã,25,FB & WB,15.69,30.78,11.48,11.76,50.74,55.23,25,0,51,F,,
2025/26,Liga 3,Filipe Garcia,Sporting Covilhã,26,FB & WB,36.76,54.58,38.94,36.6,27.7,33.99,16.67,0,50,F,,
2025/26,Liga 3,Miguel Silva,Sporting Covilhã,27,FB & WB,26.47,50.99,46.92,66.67,58.33,50.33,59.31,0,19,C,,
2025/26,Liga 3,J. Oliveira,Trofense,21,FB & WB,77.45,52.29,72.97,89.22,14.46,47.88,73.53,0,9,B,,
2025/26,Liga 3,Edu,Trofense,26,FB & WB,72.55,30.44,48.32,39.22,35.78,64.05,36.27,0,35,C,,
2025/26,Liga 3,Joel Ferreira,Trofense,34,FB & WB,51.23,20.27,37.11,21.24,41.42,42.48,39.46,0,48,E,,
2025/26,Liga 3,David Monteiro,União Santarém,22,FB & WB,66.67,33.67,52.38,34.64,54.17,31.54,10.05,0,47,E,,
2025/26,Liga 3,João Ricardo,União Santarém,24,FB & WB,60.05,66.96,71.85,86.27,37.25,83.17,81.13,0,1,S,,
2025/26,Liga 3,Luís Filipe,Varzim,24,FB & WB,49.26,50.99,65.55,87.91,56.37,50,53.68,0,10,B,,
2025/26,Liga 3,Talocha,Varzim,36,FB & WB,55.39,48.7,44.82,24.84,54.17,72.88,45.59,0,25,C,,0
2025/26,Liga 3,Rodrigo Silva,Vitória SC B,19,FB & WB,23.53,39.19,31.37,47.71,62.5,72.88,69.12,0,20,C,,
2025/26,Liga 3,Francisco Dias,Vitória SC B,23,FB & WB,36.27,56.22,52.52,69.61,66.91,59.48,71.32,0,8,B,,
2025/26,Liga 3,Paulo Lima,1º Dezembro,27,MF,68.64,62.99,57.99,48.31,66.95,66.95,54.24,0,9,A,,
2025/26,Liga 3,Vitó,1º Dezembro,28,MF,36.44,60.83,54.12,55.08,65.04,27.26,28.39,0,40,C,,
2025/26,Liga 3,Miguel Abreu,1º Dezembro,32,MF,66.95,28.62,43.83,23.16,31.78,64.27,23.31,0,52,D,,
2025/26,Liga 3,António Montez,Académica,24,MF,75.42,49.11,54.84,48.31,17.16,61.16,72.88,0,29,C,,
2025/26,Liga 3,Leandro Silva,Académica,32,MF,63.35,93.33,61.99,54.52,78.81,18.93,26.27,0,17,B,,
2025/26,Liga 3,Marcos Paulo,Académica,37,MF,95.13,45.57,62.35,35.59,30.08,38.42,50,0,39,C,,
2025/26,Liga 3,Bruno Guimarães,AD Marco 09,27,MF,94.49,49.12,74.46,61.02,58.05,13.14,40.89,0,23,C,,
2025/26,Liga 3,Diogo Silva,AD Marco 09,29,MF,61.23,71.79,75.42,90.96,48.73,45.62,66.95,0,7,A,,
2025/26,Liga 3,Fábio Pacheco,AD Marco 09,37,MF,51.06,23.82,21.67,10.17,10.59,89.97,44.92,0,55,E,,
2025/26,Liga 3,Duarte Duarte,AD Marco 09,38,MF,58.05,32.3,71.31,82.49,35.17,35.45,52.54,0,28,C,,
2025/26,Liga 3,Fernando Almeida,Amarante,23,MF,23.31,46.84,48.31,68.36,50.21,68.64,74.15,0,16,B,,
2025/26,Liga 3,Harruna Innusah,Amarante,26,MF,12.08,28.62,10.53,5.65,25,56.07,40.68,0,59,F,,
2025/26,Liga 3,M. Cunha,Amarante,26,MF,68.01,69.19,78.57,85.31,27.97,25.85,54.45,0,18,B,,
2025/26,Liga 3,Faissal Zangré,Amarante,29,MF,73.52,27.43,51.82,47.46,15.89,19.07,34.75,0,56,E,,
2025/26,Liga 3,Pedro Teixeira,Amora,21,MF,54.87,62.52,55.21,52.26,42.37,81.21,59.53,0,11,B,,
2025/26,Liga 3,Filipe Marques,Amora,28,MF,11.23,66.94,31.96,49.72,75.64,17.8,30.51,0,49,D,,
2025/26,Liga 3,Hélio Cruz,Amora,32,MF,13.35,32.91,23.85,39.83,34.75,51.98,60.81,0,54,E,,
2025/26,Liga 3,Mauro Antunes,Amora,34,MF,68.64,83.47,68.16,70.34,54.87,31.92,51.06,0,13,B,,
2025/26,Liga 3,Catarino Pascoal,Atlético CP,18,MF,72.03,65.06,77.72,76.27,49.36,59.46,62.71,0,5,A,,
2025/26,Liga 3,César Sousa,Atlético CP,25,MF,63.35,35.69,59.69,52.54,86.65,67.09,66.95,0,6,A,,
2025/26,Liga 3,Ricardo Dias,Atlético CP,35,MF,38.77,28.62,25.79,5.65,65.68,65.82,36.86,0,51,D,,0
2025/26,Liga 3,Matheus Palmério,Caldas,24,MF,61.86,23.82,44.79,30.51,34.32,72.03,38.14,0,47,C,,
2025/26,Liga 3,Pipo,Caldas,29,MF,25,69.68,51.09,62.43,79.87,65.54,60.81,0,8,A,,
2025/26,Liga 3,Diogo Paulo,CF Os Belenenses,24,MF,49.15,85.57,72.4,87.57,69.07,62.43,72.46,0,1,S,,
2025/26,Liga 3,Tiago Morgado,CF Os Belenenses,32,MF,33.69,54.94,33.9,32.49,56.78,62.71,59.75,0,36,C,,
2025/26,Liga 3,Filipe Cardoso,Fafe,31,MF,62.29,25.75,35.84,26.55,54.66,75.99,57.63,0,33,C,,
2025/26,Liga 3,Vasco Braga,Fafe,32,MF,48.09,88.67,60.77,51.13,93.22,39.27,29.87,0,10,B,,
2025/26,Liga 3,João Oliveira,Fafe,34,MF,86.02,40.72,82.57,88.98,62.92,40.25,73.94,0,4,A,,
2025/26,Liga 3,Botche Candé,Lusitano Évora 1911,22,MF,27.97,28.62,33.41,37.85,65.47,61.3,48.31,0,42,C,,
2025/26,Liga 3,Tiago Baptista,Lusitano Évora 1911,30,MF,65.89,69.3,64.77,55.65,49.15,30.93,31.14,0,30,C,,
2025/26,Liga 3,Martim Águas,Lusitano Évora 1911,32,MF,83.47,78.62,78.69,71.19,86.02,44.63,58.47,0,2,S,,
2025/26,Liga 3,Andrey,Mafra,22,MF,51.91,57.66,52.3,51.13,13.56,71.33,60.81,0,34,C,,
2025/26,Liga 3,Braima Sambú,Mafra,25,MF,50.21,32.3,41.16,39.27,64.62,67.09,59.75,0,24,C,,
2025/26,Liga 3,R. Pinto,Mafra,34,MF,57.84,63.94,52.91,35.88,56.57,60.73,33.69,0,26,C,,
2025/26,Liga 3,David Veiga,Paredes,26,MF,21.82,45.91,40.31,55.08,38.35,49.72,71.4,0,45,C,,
2025/26,Liga 3,Pedro Ferreira,Paredes,26,MF,28.6,33.71,37.29,50.85,60.38,84.32,78.39,0,14,B,,
2025/26,Liga 3,Vasco Gomes,Sanjoanense,25,MF,55.72,32.91,45.88,41.81,32.84,46.33,53.6,0,48,D,,
2025/26,Liga 3,Edu Pinheiro,Sanjoanense,28,MF,82.2,58.12,52.42,26.55,32.2,53.25,40.89,0,41,C,,
2025/26,Liga 3,Andrezinho,Sanjoanense,30,MF,88.77,79.31,70.7,42.37,39.41,14.12,32.63,0,38,C,,
2025/26,Liga 3,João Castro,São João Ver,24,MF,73.52,23.82,64.04,77.4,35.17,28.11,66.53,0,31,C,,
2025/26,Liga 3,Rodrigo Valente,São João Ver,25,MF,50.21,59.13,57.14,50.56,48.73,52.26,50.42,0,27,C,,
2025/26,Liga 3,Barbosa,São João Ver,27,MF,37.5,54,50.12,53.67,80.93,41.38,49.58,0,20,B,,
2025/26,Liga 3,João Lomba,SC Braga B,18,MF,16.95,48.9,25.3,29.94,49.36,23.16,24.15,0,58,E,,
2025/26,Liga 3,Tiago Ferreira,SC Braga B,19,MF,56.36,28.62,35.59,21.75,38.35,59.46,26.27,0,53,D,,
2025/26,Liga 3,Rodrigo Ferreira,Sporting Covilhã,24,MF,42.58,48.96,39.59,48.02,55.3,42.09,34.75,0,46,C,,
2025/26,Liga 3,Angelo Barbosa,Sporting Covilhã,26,MF,37.08,44.73,42.98,55.37,33.26,66.24,73.73,0,32,C,,
2025/26,Liga 3,Mica,Sporting Covilhã,33,MF,20.76,53.92,34.38,36.72,65.68,28.81,44.49,0,50,D,,
2025/26,Liga 3,Ruca,Trofense,23,MF,39.83,50.38,64.65,73.16,36.02,57.77,59.53,0,19,B,,
2025/26,Liga 3,João Daniel,Trofense,23,MF,13.77,23.82,14.16,16.67,69.7,47.6,25,0,57,E,,
2025/26,Liga 3,Reko,Trofense,26,MF,26.06,66.62,53.03,70.9,41.31,40.68,44.28,0,37,C,,
2025/26,Liga 3,Idrissa Camará,União Santarém,23,MF,31.99,28.62,37.05,51.98,38.14,62.15,64.83,0,44,C,,
2025/26,Liga 3,Marco Grilo,União Santarém,32,MF,31.78,71.14,36.2,39.55,64.62,75.85,40.25,0,21,B,,
2025/26,Liga 3,Martim Boloto,Varzim,22,MF,18.86,48.71,32.69,48.31,62.5,51.69,45.97,0,43,C,,
2025/26,Liga 3,Francisco França,Varzim,24,MF,72.03,54.05,73,75.14,54.66,35.59,56.36,0,12,B,,
2025/26,Liga 3,Rúben Oliveira,Varzim,31,MF,39.62,61.82,31.96,31.64,53.6,71.19,44.92,0,35,C,,
2025/26,Liga 3,Zeega,Vitória SC B,17,MF,61.65,43.88,75.42,88.7,43.64,28.39,61.86,0,15,B,,
2025/26,Liga 3,Santiago Silva,Vitória SC B,18,MF,74.15,36.69,52.66,51.69,48.52,51.55,56.78,0,25,C,,
2025/26,Liga 3,Ricardo Rocha,Vitória SC B,22,MF,40.04,32.3,43.83,54.52,56.99,69.35,59.96,0,22,C,,
2025/26,Liga 3,Hugo Nunes,Vitória SC B,24,MF,64.83,85.57,75.42,74.01,63.35,58.62,75.85,0,3,S,,
2025/26,Liga 3,A. Duarte,SC Braga B,20,AM & W,24.73,57.16,34.8,54.26,53.99,21.99,43.35,0,38,E,,
2025/26,Liga 3,Rodrigo Duarte,Vitória SC B,20,AM & W,43.88,82.56,57.45,56.74,76.06,36.52,51.06,0,13,B,,
2025/26,Liga 3,S. Iheanacho,Mafra,21,AM & W,94.15,37.24,59.57,30.85,18.88,25.89,35.11,0,39,E,,
2025/26,Liga 3,Vasconcelos,SC Braga B,21,AM & W,45.48,54.59,39.82,37.23,59.31,37.94,43.35,0,30,D,,
2025/26,Liga 3,M. Tepe,Vitória SC B,21,AM & W,54.52,46.6,53.65,60.64,15.16,77.13,59.04,0,21,C,,
2025/26,Liga 3,Guilherme  Paula,Vitória SC B,21,AM & W,68.62,53.82,58.05,36.88,23.14,37.23,31.91,0,33,D,,
2025/26,Liga 3,Miguel Nogueira,Vitória SC B,21,AM & W,94.95,42.61,71.73,60.28,47.34,51.06,57.71,0,10,B,,
2025/26,Liga 3,Tim,AD Marco 09,21,AM & W,45.48,33.25,47.57,58.87,64.89,44.15,63.3,0,24,C,,
2025/26,Liga 3,R. Coelho Fernandes,Académica,21,AM & W,83.51,67.78,58.51,34.04,51.6,55.85,28.72,0,18,C,,
2025/26,Liga 3,Rodrigo Mordomo,SC Braga B,21,AM & W,65.69,32.61,48.63,45.39,35.11,65.96,52.39,0,26,D,,
2025/26,Liga 3,M. Moreno,Paredes,22,AM & W,54.79,60.89,73.1,79.43,60.11,65.78,84.04,0,4,S,,
2025/26,Liga 3,Miguel Rebelo,Varzim,22,AM & W,60.64,26.58,26.44,13.12,62.5,55.67,37.5,0,42,E,,
2025/26,Liga 3,Rodrigo Matos,Mafra,22,AM & W,71.01,88.36,66.11,51.77,36.17,30.5,44.41,0,16,C,,
2025/26,Liga 3,Daniel Carvalho,Vitória SC B,22,AM & W,21.28,63.62,41.19,37.23,77.66,23.05,27.93,0,36,E,,
2025/26,Liga 3,B. Souza,Académica,22,AM & W,56.12,60.35,51.37,60.64,59.57,69.68,84.57,0,9,B,,
2025/26,Liga 3,G. Águas,União Santarém,22,AM & W,10.64,52.49,38.6,63.12,56.65,63.3,49.47,0,25,D,,
2025/26,Liga 3,Diogo Sequeira,Varzim,22,AM & W,29.52,79.88,42.86,49.29,61.17,39.36,47.87,0,23,C,,
2025/26,Liga 3,Kiko Félix,Sanjoanense,23,AM & W,22.07,36.86,30.24,35.11,68.88,35.82,27.93,0,45,F,,
2025/26,Liga 3,Daniel Silva,Varzim,23,AM & W,17.55,14.88,46.35,85.11,23.14,58.87,80.85,0,28,D,,
2025/26,Liga 3,Juan Herrera,Atlético CP,23,AM & W,55.85,46.79,36.17,24.82,46.28,81.74,45.74,0,27,D,,
2025/26,Liga 3,Mauro Ribeiro,AD Marco 09,23,AM & W,36.7,26.22,39.51,43.26,47.07,32.09,41.76,0,44,F,,
2025/26,Liga 3,David Rebelo,CF Os Belenenses,23,AM & W,63.83,42.18,55.47,30.85,65.96,22.7,21.01,0,34,D,,
2025/26,Liga 3,Carlos Daniel,Fafe,24,AM & W,32.45,22.32,35.71,44.33,48.14,48.4,36.97,0,43,E,,
2025/26,Liga 3,Yuk Jinyoung,Paredes,24,AM & W,85.9,75.47,80.24,75.89,26.6,75.35,77.13,0,3,S,,
2025/26,Liga 3,João Couto,Sanjoanense,24,AM & W,78.72,44.23,68.09,59.93,33.78,50.35,73.4,0,14,B,,
2025/26,Liga 3,Picas,Fafe,25,AM & W,82.45,62.81,79.03,79.08,67.02,51.42,80.05,0,1,S,,
2025/26,Liga 3,Franco Almara,Lusitano Évora 1911,25,AM & W,44.68,69.03,68.39,87.94,51.06,47.16,72.87,0,5,A,,
2025/26,Liga 3,Afonso,CF Os Belenenses,25,AM & W,72.61,40.05,54.41,26.6,74.47,74.47,37.5,0,19,C,,
2025/26,Liga 3,Afonso Valente,CF Os Belenenses,25,AM & W,32.45,60.92,18.69,7.8,65.69,47.7,17.02,0,46,F,,
2025/26,Liga 3,Á. Gomes,Varzim,25,AM & W,22.34,38.1,50.91,81.91,21.28,69.68,86.97,0,20,C,,
2025/26,Liga 3,Zé Gata,Caldas,25,AM & W,62.77,30.48,67.63,84.75,34.31,46.99,70.21,0,15,C,,
2025/26,Liga 3,Jailson Gomes,Sporting Covilhã,25,AM & W,36.97,26.87,23.86,26.24,56.65,72.7,61.97,0,37,E,,
2025/26,Liga 3,F. Cruz,Sporting Covilhã,26,AM & W,15.69,46.24,33.13,56.38,43.62,57.45,60.64,0,31,D,,
2025/26,Liga 3,Lénio Neves,Mafra,26,AM & W,33.24,74.43,25.68,9.22,67.55,67.73,22.61,0,35,E,,
2025/26,Liga 3,Dino Semedo,Amora,27,AM & W,34.84,54.89,52.13,79.43,63.56,77.84,77.66,0,7,A,,
2025/26,Liga 3,Diogo Leitão,CF Os Belenenses,27,AM & W,89.1,37.2,46.66,7.09,25.53,29.43,14.63,0,47,F,,
2025/26,Liga 3,Erik,Paredes,28,AM & W,61.7,62.75,44.83,16.67,47.87,29.96,19.68,0,41,E,,
2025/26,Liga 3,Nuninho,Trofense,28,AM & W,48.4,69.44,68.24,76.24,38.56,71.28,64.1,0,6,A,,
2025/26,Liga 3,Marculino Ninte,Mafra,28,AM & W,77.13,66.94,57.75,42.55,27.39,51.95,39.36,0,22,C,,
2025/26,Liga 3,Joãozinho,Varzim,29,AM & W,37.23,54.19,49.85,56.38,76.06,47.52,64.36,0,17,C,,
2025/26,Liga 3,S. Davou,Lusitano Évora 1911,29,AM & W,41.76,27.71,59.57,81.56,65.96,63.83,70.74,0,12,B,,
2025/26,Liga 3,Nuno Pereira,São João Ver,30,AM & W,85.37,55.48,84.5,83.69,61.17,60.99,60.9,0,2,S,,
2025/26,Liga 3,Ednilson Furtado,Amora,30,AM & W,48.67,49.19,49.24,45.39,38.3,48.94,39.1,0,29,D,,
2025/26,Liga 3,Miguel Lopes,Amora,30,AM & W,71.81,75.51,72.8,61.35,87.77,22.34,34.84,0,8,A,,
2025/26,Liga 3,Caleb,Atlético CP,33,AM & W,40.96,82.54,51.67,45.04,91.22,53.01,43.88,0,11,B,,
2025/26,Liga 3,Ivandro,Trofense,35,AM & W,31.65,31.84,47.42,72.34,13.3,29.79,61.7,0,40,E,,
2025/26,Liga 3,Candeias,Académica,38,AM & W,10.11,34.02,32.37,43.26,62.5,71.45,52.66,0,32,D,,
2025/26,Liga 3,Manu,União Santarém,20,CF,34.62,42.73,64.1,89.32,52.24,45.94,64.42,0,11,C,,
2025/26,Liga 3,Miguel Vaz,Vitória SC B,20,CF,57.69,47.86,39.19,24.79,32.05,42.95,34.29,0,34,E,,
2025/26,Liga 3,T. Wander,Sanjoanense,22,CF,58.01,52.13,54.4,63.68,48.72,63.89,66.99,0,10,C,,
2025/26,Liga 3,Éberth,União Santarém,22,CF,43.59,31.13,29.3,19.23,44.23,59.19,35.58,0,36,F,,
2025/26,Liga 3,Caio Santana,Atlético CP,22,CF,42.31,78.55,70.33,82.48,71.79,80.56,79.81,0,2,S,,
2025/26,Liga 3,Chamito Alfândega,Varzim,22,CF,52.24,21.36,50.55,67.09,12.82,56.62,77.24,0,19,D,,
2025/26,Liga 3,Cuba,Académica,23,CF,80.77,49.62,54.4,32.91,48.72,29.27,24.68,0,25,D,,
2025/26,Liga 3,C. Niang,Sporting Covilhã,23,CF,48.72,24.78,60.99,90.6,33.97,39.53,69.23,0,14,C,,
2025/26,Liga 3,Pedro Clemente,Varzim,23,CF,52.56,38.46,44.14,35.04,30.13,35.9,41.67,0,33,E,,
2025/26,Liga 3,Pedro Marques,São João Ver,23,CF,57.69,21.36,56.78,64.53,66.35,88.46,75.96,0,6,B,,
2025/26,Liga 3,Yan Said,SC Braga B,23,CF,8.01,57.91,20.88,26.5,67.95,55.56,36.22,0,38,F,,
2025/26,Liga 3,André Liberal,Sporting Covilhã,23,CF,41.67,21.36,30.77,37.61,28.85,42.95,33.97,0,39,F,,
2025/26,Liga 3,M. Niang,Mafra,24,CF,74.04,64.58,54.58,30.77,40.38,42.74,39.1,0,18,D,,
2025/26,Liga 3,Balelo,Paredes,24,CF,87.18,21.36,52.75,37.18,33.01,18.16,37.5,0,31,E,,
2025/26,Liga 3,A. Idache,Amarante,24,CF,71.79,58.97,64.65,42.74,13.46,20.3,42.63,0,22,D,,
2025/26,Liga 3,Diogo Cardoso,1º Dezembro,24,CF,71.15,27.77,42.67,27.78,56.09,77.14,51.28,0,17,D,,
2025/26,Liga 3,Daniel Rodrigues,Amarante,24,CF,41.67,68.61,49.08,63.68,75,61.32,58.01,0,12,C,,
2025/26,Liga 3,Erick Teixeira Lima,São João Ver,25,CF,34.62,38.39,54.03,73.08,37.18,54.27,47.12,0,20,D,,
2025/26,Liga 3,Nicolás Souza,Atlético CP,25,CF,88.14,70.58,72.89,61.54,45.83,60.04,66.03,0,3,A,,
2025/26,Liga 3,Bruno Ventura,União Santarém,25,CF,22.76,70.23,40.84,47.44,91.03,45.94,37.82,0,24,D,,
2025/26,Liga 3,Théo Fonseca,Fafe,25,CF,18.59,32.05,29.49,36.32,63.46,48.93,33.01,0,37,F,,
2025/26,Liga 3,J. Saint-Louis,Amarante,26,CF,52.88,84.08,75.09,96.58,46.47,36.54,64.1,0,5,A,,
2025/26,Liga 3,Kibe,AD Marco 09,26,CF,50,47,56.78,44.87,77.24,35.47,50.96,0,16,C,,
2025/26,Liga 3,E. Ayiah,União Santarém,26,CF,20.51,27.77,47.07,82.48,25.64,60.04,53.53,0,26,D,,
2025/26,Liga 3,Rúben Fonseca,Paredes,26,CF,41.03,67.01,37.18,16.67,72.44,55.98,45.83,0,29,D,,
2025/26,Liga 3,Gonçalo Chaves,Caldas,26,CF,76.28,73.5,69.6,49.57,44.23,52.56,39.1,0,9,B,,
2025/26,Liga 3,João Oliveira,Amora,27,CF,43.27,52.99,39.01,37.61,37.82,31.84,41.03,0,35,E,,
2025/26,Liga 3,M. Diarra,Trofense,27,CF,75,48.18,63,55.13,41.67,68.38,66.99,0,7,B,,
2025/26,Liga 3,Eduardo,CF Os Belenenses,27,CF,85.9,48.34,55.49,21.79,32.05,29.91,40.06,0,27,D,,
2025/26,Liga 3,João Santos,Fafe,27,CF,84.29,57.91,80.95,82.91,70.83,60.26,78.53,0,1,S,,
2025/26,Liga 3,C. Triana,Académica,28,CF,59.62,66.75,53.85,43.59,54.81,76.5,47.44,0,13,C,,
2025/26,Liga 3,Dida,Lusitano Évora 1911,29,CF,51.28,48.18,48.9,37.61,71.47,29.91,32.69,0,28,D,,
2025/26,Liga 3,F. Cezar,Sanjoanense,29,CF,69.87,74.78,60.99,36.75,21.79,52.78,50,0,15,C,,
2025/26,Liga 3,Léo Cá,São João Ver,31,CF,43.91,87.1,69.96,90.17,74.68,43.59,68.59,0,4,A,,
2025/26,Liga 3,João Tarzan,Caldas,31,CF,17.95,69.44,51.65,70.51,81.09,69.66,86.86,0,8,B,,
2025/26,Liga 3,Ká Semedo,Fafe,31,CF,42.31,37.26,40.11,36.32,63.14,41.67,46.15,0,32,E,,
2025/26,Liga 3,Wilson Eduardo,CF Os Belenenses,35,CF,60.9,79.34,43.04,29.06,58.65,45.94,26.92,0,23,D,,
2025/26,Liga 3,Harramiz,1º Dezembro,35,CF,21.47,44.24,42.31,65.81,53.85,68.38,60.26,0,21,D,,
2025/26,Liga 3,Hugo Firmino,São João Ver,37,CF,15.71,46.29,28.21,48.29,78.85,70.94,48.4,0,30,D,,
2025/26,Liga 3,Gui,Vitória SC B,19,GK,0,0,0,0,0,0,0,61.23,8,A,,
2025/26,Liga 3,José Cardoso,Vitória SC B,19,GK,0,0,0,0,0,0,0,40.94,17,D,,
2025/26,Liga 3,Pedro Costa,Varzim,25,GK,0,0,0,0,0,0,0,30.43,22,E,,
2025/26,Liga 3,M. Mbaye,Varzim,28,GK,0,0,0,0,0,0,0,54.71,12,B,,
2025/26,Liga 3,Nuno Hidalgo,União Santarém,34,GK,0,0,0,0,0,0,0,63.04,7,A,,
2025/26,Liga 3,Nuno Silva,Trofense,28,GK,0,0,0,0,0,0,0,59.42,10,B,,
2025/26,Liga 3,Gustavo Galil,Sporting Covilhã,28,GK,0,0,0,0,0,0,0,37.68,18,D,,
2025/26,Liga 3,João Carvalho,SC Braga B,22,GK,0,0,0,0,0,0,0,64.86,5,A,,
2025/26,Liga 3,Diogo Figueiredo,São João Ver,25,GK,0,0,0,0,0,0,0,59.78,9,B,,
2025/26,Liga 3,Emanuel Novo,São João Ver,33,GK,0,0,0,0,0,0,0,63.77,6,A,,
2025/26,Liga 3,João Monteiro,Sanjoanense,24,GK,0,0,0,0,0,0,0,45.65,14,C,,
2025/26,Liga 3,Fábio Matos,Paredes,26,GK,0,0,0,0,0,0,0,73.91,1,S,,
2025/26,Liga 3,Pedro Silva,Mafra,29,GK,0,0,0,0,0,0,0,21.74,23,F,,
2025/26,Liga 3,Duarte Martins,Lusitano Évora 1911,24,GK,0,0,0,0,0,0,0,31.88,21,E,,
2025/26,Liga 3,Tiago Martins,Fafe,27,GK,0,0,0,0,0,0,0,65.94,4,A,,
2025/26,Liga 3,Guilherme Oliveira,CF Os Belenenses,31,GK,0,0,0,0,0,0,0,52.17,13,C,,
2025/26,Liga 3,Wilson Soares,Caldas,33,GK,0,0,0,0,0,0,0,34.78,20,D,,
2025/26,Liga 3,Fábio Ferreira,Atlético CP,27,GK,0,0,0,0,0,0,0,73.91,2,S,,
2025/26,Liga 3,Diego,Amora,26,GK,0,0,0,0,0,0,0,41.3,16,D,,
2025/26,Liga 3,Martim Duarte,Amarante,23,GK,0,0,0,0,0,0,0,69.2,3,S,,
2025/26,Liga 3,Danny,AD Marco 09,30,GK,0,0,0,0,0,0,0,42.03,15,D,,
2025/26,Liga 3,Carlos Alves,Académica,28,GK,0,0,0,0,0,0,0,35.51,19,D,,
2025/26,Liga 3,João Oliveira,1º Dezembro,23,GK,0,0,0,0,0,0,0,59.42,11,B,,
2025/26,Campeonato de Portugal,C. Moteiro,Eléctrico,22,CB,26.5,31.92,23.52,21.33,33.17,67.39,51.75,0,120,D,,
2025/26,Campeonato de Portugal,J. Faria,Vianense,35,CB,71.25,54.05,50.57,22.67,72.5,51.06,30.42,0,78,C,,
2025/26,Campeonato de Portugal,I. Padinha,Samora Correia,19,CB,25.25,37.53,39.38,60,33.75,52.11,45.58,0,117,C,,
2025/26,Campeonato de Portugal,Kauan Guilherme,Gouveia,19,CB,14,31.92,37,69.44,25.58,65.78,36.25,0,110,C,,
2025/26,Campeonato de Portugal,Gustavo Nogueira,FC Alverca B,19,CB,14.58,96.4,56.1,87.78,29.83,34.5,60.33,0,85,C,,
2025/26,Campeonato de Portugal,T. Bandeiras Dos Santos,Mirandela,20,CB,21.83,43.03,42.57,60.89,32.5,43.11,56.67,0,123,D,,
2025/26,Campeonato de Portugal,Rodrigo Dias,FC Alverca B,20,CB,66.33,55.05,47.05,41.44,34.17,38.39,39.42,0,118,C,,
2025/26,Campeonato de Portugal,Dinis Almeida,Fátima,20,CB,43.17,56.26,42.43,50.44,59.67,52.72,62.92,0,59,B,,
2025/26,Campeonato de Portugal,Tiago Lopes,Naval 1º de Maio,20,CB,25.08,60.26,47.24,67.44,35.75,41.61,59.08,0,102,C,,
2025/26,Campeonato de Portugal,P. Ribeiro Santos,Mirandela,20,CB,61.25,53.59,32.19,17.67,21.5,60,21.83,0,129,D,,
2025/26,Campeonato de Portugal,E. Vintoniv,Lusitânia,20,CB,30.92,31.92,43.38,61.78,61.08,79.28,64.92,0,27,A,,
2025/26,Campeonato de Portugal,D. Ege Sen,Samora Correia,21,CB,48.67,43.03,52.14,47.44,54.33,78.28,52.33,0,30,B,,
2025/26,Campeonato de Portugal,Diogo Marques,Lagoa,21,CB,25.25,49.7,36.62,35.78,43.5,49.5,53.83,0,111,C,,
2025/26,Campeonato de Portugal,Hugo Batista,AR São Martinho,21,CB,15.25,47.37,17.9,23.22,42.67,31.22,23.17,0,149,F,,
2025/26,Campeonato de Portugal,Francisco Borges,Chaves B,21,CB,74,45.25,56.1,52.33,69.67,62.11,71.17,0,12,A,,
2025/26,Campeonato de Portugal,Pedro Correia,Benfica Castelo Branco,21,CB,79.33,31.92,45.38,25.78,30.33,53.28,38.67,0,108,C,,
2025/26,Campeonato de Portugal,Ivaldino Santos,Comércio Indústria,21,CB,44.17,31.92,39.14,34.22,32.08,39.72,46.75,0,135,D,,
2025/26,Campeonato de Portugal,Tiago Aguiar,Moncarapachense,21,CB,64,31.92,38.9,27.22,30.33,44.28,47.33,0,128,D,,
2025/26,Campeonato de Portugal,Diego Tavares,Vitória de Sernache,21,CB,23.33,49.7,29.9,22.67,56.17,51.44,49.33,0,115,C,,
2025/26,Campeonato de Portugal,Diogo Aqueu,FC Alverca B,21,CB,70.25,93.02,80.71,92.33,54.17,34.83,55.42,0,20,A,,
2025/26,Campeonato de Portugal,I. Stankov,Lusitânia,21,CB,14,31.92,27.71,47.78,43.17,73.67,44.33,0,93,C,,
2025/26,Campeonato de Portugal,João Pimenta,Tirsense,21,CB,27.08,74.26,55.86,72.56,39.67,44.56,61.42,0,70,C,,
2025/26,Campeonato de Portugal,R. Geadas,Fátima,21,CB,56.42,31.92,45.05,46.67,40.08,45.89,63.83,0,94,C,,
2025/26,Campeonato de Portugal,Vasco Pereira,Vilaverdense,22,CB,47.33,31.92,39.29,30.33,50.17,77.94,49.33,0,61,B,,
2025/26,Campeonato de Portugal,R. Mendes,Monção,22,CB,28.92,43.03,49.29,67.11,51.75,61.5,51.33,0,65,B,,
2025/26,Campeonato de Portugal,I. Vasconcellos,FC Serpa,22,CB,69.75,47.37,52.05,40.67,63.67,56,47.67,0,52,B,,
2025/26,Campeonato de Portugal,Vivaldo Silva,Vila Real,22,CB,22.17,43.03,37.71,49.11,51.08,66.11,62.83,0,66,C,,
2025/26,Campeonato de Portugal,R. Gomes,Marinhense,22,CB,69.08,37.83,51.57,41.44,58,55.94,38.75,0,72,C,,
2025/26,Campeonato de Portugal,Ilunga Kitoko,Tirsense,22,CB,43.17,49.7,50.29,43.78,60.25,48.67,36.42,0,89,C,,
2025/26,Campeonato de Portugal,M. Costa,Portimonense SC,22,CB,54.5,43.03,46.33,41.11,20,25.67,17.75,0,147,E,,
2025/26,Campeonato de Portugal,Pedro Pinto,Celoricense,22,CB,24.92,47.37,48.52,81.78,63.5,59.56,90.67,0,18,A,,
2025/26,Campeonato de Portugal,David Castro,Vilaverdense,22,CB,44,68.48,72.14,90.33,76,46.33,61.42,0,15,A,,
2025/26,Campeonato de Portugal,Nuno Oliveira,Marialvas,22,CB,27.25,31.92,40.86,60.78,73.33,74.67,66.75,0,26,A,,
2025/26,Campeonato de Portugal,Leandro Maio,Marinhense,22,CB,29.58,43.03,37.33,38.33,74,36.61,15.75,0,132,D,,
2025/26,Campeonato de Portugal,Tiago Silva,Rebordosa,22,CB,33.08,31.92,37.95,46.22,32.42,33.56,28.42,0,143,E,,
2025/26,Campeonato de Portugal,João Douglas,FC Alverca B,22,CB,29.33,94.26,60.24,77.33,71.67,27.94,50.17,0,64,B,,
2025/26,Campeonato de Portugal,T. Silva,Fátima,22,CB,70.33,31.92,65.19,75.11,54.33,51,60.08,0,42,B,,
2025/26,Campeonato de Portugal,Pedro Alpoim,Anadia,22,CB,63.33,43.98,49.95,53.89,41.58,32.94,45.58,0,112,C,,
2025/26,Campeonato de Portugal,Lucas Almeida,Machico,22,CB,50.58,31.92,34.57,15,18.83,51.72,26.92,0,140,E,,
2025/26,Campeonato de Portugal,A. Toale,Gouveia,22,CB,29.83,31.92,25.43,21.33,33.67,54.61,33.75,0,136,D,,
2025/26,Campeonato de Portugal,L. Oliveira,Resende,23,CB,39.25,43.03,40.57,33,47.33,37.67,33.08,0,134,D,,
2025/26,Campeonato de Portugal,Rodrigo Cunha,Comércio Indústria,23,CB,77.33,54.57,56.9,41.44,32.83,44.56,37,0,100,C,,
2025/26,Campeonato de Portugal,Gonçalo Zuzarte,Alpendorada,23,CB,67.58,31.92,55.48,52.56,45.25,75.06,50.83,0,35,B,,
2025/26,Campeonato de Portugal,Nuno Teixeira,Machico,23,CB,15.83,31.92,28,46,67,5.28,15.17,0,150,F,,
2025/26,Campeonato de Portugal,Junilson Cá,Anadia,23,CB,60.5,43.03,57.95,55.33,53.92,70.44,58.92,0,25,A,,
2025/26,Campeonato de Portugal,David Araújo,Uniao Lamas,23,CB,75.5,58.48,62.67,58.67,81.58,68.83,49.25,0,3,S,,
2025/26,Campeonato de Portugal,José Botelho,Mirandela,23,CB,43.08,31.92,48.57,57.67,51.92,77.94,62.58,0,29,B,,
2025/26,Campeonato de Portugal,Matheus Matias,Oliveira Hospital,23,CB,43,77.96,59.86,77.78,67.17,59.67,75.75,0,5,A,,
2025/26,Campeonato de Portugal,Lourenço Pinto,Uniao Lamas,23,CB,42.33,31.92,34.81,26.56,56.83,72.67,46.17,0,74,C,,
2025/26,Campeonato de Portugal,Tomás Sério,Beira-Mar,23,CB,75.17,49.7,59.71,39.67,47.08,78.72,47.92,0,23,A,,
2025/26,Campeonato de Portugal,João Araújo,Os Limianos,23,CB,31.42,31.92,46.86,69.22,89.5,39.67,63.75,0,63,B,,
2025/26,Campeonato de Portugal,Fabio Melo,Brito,23,CB,77.33,53.03,58.19,25.78,22,45.61,31.5,0,124,D,,
2025/26,Campeonato de Portugal,Richard Santos,Leça,24,CB,30.83,31.92,35.9,44.44,56.08,32.56,65.5,0,125,D,,
2025/26,Campeonato de Portugal,Rafael Tavares,Alcochetense,24,CB,81.25,43.03,78,78.11,58.75,56.83,65.67,0,8,A,,
2025/26,Campeonato de Portugal,L. Van Der Gaag,Louletano,24,CB,50.67,65.14,53.67,41.67,65.17,48.28,60.33,0,53,B,,
2025/26,Campeonato de Portugal,L. Oliveira,Portimonense SC,24,CB,18.83,31.92,18.29,19.33,47.08,40.67,37.17,0,144,E,,
2025/26,Campeonato de Portugal,Pedro Francisco,Samora Correia,24,CB,21.5,86.32,45.86,56.67,43.58,72.61,46.5,0,43,B,,
2025/26,Campeonato de Portugal,André Alves,Beira-Mar,24,CB,52.67,31.92,62.76,78,51.67,53.72,74.5,0,37,B,,
2025/26,Campeonato de Portugal,B. Januário Mendonça,Vilaverdense,24,CB,23.92,43.03,32.57,34.78,49.42,36.5,30.08,0,139,E,,
2025/26,Campeonato de Portugal,Fábio Celestino,Benfica Castelo Branco,24,CB,49.17,70.26,67,71.44,42.33,49.5,67.33,0,40,B,,
2025/26,Campeonato de Portugal,Gonçalo Cardoso,Vila Real,25,CB,48.58,31.92,49.05,51.44,47.5,80.28,55.25,0,36,B,,
2025/26,Campeonato de Portugal,W. Vieira Santana,Machico,25,CB,42.67,56.26,49.14,48.44,23.75,50.78,71.83,0,86,C,,
2025/26,Campeonato de Portugal,Jorge Passas,Bragança,25,CB,77.83,49.7,68.19,48.89,25.83,70.39,58.67,0,31,B,,
2025/26,Campeonato de Portugal,Rui Cunha,Aparecida,25,CB,21.92,72.49,41.38,48,33.58,37.56,29.33,0,133,D,,
2025/26,Campeonato de Portugal,Luís Ferreira,Uniao Lamas,25,CB,23.83,71.92,36.71,34.56,57.08,47.28,41.42,0,104,C,,
2025/26,Campeonato de Portugal,G. Tobias,UD da Serra,25,CB,80.42,49.14,64.05,53.89,51.58,48.56,56.83,0,48,B,,
2025/26,Campeonato de Portugal,Diogo Cordes,Mirandela,25,CB,53.5,31.92,40.62,37.67,56.42,60.06,45.5,0,84,C,,
2025/26,Campeonato de Portugal,Tiago Araújo,Vianense,25,CB,52.5,69.92,71.57,81,53,57.44,55.83,0,19,A,,
2025/26,Campeonato de Portugal,Afonso Simão,Anadia,25,CB,53.42,52.86,62.81,79.78,52,49.94,57.08,0,45,B,,
2025/26,Campeonato de Portugal,Eddy,Bragança,25,CB,46.42,55.69,41.57,25.78,39.67,51.78,31.92,0,121,D,,
2025/26,Campeonato de Portugal,Manu Ribeiro,Benfica Castelo Branco,25,CB,37.67,68.59,50.33,45.56,43.5,39.22,32.83,0,119,D,,
2025/26,Campeonato de Portugal,João Paulo,Mortágua,25,CB,39.92,49.7,49.48,46.22,76.58,59.44,51.42,0,49,B,,
2025/26,Campeonato de Portugal,E. Gonçalves Pires,Bragança,25,CB,35.5,43.03,38.48,33.11,47.33,46.83,33.5,0,127,D,,
2025/26,Campeonato de Portugal,K. Ibouka,Vitória de Sernache,25,CB,73.08,48.55,54,46.89,62.42,72.39,77.17,0,6,A,,
2025/26,Campeonato de Portugal,João Guerra,Sintrense,25,CB,48.25,67.83,77.9,94.33,36,48.22,77.75,0,21,A,,
2025/26,Campeonato de Portugal,Fostino Manga,Tirsense,26,CB,89.83,31.92,54.38,30.44,25.42,55.33,39.58,0,99,C,,
2025/26,Campeonato de Portugal,I. Muhammad,Camacha,26,CB,96.17,66.92,63.24,25.78,26.25,54.61,52,0,60,B,,
2025/26,Campeonato de Portugal,Fábio Baldé,Leça,26,CB,42.42,68.59,37.57,32.78,91,43.06,45.33,0,71,C,,
2025/26,Campeonato de Portugal,Zé Simão,Oliveira Hospital,26,CB,57,36.76,44.29,49.11,46.58,43.39,64.33,0,88,C,,
2025/26,Campeonato de Portugal,Samir Banjai,Vitória de Sernache,26,CB,67.42,64.03,57.38,53,33.5,74.94,57.75,0,22,A,,
2025/26,Campeonato de Portugal,D. Andrade,Vasco da Gama Vidigueira,26,CB,15.92,31.92,33.81,59.44,71.33,55.67,45.92,0,87,C,,
2025/26,Campeonato de Portugal,Rodrigo Coutinho,Naval 1º de Maio,26,CB,69.33,31.92,54.71,55.33,68.83,74.83,77.08,0,4,S,,
2025/26,Campeonato de Portugal,L. Sousa Mendes,Brito,26,CB,18.67,66.16,40.81,61,59.75,31,47.5,0,113,C,,
2025/26,Campeonato de Portugal,Welson Lopes,Vasco da Gama Vidigueira,26,CB,46.25,79.87,69.29,80.67,34,70.33,58.25,0,11,A,,
2025/26,Campeonato de Portugal,Ricardo Costa,Vila Meã,26,CB,47.33,74.59,76.1,90.78,56.33,34.83,67.08,0,34,B,,
2025/26,Campeonato de Portugal,Celso Vieira,UD da Serra,26,CB,60.92,43.03,38.14,22.33,54.58,41.39,40.83,0,122,D,,
2025/26,Campeonato de Portugal,Aquino,FC Serpa,26,CB,95,55.37,88.24,79.11,28.67,23.61,52.5,0,73,C,,
2025/26,Campeonato de Portugal,Rodrigo Dias,Cinfães,26,CB,25.25,55.09,45.1,62.22,39.58,56.28,67.92,0,68,C,,
2025/26,Campeonato de Portugal,Hugo Meireles,Alpendorada,26,CB,68.67,31.92,57.38,62.44,63.67,25.5,37,0,107,C,,
2025/26,Campeonato de Portugal,Filipe Soares,Moncarapachense,26,CB,67.33,48.64,62.48,66.67,44,50.83,53.5,0,54,B,,
2025/26,Campeonato de Portugal,Simão Fernandes,Marialvas,27,CB,65.42,83.08,53.67,41.11,59.5,38.72,35.08,0,79,C,,
2025/26,Campeonato de Portugal,Nuca,O Elvas,27,CB,85.08,31.92,74.76,75.22,61.58,56.28,80.5,0,7,A,,
2025/26,Campeonato de Portugal,Rodrigo Alírio,Camacha,27,CB,48.25,62.73,55.86,50,69.17,48.39,51,0,55,B,,
2025/26,Campeonato de Portugal,Carimo Conté,Atlético Malveira,27,CB,54.5,54.57,47.81,53.89,54.17,41.83,54.67,0,82,C,,
2025/26,Campeonato de Portugal,J. Gomes Ferreira Sousa Pessoa,Gouveia,27,CB,71.08,49.7,75.48,81.89,48.17,71.11,68.83,0,2,S,,
2025/26,Campeonato de Portugal,Tiago Cavadas,Louletano,27,CB,57.17,40.86,47.33,46.44,64.33,43.61,54.42,0,80,C,,
2025/26,Campeonato de Portugal,Zé Pimenta,Os Limianos,27,CB,65.83,43.03,58.62,58.89,77.67,85.22,64.75,0,1,S,,
2025/26,Campeonato de Portugal,Gustavo,Resende,27,CB,64.67,43.03,53.33,45.44,50.58,44.44,40.17,0,91,C,,
2025/26,Campeonato de Portugal,Leonardo Dias,Juventude Évora,27,CB,47.67,41.75,40.24,32.11,38.33,46.56,52.42,0,116,C,,
2025/26,Campeonato de Portugal,Emerson Gomes,O Elvas,27,CB,38.58,54.05,41.71,36.56,62.83,39.83,57.17,0,98,C,,
2025/26,Campeonato de Portugal,Matheus Costa,Salgueiros,27,CB,18.5,31.92,23.95,33,29.33,75.67,44.83,0,109,C,,
2025/26,Campeonato de Portugal,Diogo Abdul,Beira-Mar,27,CB,85.33,31.92,58.86,39.11,38.33,55.28,45.42,0,75,C,,
2025/26,Campeonato de Portugal,Manuel Gutierrez,Ribeira Brava,27,CB,50.17,31.92,25.95,19.33,37.33,47.28,19.17,0,141,E,,
2025/26,Campeonato de Portugal,Dénis Martins,Vitória de Sernache,28,CB,22.25,31.92,46.19,79.89,67.5,30.17,55.33,0,106,C,,
2025/26,Campeonato de Portugal,Miguel Rosário,Vitória de Sernache,28,CB,59.83,59.43,40.76,17,43.83,54.67,44.25,0,95,C,,
2025/26,Campeonato de Portugal,Tomazi,Cinfães,29,CB,94.83,46.96,70.71,61.11,36,60.11,76.42,0,13,A,,
2025/26,Campeonato de Portugal,Diogo Nunes,Leça,29,CB,56.42,52.86,63,62.44,75.08,39.89,68.25,0,41,B,,
2025/26,Campeonato de Portugal,João Gomes,Alcochetense,29,CB,37.17,31.92,35.67,35.44,55,19.67,25.25,0,146,E,,
2025/26,Campeonato de Portugal,Gilson Correia,Juventude Évora,29,CB,62.17,31.92,56.62,66,36.75,42.06,38.33,0,105,C,,
2025/26,Campeonato de Portugal,E. Sarpong,Aparecida,29,CB,84.58,48.24,58.1,33.44,22.17,59.11,47.5,0,77,C,,
2025/26,Campeonato de Portugal,Luís Pimenta,Os Limianos,29,CB,23.17,31.92,22.86,24.22,67.33,22.06,20.17,0,148,F,,
2025/26,Campeonato de Portugal,Breno Freitas,JD Lajense,29,CB,81.08,74.26,63.33,34.56,37.17,60.44,45.58,0,46,B,,
2025/26,Campeonato de Portugal,Bastian,Moncarapachense,29,CB,50.42,31.92,36.33,19.33,22.83,53,54.33,0,126,D,,
2025/26,Campeonato de Portugal,Alexandre Costa,Ribeira Brava,29,CB,21.08,45.14,20.9,22.44,51.33,47.72,27.92,0,137,D,,
2025/26,Campeonato de Portugal,João,Florgrade,29,CB,73.5,41.75,60.29,67.78,45.17,36.33,78.5,0,57,B,,
2025/26,Campeonato de Portugal,Sandro Fonseca,Rebordosa,29,CB,22.83,43.03,35.57,43.22,29.33,29.72,46.83,0,142,E,,
2025/26,Campeonato de Portugal,G. Benjumea,Juventude Évora,30,CB,89.92,43.98,49.9,15.78,40.08,50.72,43.83,0,90,C,,
2025/26,Campeonato de Portugal,Rui Rodrigues,UD da Serra,30,CB,22.83,64.73,61.76,97.67,90.25,22.72,65.58,0,50,B,,
2025/26,Campeonato de Portugal,Ricardo Carvalho,AR São Martinho,30,CB,73,37.13,56.29,45,57,30.83,34.08,0,114,C,,
2025/26,Campeonato de Portugal,Emanuel,FC Serpa,30,CB,30.33,43.03,48.38,63.11,69,60.33,70.67,0,38,B,,
2025/26,Campeonato de Portugal,Carlos Mendes,Celoricense,30,CB,83.75,75.59,78.57,60.78,65.92,55.28,45.25,0,10,A,,
2025/26,Campeonato de Portugal,Ailton Tavares,Lagoa,30,CB,87.58,75.59,71.05,43,62.08,49.33,37.33,0,39,B,,
2025/26,Campeonato de Portugal,Ricardo Bouças,Monção,31,CB,24.58,72.75,44.29,54.56,67.17,52.28,51.33,0,62,B,,
2025/26,Campeonato de Portugal,Amadeu,Vila Meã,31,CB,61.75,76.08,68.1,69.67,48.17,44.67,65,0,33,B,,
2025/26,Campeonato de Portugal,E. Jesus Cruz Vincent,Eléctrico,31,CB,20.67,31.92,32.67,50.44,27,63.72,27.67,0,130,D,,
2025/26,Campeonato de Portugal,Tiago Correia,Louletano,31,CB,79.42,31.92,50.38,33.44,42.5,43.28,52.42,0,101,C,,
2025/26,Campeonato de Portugal,Vini,Salgueiros,31,CB,63.08,43.03,42.57,20.89,46.83,64.22,55.58,0,69,C,,
2025/26,Campeonato de Portugal,Paéco,Eléctrico,31,CB,72.67,49.7,78.1,83.11,36.42,61.28,61.08,0,17,A,,
2025/26,Campeonato de Portugal,Deritson Lopes,Oriental Lisboa,31,CB,57.42,60.72,52,47.11,33.33,42.72,53.33,0,92,C,,
2025/26,Campeonato de Portugal,Rui Filipe,Rebordosa,31,CB,39.5,43.03,46.57,46.67,50.5,45.17,50,0,103,C,,
2025/26,Campeonato de Portugal,Pepe,Alpendorada,31,CB,70.17,43.03,63.43,54.67,46.67,52.72,50.25,0,58,B,,
2025/26,Campeonato de Portugal,Pedro Meneses,Vila Meã,31,CB,42.92,86.82,52.38,43.33,50,71.89,65.42,0,16,A,,
2025/26,Campeonato de Portugal,Nuno Campos,Machico,32,CB,37.67,75.48,63,94.67,65,53.11,72.25,0,9,A,,
2025/26,Campeonato de Portugal,Sérgio Silva,Beira-Mar,32,CB,59,31.92,36.19,32.22,48,33.56,41.67,0,131,D,,
2025/26,Campeonato de Portugal,David Crespo,Oriental Lisboa,32,CB,37.08,68.59,59.14,75.67,74.67,30.11,65,0,56,B,,
2025/26,Campeonato de Portugal,Romário Carvalho,Sintrense,32,CB,81.08,54.91,61.24,31.78,56.33,27.67,50.92,0,96,C,,
2025/26,Campeonato de Portugal,Luís Oliveira,Peniche,32,CB,83.67,53.03,64.1,39.78,47.5,41.61,23.58,0,97,C,,
2025/26,Campeonato de Portugal,J. Moreno,Chaves B,32,CB,54.83,43.03,48.71,47.78,57.08,65.28,54.75,0,47,B,,
2025/26,Campeonato de Portugal,Didi,Celoricense,32,CB,20.67,88.98,32.43,23.78,29.42,39.39,27.17,0,138,E,,
2025/26,Campeonato de Portugal,Laércio Morais,Vianense,33,CB,67,58.48,70.86,80.44,70.67,41.5,76.75,0,14,A,,
2025/26,Campeonato de Portugal,António Pereira,Brito,34,CB,26.92,43.03,54.24,81.33,45.42,59.94,73,0,44,B,,
2025/26,Campeonato de Portugal,Tatiano Pereira,Mortágua,34,CB,42.42,62.92,44.95,48.89,43.5,56.06,43.33,0,83,C,,
2025/26,Campeonato de Portugal,Ruca,Anadia,35,CB,52.67,82.34,69.19,79.44,82.67,32.56,57.75,0,28,A,,
2025/26,Campeonato de Portugal,Rui Raínho,Florgrade,36,CB,27.25,75.59,63.14,89.33,82.42,39.83,67.83,0,24,A,,
2025/26,Campeonato de Portugal,Diogo Careca,JD Lajense,36,CB,69.58,56.81,50.48,26.56,69.17,52.67,23.25,0,81,C,,
2025/26,Campeonato de Portugal,Ricardo Machado,Florgrade,37,CB,49.08,71.14,47.71,29.89,67.5,46.5,54.42,0,67,C,,
2025/26,Campeonato de Portugal,T. Correia,Peniche,37,CB,67.5,43.03,43.1,15,30,30.28,16.25,0,145,E,,
2025/26,Campeonato de Portugal,Hugo Ventosa,Atlético Malveira,37,CB,30.17,69.43,53.19,64.56,72,59.17,53.08,0,32,B,,
2025/26,Campeonato de Portugal,Pecks,Salgueiros,37,CB,76.25,54.97,60.33,49.44,64.33,49.61,40.25,0,51,B,,
2025/26,Campeonato de Portugal,Fábio Marinheiro,Comércio Indústria,37,CB,46.75,49.7,56.29,53,34.42,52.78,60.58,0,76,C,,
2025/26,Campeonato de Portugal,Goncalo Cadete,Chaves B,19,FB & WB,76.21,75.95,76.23,73.63,30.22,37,65.11,0,29,B,,
2025/26,Campeonato de Portugal,Alexandre Corado,FC Serpa,19,FB & WB,66.14,27.94,51.23,53.86,43.66,33.15,52.33,0,95,C,,
2025/26,Campeonato de Portugal,Rodrigo Catraio,FC Alverca B,20,FB & WB,88.53,60.68,66.79,54.48,65.3,59.27,58.49,0,13,A,,
2025/26,Campeonato de Portugal,David Matthew,Lusitânia,20,FB & WB,57.65,48.09,55.49,68.41,42.72,81.16,82.65,0,11,A,,
2025/26,Campeonato de Portugal,Diogo Pinto,Aparecida,20,FB & WB,88.9,24.58,50.43,23.63,42.72,70.09,34.33,0,79,C,,
2025/26,Campeonato de Portugal,Mutaro Sila,Mirandela,20,FB & WB,26.59,41.27,47.92,67.91,25.19,48.82,63.53,0,85,C,,
2025/26,Campeonato de Portugal,I. Julian,FC Alverca B,20,FB & WB,46.83,76.56,60.23,60.07,37.78,19.22,46.18,0,91,C,,
2025/26,Campeonato de Portugal,Gabriel Tiburcio,Oliveira Hospital,21,FB & WB,24.07,47.09,43.12,64.55,83.49,34.02,54.01,0,62,C,,
2025/26,Campeonato de Portugal,Afonso Ferreira,Gouveia,21,FB & WB,34.51,40.75,34.54,30.6,37.31,49.5,36.75,0,121,E,,
2025/26,Campeonato de Portugal,Miguel Morais,Vila Meã,21,FB & WB,77.61,48.32,62.53,58.96,62.97,40.67,39.46,0,39,B,,
2025/26,Campeonato de Portugal,Martim Cruz,Sintrense,21,FB & WB,53.92,78.01,63.01,54.73,41.98,52.11,35.35,0,53,C,,
2025/26,Campeonato de Portugal,Rodrigo Silva,Mirandela,21,FB & WB,70.9,68.98,65.67,51.37,24.44,44.59,51.96,0,56,C,,
2025/26,Campeonato de Portugal,Lucas Dias,Samora Correia,21,FB & WB,23.51,36.01,25.11,23.26,71.92,51.68,13.25,0,125,E,,
2025/26,Campeonato de Portugal,Diogo Marques,FC Serpa,21,FB & WB,56.34,68.89,58.74,53.73,31.06,25.62,53.17,0,88,C,,
2025/26,Campeonato de Portugal,Simão Lopes,Chaves B,21,FB & WB,50.93,55.69,64.5,74.13,69.22,50.44,62.22,0,21,A,,
2025/26,Campeonato de Portugal,Duarte Bonito,Sintrense,21,FB & WB,56.72,79,78.25,83.96,53.36,40.11,61.47,0,14,A,,
2025/26,Campeonato de Portugal,Romeu Abazaj,Mirandela,21,FB & WB,93.75,24.58,62.37,42.16,12.31,63.43,45.24,0,74,C,,
2025/26,Campeonato de Portugal,Hélder Silva,Brito,21,FB & WB,82.09,27.94,63.17,52.49,19.4,39.37,47.48,0,93,C,,
2025/26,Campeonato de Portugal,Miguel Madeira,Mortágua,21,FB & WB,18.19,27.94,36.14,58.83,54.57,42.91,38.99,0,113,D,,
2025/26,Campeonato de Portugal,Mateus Santos,Samora Correia,21,FB & WB,44.87,41.49,58.96,62.94,40.49,53.73,51.31,0,60,C,,
2025/26,Campeonato de Portugal,Gonçalo Ribeiro,Vila Real,21,FB & WB,21.83,46.17,21.38,25.87,22.39,68.84,58.77,0,118,D,,
2025/26,Campeonato de Portugal,Óscar Garcia,Benfica Castelo Branco,21,FB & WB,55.97,31.27,49.47,67.66,36.94,79.42,86.47,0,24,A,,
2025/26,Campeonato de Portugal,Guilherme Fouto,Vasco da Gama Vidigueira,21,FB & WB,87.78,58.66,68.39,49,57.93,49.81,60.54,0,26,B,,
2025/26,Campeonato de Portugal,L. Moreira,Marialvas,21,FB & WB,70.71,34.05,45.2,33.21,37.41,39.68,34.89,0,114,D,,
2025/26,Campeonato de Portugal,João Pereira,Brito,21,FB & WB,42.54,55.58,52.19,50.25,56.16,34.95,29.29,0,102,D,,
2025/26,Campeonato de Portugal,T. Freitas,Fátima,22,FB & WB,93.38,72.46,76.44,55.22,56.06,15.42,40.02,0,41,C,,
2025/26,Campeonato de Portugal,Pedro Cotão,O Elvas,22,FB & WB,34.98,68.36,51.23,52.49,70.8,41.73,45.9,0,58,C,,
2025/26,Campeonato de Portugal,R. Gonçalves,Portimonense SC,22,FB & WB,25.84,19.35,25.75,32.96,41.23,42.66,39.46,0,128,E,,
2025/26,Campeonato de Portugal,José Pereira,Tirsense,22,FB & WB,31.62,74.45,37.69,29.35,53.73,51.74,33.02,0,104,D,,
2025/26,Campeonato de Portugal,Leonardo Serrano,Marinhense,22,FB & WB,45.99,27.94,30.92,9.58,60.63,55.85,10.63,0,126,E,,
2025/26,Campeonato de Portugal,B. Mané Baldé,Aparecida,22,FB & WB,26.59,51.65,33.85,39.55,45.52,73.82,55.97,0,75,C,,
2025/26,Campeonato de Portugal,Rúben Gonçalves,Chaves B,22,FB & WB,63.53,85.35,69.51,69.53,67.35,16.73,35.35,0,38,B,,
2025/26,Campeonato de Portugal,Fábio Alexandre,AR São Martinho,22,FB & WB,23.04,65.32,34.06,37.69,70.15,54.04,41.88,0,87,C,,
2025/26,Campeonato de Portugal,Francisco Moura,Lusitânia,22,FB & WB,21.74,24.58,22.01,24.5,47.57,64.43,49.16,0,120,D,,
2025/26,Campeonato de Portugal,Pedro Aires,Gouveia,22,FB & WB,30.69,41.12,31.56,37.81,10.73,29.54,40.39,0,131,F,,
2025/26,Campeonato de Portugal,Sylvestre Costa,Anadia,22,FB & WB,90.49,49.58,80.76,82.59,69.78,36.07,65.3,0,8,A,,
2025/26,Campeonato de Portugal,G. Sousa,Eléctrico,22,FB & WB,17.63,19.35,19.14,28.48,21.92,41.04,38.62,0,133,F,,
2025/26,Campeonato de Portugal,Leonardo Nunes,Naval 1º de Maio,22,FB & WB,31.81,60.68,31.08,28.86,40.49,82.34,49.44,0,76,C,,
2025/26,Campeonato de Portugal,Carlinhos,Louletano,22,FB & WB,22.2,37.58,39.34,64.3,24.25,71.27,74.16,0,64,C,,
2025/26,Campeonato de Portugal,João Rego,Vilaverdense,23,FB & WB,31.81,59.53,48.19,53.61,65.02,34.83,45.99,0,80,C,,
2025/26,Campeonato de Portugal,Daniel Pereira,JD Lajense,23,FB & WB,43,29.91,44.88,49.5,33.96,64.3,66.23,0,72,C,,
2025/26,Campeonato de Portugal,Diogo Ribeiro,Leça,23,FB & WB,72.29,45.05,60.45,63.68,46.64,66.42,72.48,0,19,A,,
2025/26,Campeonato de Portugal,I. Seidi,Atlético Malveira,23,FB & WB,48.13,70.57,39.13,38.81,53.82,78.36,60.82,0,33,B,,
2025/26,Campeonato de Portugal,Graça,Ribeira Brava,23,FB & WB,69.87,48.22,44.56,25.75,23.97,70.27,54.2,0,77,C,,
2025/26,Campeonato de Portugal,Filipe Carvalho,Florgrade,23,FB & WB,22.95,51.9,32.78,32.59,77.89,56.09,52.89,0,78,C,,
2025/26,Campeonato de Portugal,Sana Mane,Vilaverdense,23,FB & WB,41.23,36.01,59.54,79.98,46.55,39.74,76.12,0,36,B,,
2025/26,Campeonato de Portugal,Ruca,Anadia,23,FB & WB,83.58,51.02,53.46,28.73,20.71,66.48,34.98,0,83,C,,
2025/26,Campeonato de Portugal,Jair Brito,Louletano,23,FB & WB,91.32,26.17,52.72,29.85,36.57,53.05,37.69,0,97,C,,
2025/26,Campeonato de Portugal,Ricardo Cabral,FC Serpa,24,FB & WB,16.04,30.42,27.72,52.36,49.25,53.3,73.88,0,98,C,,
2025/26,Campeonato de Portugal,Tiago Carvalho,Monção,24,FB & WB,66.88,38.01,44.08,22.51,23.88,33.58,39.27,0,123,E,,
2025/26,Campeonato de Portugal,Simão Melhôr,Alpendorada,24,FB & WB,52.43,53.31,65.78,64.3,62.69,58.64,62.22,0,25,A,,
2025/26,Campeonato de Portugal,J. Muriel,Vitória de Sernache,24,FB & WB,46.92,58.55,60.82,81.47,38.99,47.14,69.31,0,30,B,,
2025/26,Campeonato de Portugal,Filipe Marques,Bragança,24,FB & WB,65.86,69.23,72.65,77.49,61.29,47.89,47.29,0,17,A,,
2025/26,Campeonato de Portugal,Marcos Bebê,Oliveira Hospital,24,FB & WB,42.26,55.39,69.94,87.56,79.29,71.39,77.24,0,1,S,,
2025/26,Campeonato de Portugal,Y. Lobo,Machico,24,FB & WB,56.9,57.17,66.95,59.95,82.18,57.9,44.59,0,23,A,,
2025/26,Campeonato de Portugal,Hugo Ferreira,Os Limianos,24,FB & WB,40.67,69.49,57.52,71.52,58.12,67.23,58.4,0,20,A,,
2025/26,Campeonato de Portugal,João Mendes,Peniche,24,FB & WB,58.96,24.58,40.14,36.69,66.98,50.62,37.59,0,100,C,,
2025/26,Campeonato de Portugal,N. Viana,Oliveira Hospital,24,FB & WB,95.52,37.76,77.51,63.68,50.75,19.03,27.89,0,68,C,,
2025/26,Campeonato de Portugal,Miguel Baptista,Comércio Indústria,24,FB & WB,44.4,24.58,39.23,55.72,61.47,55.22,63.43,0,61,C,,
2025/26,Campeonato de Portugal,Andre Paço,Florgrade,24,FB & WB,36.47,27.94,50.64,68.28,42.16,29.98,68.84,0,90,C,,
2025/26,Campeonato de Portugal,André Santos,Marialvas,24,FB & WB,60.35,62.15,50.48,42.41,75.19,65.11,40.67,0,31,B,,
2025/26,Campeonato de Portugal,R. Diogo,Resende,25,FB & WB,15.86,31.67,40.03,77.36,67.35,48.07,76.03,0,46,C,,
2025/26,Campeonato de Portugal,David Quimontche,Eléctrico,25,FB & WB,16.14,26.69,28.57,52.49,31.72,37.56,50.84,0,124,E,,
2025/26,Campeonato de Portugal,Rodrigo Domingues,Alcochetense,25,FB & WB,36.66,43.48,38.27,36.44,64.74,39.61,25.84,0,115,D,,
2025/26,Campeonato de Portugal,Vasco Cruz,UD da Serra,25,FB & WB,85.73,37.1,42.48,10.57,53.26,77.55,43,0,67,C,,
2025/26,Campeonato de Portugal,Carlos Silva,Mortágua,25,FB & WB,21.27,38.77,25.32,29.48,77.24,48.13,30.04,0,117,D,,
2025/26,Campeonato de Portugal,Pedro Vieira,Benfica Castelo Branco,25,FB & WB,50.93,81.1,46.7,33.46,38.81,43.47,11.94,0,111,D,,
2025/26,Campeonato de Portugal,Ismael António,Monção,25,FB & WB,17.07,31.11,17.06,25.62,23.23,58.71,45.43,0,129,E,,
2025/26,Campeonato de Portugal,P. Veiga,Lagoa,25,FB & WB,36.29,17.61,17.86,2.36,41.42,59.64,29.94,0,132,F,,
2025/26,Campeonato de Portugal,B. Cruz,Beira-Mar,25,FB & WB,46.27,39.33,31.66,25,77.99,80.35,52.71,0,54,C,,
2025/26,Campeonato de Portugal,D. Carvalho,Os Limianos,25,FB & WB,81.44,45.23,58.21,42.04,69.03,54.54,46.18,0,34,B,,
2025/26,Campeonato de Portugal,André Guedes,Vitória de Sernache,25,FB & WB,47.95,86.08,72.97,88.31,59.79,31.09,77.8,0,9,A,,
2025/26,Campeonato de Portugal,Miguel Rosa,Eléctrico,26,FB & WB,25.47,38.77,36.46,49.88,36.66,49.13,47.67,0,110,D,,
2025/26,Campeonato de Portugal,Miguel Dias,Brito,26,FB & WB,79.01,62.6,70.47,60.57,70.8,42.35,63.9,0,15,A,,
2025/26,Campeonato de Portugal,Cristiano Abreu,Marinhense,26,FB & WB,37.69,51.57,54.8,62.81,73.69,29.73,52.71,0,59,C,,
2025/26,Campeonato de Portugal,Tiago Ferreira,Peniche,26,FB & WB,90.86,24.58,68.76,57.21,33.58,53.61,50.28,0,43,C,,
2025/26,Campeonato de Portugal,Fábio Faria,Moncarapachense,26,FB & WB,40.21,30.19,44.03,56.47,53.54,31.97,33.21,0,112,D,,
2025/26,Campeonato de Portugal,João Martins,Tirsense,26,FB & WB,26.12,50.56,47.33,67.16,46.83,86.5,79.2,0,22,A,,
2025/26,Campeonato de Portugal,Didier Mosquera,Bragança,26,FB & WB,39.93,49.33,40.67,35.45,47.76,64.43,36.75,0,96,C,,
2025/26,Campeonato de Portugal,J. Rosário,Aparecida,26,FB & WB,38.81,54.18,46.48,45.65,34.05,61.26,44.96,0,86,C,,
2025/26,Campeonato de Portugal,J. Tsuno,Monção,26,FB & WB,45.43,56.36,67.8,86.57,38.25,63.43,81.44,0,12,A,,
2025/26,Campeonato de Portugal,Ricardo Lamy,Lagoa,27,FB & WB,32.09,40.94,33.16,33.33,23.79,71.21,54.85,0,105,D,,
2025/26,Campeonato de Portugal,Cássio,Os Limianos,27,FB & WB,54.57,62.04,68.07,71.27,67.16,27.92,49.91,0,35,B,,
2025/26,Campeonato de Portugal,Marinho,Alcochetense,27,FB & WB,82.37,74.65,76.6,71.52,57.37,61.94,58.49,0,4,S,,
2025/26,Campeonato de Portugal,Renato Gomes,JD Lajense,27,FB & WB,40.02,32.35,29,21.64,26.96,34.45,46.55,0,130,E,,
2025/26,Campeonato de Portugal,Fabinho,Moncarapachense,27,FB & WB,23.6,69.46,37.9,40.55,80.04,47.89,33.77,0,81,C,,
2025/26,Campeonato de Portugal,C. Tovar,Machico,27,FB & WB,66.42,63.26,57.09,48.88,36.19,29.29,44.12,0,92,C,,
2025/26,Campeonato de Portugal,Zé Maria,Lagoa,27,FB & WB,33.21,79.41,59.33,87.94,29.48,23.38,62.87,0,57,C,,
2025/26,Campeonato de Portugal,Roberto Coelho,Ribeira Brava,27,FB & WB,29.38,32.91,49.47,70.02,46.74,24.56,48.13,0,106,D,,
2025/26,Campeonato de Portugal,Eury Bento,Atlético Malveira,27,FB & WB,73.41,58.66,64.18,55.22,37.13,29.6,45.99,0,70,C,,
2025/26,Campeonato de Portugal,Iuri Alves,UD da Serra,27,FB & WB,35.45,76.27,51.49,50.12,76.21,69.59,51.4,0,28,B,,
2025/26,Campeonato de Portugal,Nassur Bacém,Moncarapachense,27,FB & WB,44.5,35.15,51.17,51.62,24.81,52.05,54.76,0,99,C,,
2025/26,Campeonato de Portugal,João Mendes,Juventude Évora,27,FB & WB,17.54,67.2,15.83,7.34,76.68,66.11,36.19,0,108,D,,
2025/26,Campeonato de Portugal,Diogo Trindade,Monção,27,FB & WB,51.31,67.33,52.83,61.69,76.49,74.32,75.93,0,5,A,,
2025/26,Campeonato de Portugal,Júnior,Juventude Évora,28,FB & WB,58.86,41.08,33.85,21.39,47.57,53.48,38.62,0,109,D,,
2025/26,Campeonato de Portugal,Edgar Teixeira,Rebordosa,28,FB & WB,25,64.03,42.96,55.85,37.59,65.98,73.32,0,45,C,,
2025/26,Campeonato de Portugal,Ézio Pinto,Atlético Malveira,28,FB & WB,24.35,45.23,50.32,76.49,44.5,40.3,57,0,73,C,,
2025/26,Campeonato de Portugal,F. Sanchez,Celoricense,28,FB & WB,50.56,56.42,53.84,47.14,72.95,37.06,54.48,0,55,C,,
2025/26,Campeonato de Portugal,Bruno Kajé,Lusitânia,28,FB & WB,40.86,43.24,52.67,70.52,18.28,64.74,72.39,0,47,C,,
2025/26,Campeonato de Portugal,José Varela,Sintrense,28,FB & WB,78.54,37.76,76.44,72.14,20.52,6.65,42.54,0,103,D,,
2025/26,Campeonato de Portugal,D. Quiñones,Vila Meã,28,FB & WB,35.63,47.84,49.09,55.97,45.43,65.67,62.03,0,48,C,,
2025/26,Campeonato de Portugal,João Tentugal,Salgueiros,28,FB & WB,71.83,47.09,47.23,32.84,58.77,58.52,41.88,0,63,C,,
2025/26,Campeonato de Portugal,João Miguel,Uniao Lamas,28,FB & WB,65.21,80.25,74.52,75.87,42.26,55.29,77.24,0,6,A,,
2025/26,Campeonato de Portugal,Guilherme,Comércio Indústria,29,FB & WB,63.62,30.67,56.72,61.44,58.58,49.32,50.37,0,49,C,,
2025/26,Campeonato de Portugal,Celsinho,Lagoa,29,FB & WB,70.34,50.83,55.28,36.19,38.62,76.43,45.99,0,42,C,,
2025/26,Campeonato de Portugal,Tiago Melo,Beira-Mar,29,FB & WB,82.56,73.08,76.76,66.29,76.77,48.57,51.96,0,7,A,,
2025/26,Campeonato de Portugal,Henrique Brito,Vianense,29,FB & WB,37.31,62.95,46.64,45.77,79.57,84.58,59.89,0,18,A,,
2025/26,Campeonato de Portugal,B. Beato,Fátima,29,FB & WB,37.13,74.58,51.6,48.76,64.09,64.74,41.32,0,37,B,,
2025/26,Campeonato de Portugal,Ivo Palma,Peniche,29,FB & WB,59.7,75.39,60.34,60.7,69.4,61.5,65.86,0,10,A,,
2025/26,Campeonato de Portugal,Rodrigo Souto,Vasco da Gama Vidigueira,29,FB & WB,37.13,65.01,54.85,72.26,48.88,37.75,60.45,0,52,C,,
2025/26,Campeonato de Portugal,Elvis,Louletano,29,FB & WB,75.28,48.6,54.53,31.59,49.44,49.5,32.37,0,82,C,,
2025/26,Campeonato de Portugal,Francisco Afonso,Cinfães,29,FB & WB,19.5,21.59,23.83,34.7,60.63,61.13,58.96,0,107,D,,
2025/26,Campeonato de Portugal,Chico,AR São Martinho,30,FB & WB,58.68,24.58,52.51,59.2,79.38,49.13,43.47,0,50,C,,
2025/26,Campeonato de Portugal,G. Goudelias,Resende,30,FB & WB,32.37,29.43,24.47,19.03,32.93,76.37,41.23,0,119,D,,
2025/26,Campeonato de Portugal,Armando,Vila Real,30,FB & WB,66.23,40,56.5,49.75,37.59,50.81,52.99,0,65,C,,
2025/26,Campeonato de Portugal,Rui Martins,Oriental Lisboa,30,FB & WB,49.81,50.2,47.49,40.42,18,23.63,25.56,0,127,E,,
2025/26,Campeonato de Portugal,Gonçalo Maria,Naval 1º de Maio,30,FB & WB,82.84,73.06,68.23,44.4,52.8,32.15,43.38,0,51,C,,
2025/26,Campeonato de Portugal,Zé Domingos,Leça,30,FB & WB,72.48,74.83,85.98,90.8,74.25,42.48,59.42,0,3,S,,
2025/26,Campeonato de Portugal,Fábio Rodrigo,Alpendorada,30,FB & WB,63.43,82.57,82.36,97.26,72.95,31.16,75.65,0,2,S,,
2025/26,Campeonato de Portugal,João Padi,Celoricense,30,FB & WB,64.74,78.43,62.05,52.61,35.63,32.21,46.74,0,66,C,,
2025/26,Campeonato de Portugal,Assis Júnior,Cinfães,30,FB & WB,37.5,69.97,45.31,42.41,59.51,49.07,47.48,0,69,C,,
2025/26,Campeonato de Portugal,Miguel Silva,Rebordosa,30,FB & WB,50.09,65.45,41.84,22.39,48.51,68.66,34.7,0,84,C,,
2025/26,Campeonato de Portugal,Gaby Faria,Vianense,31,FB & WB,58.68,76.77,51.44,37.19,44.31,38.93,33.02,0,94,C,,
2025/26,Campeonato de Portugal,Filipe Gusmão,Brito,31,FB & WB,78.26,21.59,67.96,81.34,75.19,47.39,58.96,0,16,A,,
2025/26,Campeonato de Portugal,Daniel Rodriguez,Uniao Lamas,31,FB & WB,42.16,32.41,44.83,50.5,26.59,80.29,78.64,0,44,C,,
2025/26,Campeonato de Portugal,Cristiano Gomes,Camacha,31,FB & WB,41.04,55.3,60.98,66.29,50.84,44.4,59.42,0,40,B,,
2025/26,Campeonato de Portugal,João Nogueira,Naval 1º de Maio,32,FB & WB,59.89,59.9,52.77,25.25,35.63,37,27.52,0,116,D,,
2025/26,Campeonato de Portugal,Carlos Freitas,O Elvas,32,FB & WB,22.85,32.17,22.87,30.22,93.84,70.52,35.73,0,89,C,,
2025/26,Campeonato de Portugal,Fábio China,Camacha,33,FB & WB,35.82,63.51,55.6,68.66,59.79,53.05,78.54,0,27,B,,
2025/26,Campeonato de Portugal,César Medina,O Elvas,33,FB & WB,63.62,54.3,41.1,18.03,36.38,32.21,30.41,0,122,E,,
2025/26,Campeonato de Portugal,Jorge Miguel,Salgueiros,35,FB & WB,43.84,55,42.54,42.29,77.43,31.84,31.25,0,101,D,,
2025/26,Campeonato de Portugal,Joãozinho,Oriental Lisboa,36,FB & WB,61.85,78.26,62.58,52.36,70.34,39.74,44.78,0,32,B,,
2025/26,Campeonato de Portugal,Itto Cruz,JD Lajense,37,FB & WB,72.29,19.35,42,20.77,86.19,61.94,36.66,0,71,C,,
2025/26,Campeonato de Portugal,A. Sousa,UD da Serra,39,MF,43.58,59.05,35.38,22.97,66.05,72.52,41.22,0,76,C,,
2025/26,Campeonato de Portugal,Francisco Fernandes,Monção,19,MF,83.45,52.81,77.9,70.16,71.71,29.34,46.37,0,30,B,,
2025/26,Campeonato de Portugal,Rodrigo Braga,Uniao Lamas,19,MF,16.13,38,31.03,49.44,73.4,60.92,65.46,0,75,C,,
2025/26,Campeonato de Portugal,A. Soumare,FC Alverca B,19,MF,72.04,79.54,57.72,34.23,48.99,47.13,38.68,0,65,C,,
2025/26,Campeonato de Portugal,Mairlon Oliveira,Oliveira Hospital,20,MF,79.48,46.88,76.54,83,72.38,61.88,76.18,0,5,A,,
2025/26,Campeonato de Portugal,Hugo Martins,FC Alverca B,20,MF,35.98,67.05,43.77,50.68,37.25,36.04,28.04,0,111,D,,
2025/26,Campeonato de Portugal,L. Giuntini Santiago,Mirandela,20,MF,76.94,63.62,83.35,84.8,31.59,71.4,82.09,0,10,A,,
2025/26,Campeonato de Portugal,D. Sancho,Beira-Mar,20,MF,87.75,47.29,82.43,87.05,47.72,69.88,89.19,0,4,A,,
2025/26,Campeonato de Portugal,Rafael Figueiredo,Gouveia,20,MF,59.8,45.15,66.99,78.15,47.97,22.07,52.03,0,68,C,,
2025/26,Campeonato de Portugal,H. Soares,Comércio Indústria,20,MF,56.5,52.49,49.47,38.96,39.95,30.63,31.84,0,115,D,,
2025/26,Campeonato de Portugal,Lucas Werneck,Chaves B,20,MF,78.12,30.85,56.08,38.18,27.79,36.2,29.48,0,118,D,,
2025/26,Campeonato de Portugal,Gui Monteiro,Naval 1º de Maio,20,MF,58.02,55.06,56.47,60.47,68.33,36.54,63.09,0,45,C,,
2025/26,Campeonato de Portugal,Mateus Matos,Lusitânia,21,MF,60.73,46.11,61,54.5,19.26,18.69,36.99,0,124,D,,
2025/26,Campeonato de Portugal,P. Otumba,Chaves B,21,MF,21.88,72.78,52.32,77.93,61.15,37.67,79.22,0,43,C,,
2025/26,Campeonato de Portugal,David Peres,Benfica Castelo Branco,21,MF,44.59,36.59,30.65,17.91,50.51,55.86,23.82,0,125,D,,
2025/26,Campeonato de Portugal,João Cruz,Benfica Castelo Branco,21,MF,45.86,27.13,34.75,36.6,46.03,73.09,48.73,0,90,C,,
2025/26,Campeonato de Portugal,Gabriel Rodrigues,Chaves B,21,MF,25.59,51.55,32.63,36.82,76.77,36.2,34.8,0,103,D,,
2025/26,Campeonato de Portugal,Pedro Santos,Lusitânia,21,MF,37.08,30.85,46.09,62.27,50.17,26.86,56.59,0,105,D,,
2025/26,Campeonato de Portugal,André Castelhano,Vasco da Gama Vidigueira,21,MF,22.04,20.38,29.68,45.16,46.79,27.93,55.57,0,130,E,,
2025/26,Campeonato de Portugal,Eduardo Barradas,Benfica Castelo Branco,21,MF,83.78,45.2,60.04,41.55,37.16,56.14,43.33,0,72,C,,
2025/26,Campeonato de Portugal,R. Embaló,Vitória de Sernache,21,MF,29.56,56.01,33.83,52.48,31.42,72.24,61.06,0,86,C,,
2025/26,Campeonato de Portugal,Bruno Faria,Ribeira Brava,21,MF,18.67,53.26,21.04,15.54,37.58,38.96,26.01,0,143,E,,
2025/26,Campeonato de Portugal,Mariano Regal,Vianense,21,MF,74.07,70.06,60.38,50.11,62.42,41.22,38.77,0,47,C,,
2025/26,Campeonato de Portugal,Pedro Almeida,Lusitânia,21,MF,38.6,48.69,39.96,29.62,30.15,50.73,59.63,0,116,D,,
2025/26,Campeonato de Portugal,Diogo Alves,Alpendorada,21,MF,29.05,62.53,48.41,52.59,52.28,56.02,39.86,0,80,C,,
2025/26,Campeonato de Portugal,Figa,Tirsense,22,MF,77.36,49.65,60.33,25.56,50.59,32.15,21.79,0,102,D,,
2025/26,Campeonato de Portugal,C. Augusto,Brito,22,MF,46.28,57.57,39.58,51.01,83.61,84.91,77.03,0,16,B,,
2025/26,Campeonato de Portugal,P. Miguel Rocha Macedo,Vilaverdense,22,MF,67.82,41.92,47.97,45.27,26.44,14.02,21.88,0,131,E,,
2025/26,Campeonato de Portugal,Tomás Vilela,Atlético Malveira,22,MF,54.56,47.55,41.55,30.29,61.4,74.1,49.32,0,57,C,,
2025/26,Campeonato de Portugal,R. Mendes Correia,Atlético Malveira,22,MF,82.09,41.71,62.11,56.87,47.89,54.22,57.01,0,44,C,,
2025/26,Campeonato de Portugal,Alex Silva,Fátima,22,MF,52.79,46.11,35.81,14.86,60.14,73.31,34.71,0,89,C,,
2025/26,Campeonato de Portugal,Coquinho,Oliveira Hospital,22,MF,89.44,67.76,89.29,90.65,86.49,73.31,74.92,0,1,S,,
2025/26,Campeonato de Portugal,Marco Pires,Fátima,22,MF,77.62,23.42,56.32,45.27,21.71,89.98,58.11,0,56,C,,
2025/26,Campeonato de Portugal,João Silva,Eléctrico,22,MF,21.96,47.74,33.49,43.69,42.57,18.19,27.28,0,137,E,,
2025/26,Campeonato de Portugal,Ricardo Matias,Marinhense,22,MF,42.82,49.65,56.37,50.45,28.72,39.64,42.65,0,108,D,,
2025/26,Campeonato de Portugal,Vasco Djú,Samora Correia,23,MF,32.77,54.41,28.33,20.95,45.78,61.37,39.95,0,114,D,,
2025/26,Campeonato de Portugal,Rúben Santos,Comércio Indústria,23,MF,33.28,27.13,57.29,87.84,49.83,67.34,70.44,0,35,C,,
2025/26,Campeonato de Portugal,Tiago Antunes,Anadia,23,MF,77.28,59.6,84.6,96.96,42.82,34.68,82.35,0,20,B,,
2025/26,Campeonato de Portugal,Claudio Mendes,Anadia,23,MF,24.49,20.38,34.89,54.05,38.18,25.62,39.1,0,133,E,,
2025/26,Campeonato de Portugal,D. Baba Dabo,Oliveira Hospital,23,MF,60.56,45.15,55.6,57.66,52.03,58.78,56.33,0,51,C,,
2025/26,Campeonato de Portugal,João Tiago,Marialvas,23,MF,72.38,84.65,64.09,44.37,64.78,38.74,59.12,0,34,B,,
2025/26,Campeonato de Portugal,F. Alves Carneiro Leal,Rebordosa,23,MF,35.73,72.65,60.62,77.36,43.67,56.14,52.79,0,42,C,,
2025/26,Campeonato de Portugal,B. Tcherno Candé,FC Serpa,23,MF,12.16,27.13,10.86,7.66,24.58,56.42,29.65,0,145,F,,
2025/26,Campeonato de Portugal,Rubinho,Uniao Lamas,23,MF,25.93,60.69,55.02,81.64,68.33,65.54,64.61,0,25,B,,
2025/26,Campeonato de Portugal,Edgar Moura,Vitória de Sernache,23,MF,76.1,44.92,69.06,52.59,50.51,60.92,47.72,0,40,C,,
2025/26,Campeonato de Portugal,Mamade Fernandes,Peniche,23,MF,28.21,30.85,29.39,25.79,26.94,60.92,54.98,0,129,E,,
2025/26,Campeonato de Portugal,Willian Gomes,Machico,23,MF,64.02,23.42,34.07,20.72,37.08,75.84,51.27,0,100,D,,
2025/26,Campeonato de Portugal,D. Pereira Nunes,Cinfães,23,MF,73.73,78.06,75.14,74.44,34.88,32.55,58.02,0,41,C,,
2025/26,Campeonato de Portugal,G. Dougnon,Vilaverdense,23,MF,29.56,23.42,44.35,66.33,44.51,31.81,47.04,0,112,D,,
2025/26,Campeonato de Portugal,Francisco Ferreira,Fátima,23,MF,31.08,33.71,39.24,48.65,57.01,60.81,54.48,0,85,C,,
2025/26,Campeonato de Portugal,André Grave,Lagoa,24,MF,15.96,46.05,41.46,73.99,65.96,39.13,67.48,0,69,C,,
2025/26,Campeonato de Portugal,Alexandre Moutinho,Portimonense SC,24,MF,80.91,39.29,63.95,52.82,27.28,16.84,29.31,0,117,D,,
2025/26,Campeonato de Portugal,Carlos Avelino,Leça,24,MF,69.93,55.56,57.67,39.41,89.95,89.86,67.4,0,7,A,,
2025/26,Campeonato de Portugal,Gonçalo Batalha,Marinhense,24,MF,29.48,68.98,51.11,62.73,81.93,42.17,59.71,0,39,C,,
2025/26,Campeonato de Portugal,M. Saleh,Eléctrico,24,MF,37.25,65.8,44.16,41.22,45.95,66.39,64.19,0,67,C,,
2025/26,Campeonato de Portugal,V. Neto,JD Lajense,24,MF,51.01,72.31,51.45,34.8,43.58,80.86,52.28,0,49,C,,
2025/26,Campeonato de Portugal,Deven Monteiro,Tirsense,24,MF,88.43,49.7,86.49,84.91,42.74,20.95,57.26,0,37,C,,
2025/26,Campeonato de Portugal,Pedro Sancho,Florgrade,24,MF,37.84,79.53,56.81,64.86,87.08,58.73,68.58,0,14,B,,
2025/26,Campeonato de Portugal,Tomás Lacerda,Sintrense,24,MF,81.25,62.27,74.18,65.43,12.75,61.15,53.55,0,48,C,,
2025/26,Campeonato de Portugal,Rodrigo Elias,Juventude Évora,24,MF,87.84,65.98,70.08,44.71,54.14,61.77,56,0,28,B,,
2025/26,Campeonato de Portugal,J. Francisco Torcato Pascoal,Eléctrico,24,MF,11.49,27.13,16.7,22.18,35.3,22.92,19.43,0,147,F,,
2025/26,Campeonato de Portugal,Daniel Lança,Vasco da Gama Vidigueira,24,MF,27.53,65.1,54.97,79.39,67.06,48.65,71.2,0,33,B,,
2025/26,Campeonato de Portugal,Matchu,Celoricense,24,MF,18.83,30.4,16.84,16.44,17.48,25,41.55,0,148,F,,
2025/26,Campeonato de Portugal,Sérgio Meireles,O Elvas,24,MF,16.89,36.76,33.01,49.32,16.39,31.81,52.36,0,139,E,,
2025/26,Campeonato de Portugal,Bula,Mortágua,24,MF,20.44,20.38,28.19,43.81,23.9,67.12,57.09,0,126,D,,
2025/26,Campeonato de Portugal,João Matos,Os Limianos,25,MF,83.7,34.34,50.58,18.81,35.22,52.2,28.63,0,110,D,,
2025/26,Campeonato de Portugal,Diogo Andrezo,AR São Martinho,25,MF,44.85,88.88,74.95,99.55,88.09,41.67,87.33,0,3,A,,
2025/26,Campeonato de Portugal,Abel Joshua,JD Lajense,25,MF,91.64,63.62,86.44,82.88,62.58,34.74,55.83,0,15,B,,
2025/26,Campeonato de Portugal,Diogo Gonçalves,Tirsense,25,MF,69.34,51.57,46.43,34.01,34.21,50.56,47.97,0,96,D,,
2025/26,Campeonato de Portugal,J.  Fonseca,Atlético Malveira,25,MF,25,34.34,34.03,37.39,45.02,38.4,53.38,0,127,D,,
2025/26,Campeonato de Portugal,Artur Simionato,Mortágua,25,MF,77.03,67.45,83.49,86.49,61.91,54,77.03,0,6,A,,
2025/26,Campeonato de Portugal,Xina,Os Limianos,25,MF,45.02,43.39,61.63,75.11,23.9,26.46,68.33,0,95,D,,
2025/26,Campeonato de Portugal,Nuno Pereira,Leça,25,MF,90.29,88.91,88.8,86.6,75.25,23.09,56.84,0,8,A,,
2025/26,Campeonato de Portugal,V. Dabó,Mirandela,25,MF,17.91,43.01,33.16,48.31,66.22,73.7,61.49,0,59,C,,
2025/26,Campeonato de Portugal,Gonçalo Costa,Florgrade,25,MF,99.49,83.88,85.47,68.47,63.26,41.27,46.96,0,11,B,,
2025/26,Campeonato de Portugal,Sander Ramires,Louletano,25,MF,63.77,51.23,59.07,62.27,21.2,61.2,60.73,0,63,C,,
2025/26,Campeonato de Portugal,Tiago Rodrigues,Atlético Malveira,25,MF,55.41,84.46,72.83,79.39,59.21,40.99,58.28,0,24,B,,
2025/26,Campeonato de Portugal,Ricardo Sousa,Vianense,25,MF,47.72,34.38,29.87,19.71,63.77,85.25,44.76,0,81,C,,
2025/26,Campeonato de Portugal,Bernardo Fortunato,Leça,25,MF,82.52,79.75,74.86,60.25,49.07,56.81,71.71,0,18,B,,
2025/26,Campeonato de Portugal,L. Sousa Maia,Marialvas,25,MF,12.84,20.38,27.46,52.25,59.8,54.22,54.9,0,106,D,,
2025/26,Campeonato de Portugal,Mário Borges,Alpendorada,25,MF,74.41,84.03,83.16,88.29,63.6,67.91,73.4,0,2,A,,
2025/26,Campeonato de Portugal,Russel Sandio,O Elvas,26,MF,78.89,47.29,55.45,26.24,19.59,57.38,39.1,0,104,D,,
2025/26,Campeonato de Portugal,António Baptista,FC Serpa,26,MF,46.71,45.15,47.06,37.84,67.23,73.03,54.14,0,50,C,,
2025/26,Campeonato de Portugal,Caio Carioca,Moncarapachense,26,MF,31.42,79.19,41.46,43.69,41.98,73.87,59.04,0,58,C,,
2025/26,Campeonato de Portugal,Gonçalo Pinto,Alcochetense,26,MF,67.23,47.74,64.58,77.7,77.62,51.46,60.73,0,19,B,,
2025/26,Campeonato de Portugal,Paulo Matos,Naval 1º de Maio,26,MF,44.43,69.81,69.98,78.83,81.93,61.09,63.18,0,9,A,,
2025/26,Campeonato de Portugal,Tiago Luís,Beira-Mar,26,MF,17.48,54.15,35.91,45.5,73.31,65.09,66.3,0,55,C,,
2025/26,Campeonato de Portugal,Renato Alexandre,Peniche,26,MF,27.53,51.23,54.2,81.08,23.23,61.94,71.54,0,60,C,,
2025/26,Campeonato de Portugal,L. Salgado,Uniao Lamas,26,MF,28.63,85.91,63.03,87.27,77.03,25.56,62.84,0,29,B,,
2025/26,Campeonato de Portugal,Miguel Ângelo,Salgueiros,27,MF,11.32,29.43,22.01,41.55,54.48,35.42,20.86,0,136,E,,
2025/26,Campeonato de Portugal,Tomás Martins,Samora Correia,27,MF,91.89,68.98,90.88,94.82,52.96,29.9,64.53,0,12,B,,
2025/26,Campeonato de Portugal,David Freire,Oriental Lisboa,27,MF,50.17,43.39,49.71,40.43,60.3,50,52.53,0,79,C,,
2025/26,Campeonato de Portugal,J. Juah,Moncarapachense,27,MF,47.04,32.47,28.57,14.75,44.17,38.85,26.77,0,135,E,,
2025/26,Campeonato de Portugal,I. Santos,Rebordosa,27,MF,36.06,27.13,27.22,13.96,59.29,82.77,45.35,0,98,D,,
2025/26,Campeonato de Portugal,Vítor Hugo,Monção,27,MF,10.98,73.53,25,26.46,57.85,38.63,22.97,0,128,D,,
2025/26,Campeonato de Portugal,António Baixinho,Vasco da Gama Vidigueira,27,MF,85.3,42.9,69.26,54.95,45.52,13.8,29.73,0,94,D,,
2025/26,Campeonato de Portugal,Apolo Silva,Tirsense,27,MF,63.01,37.83,43.87,22.86,19.76,75.17,43.58,0,107,D,,
2025/26,Campeonato de Portugal,João António,Aparecida,27,MF,27.2,49.42,32.72,20.61,12.75,54.05,32.6,0,140,E,,
2025/26,Campeonato de Portugal,Pedro Simões,Lagoa,27,MF,77.7,84.98,67.91,52.03,70.02,29,38.18,0,38,C,,
2025/26,Campeonato de Portugal,Emanuel Santos,Machico,27,MF,55.57,47.29,53.38,38.63,21.54,46.45,40.03,0,113,D,,
2025/26,Campeonato de Portugal,Bruno Silva,Vianense,27,MF,41.55,77.58,61.82,77.93,60.73,47.41,53.97,0,32,B,,
2025/26,Campeonato de Portugal,Marcelo,Ribeira Brava,27,MF,39.86,79.75,50.19,53.15,40.54,68.41,50.51,0,54,C,,
2025/26,Campeonato de Portugal,Andre Oliveira,Atlético Malveira,28,MF,75.59,29.66,54.87,52.03,78.21,85.59,59.21,0,17,B,,
2025/26,Campeonato de Portugal,Serginho,Brito,28,MF,56.17,47.47,71.81,93.36,66.64,8.95,55.74,0,46,C,,
2025/26,Campeonato de Portugal,D. Parini,Bragança,28,MF,19.17,51.56,38.51,52.14,32.26,68.81,50.25,0,97,D,,
2025/26,Campeonato de Portugal,Frederico Fernandes,Samora Correia,28,MF,14.36,75.83,43.77,63.51,67.91,45.89,44.59,0,61,C,,
2025/26,Campeonato de Portugal,José Miranda,FC Serpa,28,MF,76.18,37.83,71.67,69.14,35.73,33.9,47.21,0,70,C,,
2025/26,Campeonato de Portugal,Diogo Martins,Vila Meã,28,MF,44.68,42.1,52.94,62.39,65.96,9.91,35.14,0,101,D,,
2025/26,Campeonato de Portugal,Leo Andrade,Machico,28,MF,34.29,34.34,46.81,54.84,47.72,51.97,62.16,0,87,C,,
2025/26,Campeonato de Portugal,Henrique Leça,Camacha,28,MF,76.44,48.69,57.67,39.53,75.93,82.15,52.2,0,21,B,,
2025/26,Campeonato de Portugal,Huey,Camacha,29,MF,55.91,87.17,63.13,62.61,85.3,51.18,56.08,0,13,B,,
2025/26,Campeonato de Portugal,L. Nkolo,Salgueiros,29,MF,17.91,23.42,13.47,9.8,62.58,39.7,35.64,0,141,E,,
2025/26,Campeonato de Portugal,André Teles,Camacha,29,MF,27.53,34.34,50.14,71.62,70.02,31.14,74.58,0,64,C,,
2025/26,Campeonato de Portugal,Pablo Araújo,Brito,29,MF,97.04,72.4,97.1,94.14,28.63,14.08,59.38,0,31,B,,
2025/26,Campeonato de Portugal,B. Dos Santos,Vitória de Sernache,29,MF,88.51,80.85,76.69,61.71,34.71,43.52,46.62,0,36,C,,
2025/26,Campeonato de Portugal,J. Miranda Pires,Comércio Indústria,29,MF,25.59,29.32,18.73,11.82,63.09,67.85,39.44,0,121,D,,
2025/26,Campeonato de Portugal,Francisco Aguilar,Machico,29,MF,73.31,54.86,62.64,56.08,21.45,45.44,24.75,0,92,C,,
2025/26,Campeonato de Portugal,F. Duarte Monteiro,Aparecida,29,MF,29.48,36.19,53.38,83.78,27.03,24.1,56.93,0,109,D,,
2025/26,Campeonato de Portugal,B. Santos,Vitória de Sernache,29,MF,85.56,75.07,72.2,58.45,35.98,43.92,35.9,0,52,C,,
2025/26,Campeonato de Portugal,Vieirinha,UD da Serra,29,MF,51.6,72.94,69.79,84.46,68.07,41.55,57.94,0,22,B,,
2025/26,Campeonato de Portugal,S. Syzyi,Vila Meã,30,MF,45.95,37.08,26.83,26.46,46.54,72.47,51.27,0,99,D,,
2025/26,Campeonato de Portugal,Jordanes Medeiros,JD Lajense,30,MF,22.55,48.75,29.54,37.39,49.92,18.41,33.95,0,134,E,,
2025/26,Campeonato de Portugal,Muelson Samate,Os Limianos,30,MF,37.25,55.55,47.35,52.14,78.8,36.71,36.99,0,74,C,,
2025/26,Campeonato de Portugal,Guilherme Campos,Louletano,30,MF,21.11,32.88,18.97,18.36,36.99,79.79,55.57,0,123,D,,
2025/26,Campeonato de Portugal,Y. Bamba,Cinfães,30,MF,36.23,40.58,33.54,21.28,29.98,44.37,38.85,0,132,E,,
2025/26,Campeonato de Portugal,Lote,Vila Real,30,MF,33.61,25.84,25.14,19.14,19.09,61.37,26.86,0,142,E,,
2025/26,Campeonato de Portugal,A. Njoya,Rebordosa,31,MF,14.95,20.38,11.68,12.61,34.04,46.45,20.78,0,146,F,,
2025/26,Campeonato de Portugal,André Galamba,Oriental Lisboa,31,MF,58.45,56.75,63.22,64.41,51.77,34.01,41.89,0,66,C,,
2025/26,Campeonato de Portugal,S. Ferreira Nogueira,Cinfães,31,MF,36.23,40.45,24.52,23.09,56.67,51.07,42.74,0,120,D,,
2025/26,Campeonato de Portugal,A. Cabrera,AR São Martinho,31,MF,46.03,27.69,20.66,8.9,71.54,95.16,51.77,0,78,C,,
2025/26,Campeonato de Portugal,João Bandeira,O Elvas,31,MF,89.7,67.67,90.69,87.95,38.77,27.53,70.35,0,23,B,,
2025/26,Campeonato de Portugal,Marco Castelhano,Vasco da Gama Vidigueira,32,MF,62.67,32.59,35.96,17,60.73,68.52,48.73,0,88,C,,
2025/26,Campeonato de Portugal,Andrezinho,Celoricense,33,MF,47.97,20.38,29.44,21.96,25.08,47.41,35.98,0,138,E,,
2025/26,Campeonato de Portugal,Tiago Feiteira,Sintrense,33,MF,15.88,86.08,41.46,50.11,73.48,58,43.92,0,53,C,,
2025/26,Campeonato de Portugal,Zimbabwé,O Elvas,33,MF,65.37,20.38,37.4,23.54,43.33,53.21,36.49,0,119,D,,
2025/26,Campeonato de Portugal,Bela Tavares,Alpendorada,33,MF,53.04,38.09,45.46,42.12,38.94,75.34,60.3,0,71,C,,
2025/26,Campeonato de Portugal,Geraldo,Juventude Évora,33,MF,49.83,20.38,26.3,20.05,11.23,47.69,35.14,0,144,E,,
2025/26,Campeonato de Portugal,Tiago,Resende,34,MF,57.69,28.28,31.52,19.93,46.45,91.1,59.21,0,82,C,,
2025/26,Campeonato de Portugal,Paulo Grilo,Naval 1º de Maio,34,MF,38.85,54.72,52.8,59.23,66.39,30.24,39.7,0,83,C,,
2025/26,Campeonato de Portugal,N. Obiora,Anadia,34,MF,83.7,20.38,45.46,25.79,51.44,52.59,47.72,0,91,C,,
2025/26,Campeonato de Portugal,Mauro Santos,Vitória de Sernache,35,MF,56.67,48.07,59.85,64.41,28.04,50.45,74.58,0,62,C,,
2025/26,Campeonato de Portugal,Léléco,Alcochetense,35,MF,68.07,54.53,55.5,31.53,60.47,36.6,17.4,0,93,C,,
2025/26,Campeonato de Portugal,Capelo,Bragança,35,MF,37.92,65.62,45.37,43.13,58.53,58.33,40.79,0,73,C,,
2025/26,Campeonato de Portugal,Tiago Jogo,Florgrade,35,MF,17.31,35.94,30.16,49.55,75.59,62.84,58.61,0,77,C,,
2025/26,Campeonato de Portugal,Mica,Leça,35,MF,46.71,40.31,31.81,40.2,57.6,67.68,45.44,0,84,C,,
2025/26,Campeonato de Portugal,Seidy,Mortágua,36,MF,50.17,40.45,45.22,51.46,83.45,77.76,65.54,0,26,B,,
2025/26,Campeonato de Portugal,Diogo Rosado,Vilaverdense,36,MF,85.39,76.79,75.77,53.94,67.65,39.25,49.92,0,27,B,,
2025/26,Campeonato de Portugal,Ragner Paula,JD Lajense,37,MF,16.05,47.18,26.25,34.68,49.41,53.43,41.72,0,122,D,,
2025/26,Campeonato de Portugal,D. Garcia,Machico,22,AM & W,51.05,63.29,60.68,59.94,34.45,41.11,57.98,0,46,C,,
2025/26,Campeonato de Portugal,Ricardo Brito,Vianense,19,AM & W,91.6,42.45,55.04,24.37,33.51,53.5,42.44,0,72,C,,
2025/26,Campeonato de Portugal,Rodrigo Neto,Uniao Lamas,19,AM & W,73.53,29.44,47.12,33.33,40.55,70.59,66.28,0,62,C,,
2025/26,Campeonato de Portugal,Joy,Vila Meã,19,AM & W,36.76,23.84,35.59,51.96,23.84,69.54,44.85,0,104,D,,
2025/26,Campeonato de Portugal,Pedro Nóbrega,Ribeira Brava,20,AM & W,21.74,15.96,21.07,29.69,32.14,63.8,39.71,0,116,E,,
2025/26,Campeonato de Portugal,Tiago Silva,Fátima,20,AM & W,66.39,34.06,39.5,24.23,69.54,87.39,60.08,0,47,C,,
2025/26,Campeonato de Portugal,Francisco Sancho,Beira-Mar,20,AM & W,68.28,31.22,51.98,55.04,46.53,86.76,73.21,0,28,B,,
2025/26,Campeonato de Portugal,Rodrigo Figueiredo,Gouveia,20,AM & W,43.28,35.94,32.53,37.39,64.18,35.85,49.26,0,101,D,,
2025/26,Campeonato de Portugal,Pedro Pato,Samora Correia,20,AM & W,44.85,36.61,15.13,6.86,50,63.73,29.31,0,112,E,,
2025/26,Campeonato de Portugal,Francisco Morais,FC Alverca B,21,AM & W,89.18,31.17,75.33,78.43,48,77.73,67.96,0,6,A,,
2025/26,Campeonato de Portugal,Diamantino Jr,Samora Correia,21,AM & W,29.94,60.03,47.72,82.77,30.04,37.32,59.87,0,61,C,,
2025/26,Campeonato de Portugal,Francisco Martim,Celoricense,21,AM & W,50.11,44.21,67.71,89.08,32.46,28.64,69.96,0,40,B,,
2025/26,Campeonato de Portugal,M. Manga,Sintrense,21,AM & W,88.34,64.5,74.67,56.44,38.87,49.16,73,0,13,B,,
2025/26,Campeonato de Portugal,Pedro Vergueiro,Mirandela,21,AM & W,46.43,48.68,38.06,35.15,41.28,76.4,47.9,0,74,C,,
2025/26,Campeonato de Portugal,Raúl Cepeda,Marialvas,21,AM & W,86.97,69.48,66.27,53.92,67.12,31.02,41.91,0,24,B,,
2025/26,Campeonato de Portugal,Diogo Faria,Resende,21,AM & W,20.06,20.16,9.06,9.38,67.75,74.09,41.28,0,113,E,,
2025/26,Campeonato de Portugal,Rodrigo Geraldo,Alcochetense,21,AM & W,58.3,32.76,56.06,66.11,32.98,37.54,44.22,0,76,C,,
2025/26,Campeonato de Portugal,João Rianço,Mortágua,22,AM & W,13.13,49.18,24.37,32.63,26.16,36.97,46.32,0,114,E,,
2025/26,Campeonato de Portugal,Gustavo Teixeira,Vila Real,22,AM & W,50,28.7,22.87,14.99,75.74,92.65,51.89,0,77,C,,
2025/26,Campeonato de Portugal,E. Mucuana,Oriental Lisboa,22,AM & W,70.06,41.83,61.64,63.45,30.99,56.23,69.22,0,38,B,,
2025/26,Campeonato de Portugal,Miguel Pinto,Fátima,22,AM & W,42.54,64.13,51.68,55.74,68.59,62.39,64.92,0,26,B,,
2025/26,Campeonato de Portugal,B. Camará,Mirandela,22,AM & W,22.48,41.85,49.88,77.31,59.98,47.83,58.19,0,51,C,,
2025/26,Campeonato de Portugal,Edu Santos,Florgrade,22,AM & W,50.74,17.64,58.04,71.01,7.77,51.82,64.39,0,83,C,,
2025/26,Campeonato de Portugal,João Madureira,Vila Meã,22,AM & W,28.05,38.92,40.22,51.68,65.23,71.57,72.79,0,50,C,,
2025/26,Campeonato de Portugal,Gustavo Barge,Oliveira Hospital,22,AM & W,42.44,87.17,37.88,22.83,84.45,13.94,16.7,0,87,C,,
2025/26,Campeonato de Portugal,Rodrigo Conceição,Fátima,22,AM & W,82.67,69.14,81.21,80.11,89.5,50.21,70.8,0,2,S,,
2025/26,Campeonato de Portugal,João Pacheco,Tirsense,22,AM & W,51.47,54.19,70.35,78.15,35.19,58.75,70.38,0,23,B,,
2025/26,Campeonato de Portugal,Guilherme Pio,Lagoa,22,AM & W,80.78,86.64,75.51,74.09,33.82,60.71,65.55,0,4,A,,
2025/26,Campeonato de Portugal,Kiano Mendonça,Ribeira Brava,22,AM & W,39.18,19.04,41.9,60.36,44.85,54.13,58.82,0,86,C,,
2025/26,Campeonato de Portugal,João Batista,Peniche,22,AM & W,24.47,17.64,28.45,35.85,57.46,46.5,49.16,0,110,D,,
2025/26,Campeonato de Portugal,Nuno Martelo,Louletano,23,AM & W,56.2,29.82,63.93,72.55,65.34,71.08,75,0,16,B,,
2025/26,Campeonato de Portugal,Vagarinho,Benfica Castelo Branco,23,AM & W,43.49,59.51,40.22,21.29,67.65,79.55,48.32,0,56,C,,
2025/26,Campeonato de Portugal,Yuran Monteiro,Comércio Indústria,23,AM & W,34.45,64.1,62.55,77.17,18.7,57.07,68.7,0,36,B,,
2025/26,Campeonato de Portugal,Bernardo Mesquita,Leça,23,AM & W,73.11,78.87,75.81,64.29,65.65,53.85,52.21,0,5,A,,
2025/26,Campeonato de Portugal,Afonso Couto,Salgueiros,23,AM & W,40.44,19.04,36.73,32.21,56.62,76.26,64.71,0,82,C,,
2025/26,Campeonato de Portugal,Afonso Vagarinho,Benfica Castelo Branco,23,AM & W,34.03,55.17,40.22,28.99,66.7,78.99,56.2,0,54,C,,
2025/26,Campeonato de Portugal,Jucélio,Alpendorada,23,AM & W,71.53,63.94,59,44.26,59.03,42.65,39.5,0,42,C,,
2025/26,Campeonato de Portugal,Gustavo,Oriental Lisboa,23,AM & W,44.75,61.41,69.27,86.83,14.6,37.11,81.51,0,32,B,,
2025/26,Campeonato de Portugal,Rúben Marques,Cinfães,23,AM & W,54.41,17.64,34.75,31.65,50.42,92.16,57.56,0,75,C,,
2025/26,Campeonato de Portugal,Joel Mendes,Juventude Évora,23,AM & W,34.66,36.54,55.4,85.57,12.29,36.13,64.18,0,79,C,,
2025/26,Campeonato de Portugal,L. Santos,Vasco da Gama Vidigueira,23,AM & W,18.49,41.47,43.64,59.1,33.93,36.9,42.02,0,105,D,,
2025/26,Campeonato de Portugal,André Novais,Monção,23,AM & W,4.2,15.96,12,23.53,44.75,34.38,18.17,0,119,F,,
2025/26,Campeonato de Portugal,Mamadu Camará,Brito,24,AM & W,32.77,74.85,62,77.31,58.93,45.73,81.09,0,14,B,,
2025/26,Campeonato de Portugal,Tomás Palma,Louletano,24,AM & W,66.7,23.8,42.38,29.97,49.37,56.72,52.84,0,89,C,,
2025/26,Campeonato de Portugal,André Ramalho,Vianense,24,AM & W,78.05,87.37,69.45,50.14,56.09,59.17,40.76,0,9,A,,
2025/26,Campeonato de Portugal,Fredwilson Mendonca,O Elvas,24,AM & W,45.69,96.74,66.15,71.71,55.46,31.23,67.96,0,12,A,,
2025/26,Campeonato de Portugal,N. Dos Santos,Leça,24,AM & W,80.46,47.89,71.07,51.26,30.88,49.79,31.83,0,49,C,,
2025/26,Campeonato de Portugal,João Sousa,Vila Real,24,AM & W,62.92,43.78,39.44,14.15,39.92,75,33.72,0,93,D,,
2025/26,Campeonato de Portugal,Leandro Ferreira,Louletano,24,AM & W,89.5,90.02,89.08,84.31,63.24,43.7,71.01,0,1,S,,
2025/26,Campeonato de Portugal,Fernando Príncipe,Uniao Lamas,24,AM & W,46.64,17.64,35.41,47.2,62.5,61.34,57.56,0,81,C,,
2025/26,Campeonato de Portugal,Pedro Neto,AR São Martinho,24,AM & W,25,39.06,17.35,7.7,87.08,68.56,40.55,0,106,D,,
2025/26,Campeonato de Portugal,André Fontes,Brito,24,AM & W,59.03,47.05,39.8,25.91,71.95,28.29,30.25,0,96,D,,
2025/26,Campeonato de Portugal,Zé Thiago,Tirsense,24,AM & W,71.64,61.61,76.83,75.63,15.44,31.72,63.45,0,31,B,,
2025/26,Campeonato de Portugal,Vitor Fati,Camacha,25,AM & W,74.68,31.78,69.87,89.36,19.33,69.75,73.84,0,21,B,,
2025/26,Campeonato de Portugal,Eduardo Barros,Os Limianos,25,AM & W,70.17,45.51,62.67,61.62,45.8,41.74,39.39,0,48,C,,
2025/26,Campeonato de Portugal,Jota Lopes,Vila Meã,25,AM & W,73.42,52.51,70.53,64.57,41.18,30.81,48.74,0,41,B,,
2025/26,Campeonato de Portugal,Gustavo Martins,JD Lajense,25,AM & W,20.17,68.48,29.83,28.29,79.41,46.99,30.88,0,88,C,,
2025/26,Campeonato de Portugal,Diogo Morais,Monção,25,AM & W,74.58,51.53,77.43,88.1,19.54,38.38,56.3,0,27,B,,
2025/26,Campeonato de Portugal,Mica Évora,Atlético Malveira,25,AM & W,68.8,60.4,52.82,43.98,50.32,42.58,45.9,0,53,C,,
2025/26,Campeonato de Portugal,Rashid,Rebordosa,25,AM & W,23,69.99,44.78,52.94,24.16,50.84,34.35,0,90,C,,
2025/26,Campeonato de Portugal,Nico,Naval 1º de Maio,25,AM & W,58.61,28.56,44.24,31.93,56.83,51.33,40.86,0,92,C,,
2025/26,Campeonato de Portugal,D. Cabral,Portimonense SC,25,AM & W,33.72,26.18,34.21,32.91,21.85,23.95,30.57,0,117,E,,
2025/26,Campeonato de Portugal,Nuno Moreira,AR São Martinho,25,AM & W,65.13,60.21,36.07,4.34,60.61,64.78,27.63,0,85,C,,
2025/26,Campeonato de Portugal,D. Ferreira Pires,Bragança,25,AM & W,93.07,34.86,62.18,41.6,28.05,43.07,43.7,0,69,C,,
2025/26,Campeonato de Portugal,Telmo Silva,AR São Martinho,25,AM & W,22.9,39.9,28.51,28.57,57.04,51.89,50.63,0,107,D,,
2025/26,Campeonato de Portugal,Nuno André,Naval 1º de Maio,26,AM & W,79.73,82.54,58.64,33.33,52.42,31.79,51.58,0,39,B,,
2025/26,Campeonato de Portugal,Tiago Rosário,Comércio Indústria,26,AM & W,59.03,87.18,61.64,51.26,48.74,63.24,48.53,0,17,B,,
2025/26,Campeonato de Portugal,Rafa Tchê,JD Lajense,26,AM & W,80.04,44.81,56.12,37.39,69.96,60.01,49.68,0,33,B,,
2025/26,Campeonato de Portugal,Diogo Motty,Moncarapachense,26,AM & W,57.14,15.96,36.01,21.01,28.68,40.06,36.97,0,115,E,,
2025/26,Campeonato de Portugal,Jony,Alpendorada,26,AM & W,23.11,53.2,35.29,28.71,84.24,38.45,31.3,0,95,D,,
2025/26,Campeonato de Portugal,Zidane,Aparecida,26,AM & W,85.4,37.94,71.25,59.66,19.85,27.94,32.98,0,71,C,,
2025/26,Campeonato de Portugal,Samuel Cazares,Aparecida,26,AM & W,68.28,84.79,86.61,95.52,26.26,27.8,66.7,0,7,A,,
2025/26,Campeonato de Portugal,Tiago Varandas,Eléctrico,26,AM & W,43.38,66.24,66.57,84.03,38.55,53.57,64.5,0,19,B,,
2025/26,Campeonato de Portugal,Nicolas Reis,Leça,26,AM & W,90.55,54.55,81.81,70.31,58.4,58.61,68.91,0,3,A,,
2025/26,Campeonato de Portugal,Chiquinho,Vila Real,26,AM & W,47.37,47.79,62.18,75.91,39.92,34.24,65.02,0,44,C,,
2025/26,Campeonato de Portugal,P. Gaspar Ruivo,UD da Serra,26,AM & W,50.32,40.51,28.81,3.78,55.04,55.53,23.42,0,111,D,,
2025/26,Campeonato de Portugal,Jaílson,Bragança,26,AM & W,32.14,52.23,46.22,74.51,73.84,57.91,59.98,0,30,B,,
2025/26,Campeonato de Portugal,Y. Agbaoye,Moncarapachense,27,AM & W,42.33,54.89,46.16,44.4,50.21,65.9,56.62,0,55,C,,
2025/26,Campeonato de Portugal,Márcio Machado,Tirsense,27,AM & W,77.31,56.85,78.87,78.99,38.97,50.14,59.66,0,10,A,,
2025/26,Campeonato de Portugal,Leo Costa,Cinfães,27,AM & W,60.29,54.8,62.42,72.41,8.3,30.18,59.35,0,63,C,,
2025/26,Campeonato de Portugal,Marcelo Marquês,Peniche,27,AM & W,79.62,37.53,53.06,37.11,34.87,57.07,54.41,0,64,C,,
2025/26,Campeonato de Portugal,Sérgio Santos,Beira-Mar,27,AM & W,19.12,60.63,46.4,56.72,65.23,49.16,43.38,0,58,C,,
2025/26,Campeonato de Portugal,Diogo Almeida,Rebordosa,27,AM & W,52.42,44.64,39.74,42.3,57.67,58.26,53.15,0,65,C,,
2025/26,Campeonato de Portugal,João Pais,Mortágua,27,AM & W,44.96,76.68,56.6,63.31,77.31,63.03,53.36,0,11,A,,
2025/26,Campeonato de Portugal,Ema Brito,Resende,27,AM & W,37.18,76.99,53.54,64.57,45.8,82.28,70.27,0,15,B,,
2025/26,Campeonato de Portugal,Marcelo Vilela,Oliveira Hospital,27,AM & W,54.52,79.95,61.22,53.08,90.65,31.86,42.86,0,22,B,,
2025/26,Campeonato de Portugal,Joel Marques,Os Limianos,27,AM & W,56.51,72.2,80.49,89.5,74.26,16.67,52.94,0,8,A,,
2025/26,Campeonato de Portugal,Domingues,Lagoa,27,AM & W,81.62,39.9,65.79,47.2,36.55,37.54,32.77,0,67,C,,
2025/26,Campeonato de Portugal,Paulinho,Marialvas,28,AM & W,19.43,68.2,43.76,58.12,48.21,77.59,73.32,0,34,B,,
2025/26,Campeonato de Portugal,André Farinha,Juventude Évora,28,AM & W,30.04,42.99,44.66,66.39,48.84,41.04,69.75,0,66,C,,
2025/26,Campeonato de Portugal,João Rafael,Vila Meã,28,AM & W,17.23,37.66,35.83,49.72,81.09,57.98,37.08,0,78,C,,
2025/26,Campeonato de Portugal,H. Medarious,Monção,28,AM & W,40.34,33.46,25.99,23.81,40.76,72.2,59.03,0,103,D,,
2025/26,Campeonato de Portugal,Jonas,AR São Martinho,28,AM & W,15.97,72.92,23.95,17.51,58.09,64.08,37.92,0,98,D,,
2025/26,Campeonato de Portugal,D. Castillo,Atlético Malveira,28,AM & W,84.35,54.13,59.36,32.63,19.54,45.24,42.44,0,73,C,,
2025/26,Campeonato de Portugal,Pedro Marado,Resende,28,AM & W,59.14,47.42,48.98,43.42,61.45,45.38,47.69,0,60,C,,
2025/26,Campeonato de Portugal,Pedro Prazeres,Salgueiros,28,AM & W,16.07,49.19,40.16,52.66,78.05,54.27,33.51,0,70,C,,
2025/26,Campeonato de Portugal,Flavinho,Anadia,29,AM & W,71.64,46.49,52.52,38.52,45.69,45.17,45.69,0,68,C,,
2025/26,Campeonato de Portugal,Diogo Alves,Celoricense,29,AM & W,75.32,37.66,53.24,34.59,46.32,40.76,32.25,0,84,C,,
2025/26,Campeonato de Portugal,Nuno Silvano,Bragança,29,AM & W,24.37,49.89,24.07,19.19,34.35,28.01,4.94,0,118,F,,
2025/26,Campeonato de Portugal,O. Silas,Moncarapachense,29,AM & W,69.96,56.04,65.61,66.39,51.05,14.64,49.68,0,45,C,,
2025/26,Campeonato de Portugal,Anderson,Florgrade,29,AM & W,39.29,76.64,57.74,68.63,43.49,16.81,48.53,0,57,C,,
2025/26,Campeonato de Portugal,André Sena,Mortágua,29,AM & W,33.51,33.01,31.27,31.51,65.23,44.54,38.55,0,108,D,,
2025/26,Campeonato de Portugal,Rafa,Vilaverdense,30,AM & W,39.39,72.52,38.66,18.91,60.92,43.35,23.11,0,94,D,,
2025/26,Campeonato de Portugal,Tommy Batista,Portimonense SC,30,AM & W,46.43,39.25,63.33,82.35,58.72,44.33,63.87,0,29,B,,
2025/26,Campeonato de Portugal,Joel Neves,Oriental Lisboa,30,AM & W,14.18,40.75,21.97,24.93,69.33,73.18,37.18,0,102,D,,
2025/26,Campeonato de Portugal,Rodrigo Vilela,Louletano,31,AM & W,27.52,36.02,35.53,33.05,40.97,69.26,52.21,0,99,D,,
2025/26,Campeonato de Portugal,Vieirinha,Camacha,31,AM & W,32.67,62.77,47.66,66.39,34.66,44.96,61.76,0,59,C,,
2025/26,Campeonato de Portugal,Fábio Arcanjo,Oriental Lisboa,31,AM & W,6.72,37.7,23.77,39.78,81.2,62.75,56.51,0,91,C,,
2025/26,Campeonato de Portugal,Miguel Baptista,Peniche,32,AM & W,52.21,66.2,48.08,32.35,76.68,71.22,39.29,0,35,B,,
2025/26,Campeonato de Portugal,Edgar Abreu,Camacha,32,AM & W,24.26,27.58,19.51,15.83,69.75,67.58,32.88,0,109,D,,
2025/26,Campeonato de Portugal,Lewis Enoh,O Elvas,33,AM & W,22.69,40.46,46.04,71.01,45.27,35.29,61.76,0,80,C,,
2025/26,Campeonato de Portugal,Joca,Alcochetense,33,AM & W,91.28,53.67,81.99,68.49,52.73,21.36,55.46,0,18,B,,
2025/26,Campeonato de Portugal,Ismael Pinto,Alpendorada,33,AM & W,70.48,65.77,73.95,69.61,32.25,49.44,59.87,0,20,B,,
2025/26,Campeonato de Portugal,Leandro Borges,Uniao Lamas,34,AM & W,29.31,35.14,45.92,57.14,50.21,36.62,28.68,0,100,D,,
2025/26,Campeonato de Portugal,Pipo,Rebordosa,34,AM & W,57.35,43.67,49.4,32.21,83.61,53.85,44.64,0,52,C,,
2025/26,Campeonato de Portugal,Vítor Bruno,Anadia,36,AM & W,16.91,88.76,44.36,62.46,81.51,34.24,47.37,0,37,B,,
2025/26,Campeonato de Portugal,V. Ramos Gonçalves,Anadia,36,AM & W,27.31,91.39,50,67.79,69.96,20.52,42.02,0,43,C,,
2025/26,Campeonato de Portugal,Hugo Seco,Marialvas,37,AM & W,67.02,57.61,67.95,85.57,57.04,22.83,52.73,0,25,B,,
2025/26,Campeonato de Portugal,Diogo Valente,Salgueiros,41,AM & W,44.01,69.18,46.16,40.76,53.68,18.91,11.66,0,97,D,,
2025/26,Campeonato de Portugal,W. Tavares,Atlético Malveira,24,CF,76.58,57.24,72.71,81.23,66.32,43.42,70.39,0,9,A,,
2025/26,Campeonato de Portugal,Daniel Amorim,AR São Martinho,19,CF,78.03,48,71.95,65.79,58.16,57.37,60.26,0,10,A,,
2025/26,Campeonato de Portugal,Pedro Cauã,Chaves B,20,CF,8.29,59.41,47.14,79.82,77.11,58.77,68.68,0,40,C,,
2025/26,Campeonato de Portugal,Felipe Lima,FC Alverca B,20,CF,64.74,56.9,59.17,74.91,54.61,37.19,70.92,0,21,B,,
2025/26,Campeonato de Portugal,A. Coly Djaló,Chaves B,20,CF,70.92,65.66,63.61,54.21,59.61,49.65,58.03,0,19,B,,
2025/26,Campeonato de Portugal,L. Vladimir Matias Samaina,Gouveia,20,CF,11.58,67.95,56.84,97.89,60.39,41.49,72.89,0,31,B,,
2025/26,Campeonato de Portugal,L. Oliveira,Fátima,21,CF,58.42,33.27,44.44,31.75,44.08,52.63,24.34,0,65,D,,
2025/26,Campeonato de Portugal,Ivo Almeida,Florgrade,21,CF,37.89,35.91,52.33,72.98,19.61,35.61,54.87,0,57,C,,
2025/26,Campeonato de Portugal,E. Segun Alao,Alcochetense,21,CF,58.68,81.45,72.26,78.6,50.92,67.11,76.71,0,5,A,,
2025/26,Campeonato de Portugal,Nuno Gaspar,Benfica Castelo Branco,21,CF,37.76,97.71,70.83,86.14,58.29,66.14,85.39,0,4,A,,
2025/26,Campeonato de Portugal,R. Sousa Santos,Comércio Indústria,21,CF,63.03,40.64,39.47,20.53,43.03,45.88,30.66,0,73,D,,
2025/26,Campeonato de Portugal,N. Campos Gonçalves,Mirandela,21,CF,54.08,49.92,54.74,71.4,57.5,40.44,51.97,0,39,C,,
2025/26,Campeonato de Portugal,G. Pereira Santos,Lusitânia,21,CF,29.21,22.74,33.46,45.26,54.61,48.33,55.26,0,75,D,,
2025/26,Campeonato de Portugal,Alessandro Pina,FC Alverca B,21,CF,79.87,71.39,63.68,42.81,55.26,63.95,47.63,0,16,B,,
2025/26,Campeonato de Portugal,D. Teixeira,Aparecida,21,CF,88.95,46.04,53.68,28.77,47.37,26.75,45.79,0,49,C,,
2025/26,Campeonato de Portugal,Janickson Da Silva,O Elvas,21,CF,21.71,68.98,23.23,29.65,82.11,35.44,34.34,0,81,E,,
2025/26,Campeonato de Portugal,I. Afonso,Mortágua,22,CF,33.29,63.79,56.09,69.65,61.32,30.09,43.42,0,47,C,,
2025/26,Campeonato de Portugal,Tibério Cunha,Chaves B,22,CF,72.11,18.35,35.94,19.47,5.26,14.56,22.5,0,92,F,,
2025/26,Campeonato de Portugal,Pedro Rocha,Oriental Lisboa,22,CF,43.16,81.3,37.22,21.23,41.18,43.95,22.24,0,76,D,,
2025/26,Campeonato de Portugal,Pedro Peralta,Oliveira Hospital,22,CF,6.32,65.66,34.14,55.61,66.84,37.02,47.5,0,70,D,,
2025/26,Campeonato de Portugal,Francisco Silva,Tirsense,22,CF,70.79,33.66,48.72,26.14,49.74,53.07,38.82,0,56,C,,
2025/26,Campeonato de Portugal,David,Leça,22,CF,95.39,69.59,92.41,86.67,15.92,25.79,56.32,0,8,A,,
2025/26,Campeonato de Portugal,E. Ndow,Portimonense SC,22,CF,19.08,29.58,26.09,25.44,31.18,79.82,45.92,0,87,E,,
2025/26,Campeonato de Portugal,Joel Carvalho,Vila Meã,22,CF,63.42,25.9,38.27,20.18,35.39,64.21,38.82,0,69,D,,
2025/26,Campeonato de Portugal,Dinis Djadjó,Rebordosa,23,CF,91.97,26.6,62.56,48.95,16.45,57.11,46.18,0,42,C,,
2025/26,Campeonato de Portugal,Tiago Moninhas,Vianense,23,CF,81.71,94.81,85.11,84.04,69.47,48.86,68.42,0,1,S,,
2025/26,Campeonato de Portugal,H. Lomba,Mirandela,23,CF,21.18,37.13,27.22,37.72,42.11,63.77,32.76,0,86,E,,
2025/26,Campeonato de Portugal,Diogo Machado,Juventude Évora,23,CF,20.13,60.28,35.04,38.25,81.32,61.4,41.84,0,59,D,,
2025/26,Campeonato de Portugal,Rachide,Samora Correia,24,CF,40,38,59.47,89.12,50.53,55.35,67.37,0,25,B,,
2025/26,Campeonato de Portugal,J. Rentería,Celoricense,24,CF,52.63,43.08,44.96,37.19,32.11,34.47,35.66,0,72,D,,
2025/26,Campeonato de Portugal,Ivo Nabais,UD da Serra,24,CF,78.16,44.18,59.7,63.51,10.13,38.68,79.21,0,34,C,,
2025/26,Campeonato de Portugal,Guilherme Augusto,Salgueiros,24,CF,34.87,20.28,23.68,9.82,62.76,39.82,26.32,0,91,F,,
2025/26,Campeonato de Portugal,Tiago Lopes,Naval 1º de Maio,24,CF,61.45,22.74,47.59,41.05,71.71,63.16,49.21,0,46,C,,
2025/26,Campeonato de Portugal,André Dias,Vitória de Sernache,24,CF,25.26,74.2,68.42,99.3,72.11,33.86,75.79,0,13,B,,
2025/26,Campeonato de Portugal,Miguel Silva,Os Limianos,24,CF,35.79,40.28,31.8,24.21,53.29,36.75,37.5,0,88,E,,
2025/26,Campeonato de Portugal,Nuno Pedras,Vilaverdense,25,CF,51.05,47.25,60.75,77.54,73.55,27.89,65.26,0,28,B,,
2025/26,Campeonato de Portugal,Miguel Sena,Gouveia,25,CF,40.66,17.3,29.92,32.98,23.16,15.18,24.47,0,93,F,,
2025/26,Campeonato de Portugal,A. Diop,FC Serpa,25,CF,56.32,51.34,61.5,54.39,6.84,31.93,51.45,0,52,C,,
2025/26,Campeonato de Portugal,Edmilson Nakhaliam,Eléctrico,25,CF,68.29,33.09,38.5,26.84,57.24,18.51,25.92,0,80,D,,
2025/26,Campeonato de Portugal,Gonçalo Monteiro,Uniao Lamas,25,CF,52.89,33.27,42.41,30.88,32.89,34.3,22.63,0,82,E,,
2025/26,Campeonato de Portugal,G. Paixao,Resende,25,CF,52.76,65.72,59.1,48.6,51.05,42.98,56.32,0,43,C,,
2025/26,Campeonato de Portugal,Diogo Grácio,O Elvas,26,CF,57.5,42.55,42.18,25.61,52.24,57.98,36.58,0,60,D,,
2025/26,Campeonato de Portugal,Victor Nicolatti,Lagoa,26,CF,74.47,24.12,32.93,7.54,16.84,64.65,25.39,0,83,E,,
2025/26,Campeonato de Portugal,Yuri,Eléctrico,26,CF,62.24,29.58,58.87,63.16,41.97,50.61,69.87,0,35,C,,
2025/26,Campeonato de Portugal,Javi Bernal,O Elvas,26,CF,84.61,20.28,56.69,39.82,55.26,60.44,59.61,0,33,C,,
2025/26,Campeonato de Portugal,Arter Undonque,Marinhense,26,CF,85.66,43.15,82.33,83.33,57.24,58.16,57.76,0,3,A,,
2025/26,Campeonato de Portugal,David Ribeiro,FC Serpa,26,CF,22.89,29.58,54.44,89.82,38.82,67.98,74.21,0,36,C,,
2025/26,Campeonato de Portugal,Yuri Sohni,Marialvas,26,CF,84.87,81.05,77.74,59.3,41.97,26.14,42.5,0,15,B,,
2025/26,Campeonato de Portugal,Zack Blackwell,Atlético Malveira,26,CF,36.18,75.71,48.65,66.32,80,80.18,61.32,0,17,B,,
2025/26,Campeonato de Portugal,Pedro Henriques,Gouveia,26,CF,1.84,45.55,25.26,48.25,86.97,68.6,67.24,0,61,D,,
2025/26,Campeonato de Portugal,José Mota,Resende,26,CF,28.16,60.3,57.74,75.09,71.84,46.14,47.89,0,38,C,,
2025/26,Campeonato de Portugal,O. James,Louletano,26,CF,56.18,84.8,51.13,29.12,20.39,25.18,31.05,0,63,D,,
2025/26,Campeonato de Portugal,Nuno Machado,Oriental Lisboa,26,CF,63.16,65.72,68.57,69.3,47.37,67.46,51.97,0,12,B,,
2025/26,Campeonato de Portugal,Nicola Bragança,Juventude Évora,26,CF,3.82,58.89,37.14,53.51,59.08,89.91,65.66,0,48,C,,
2025/26,Campeonato de Portugal,José Sacra,Benfica Castelo Branco,26,CF,94.34,64.03,86.47,77.89,61.45,39.47,60.79,0,2,S,,
2025/26,Campeonato de Portugal,Didi,Beira-Mar,27,CF,69.87,65.03,78.87,83.33,68.55,48.6,55.53,0,6,A,,
2025/26,Campeonato de Portugal,Pedro Duarte,Lagoa,27,CF,35.53,61.86,45.19,65.61,55,51.23,55.79,0,45,C,,
2025/26,Campeonato de Portugal,Henrique Cavalcante,Vitória de Sernache,27,CF,55,57,61.95,64.21,41.32,59.47,78.68,0,20,B,,
2025/26,Campeonato de Portugal,Pedro Pauleta,Alpendorada,27,CF,68.95,50.99,61.8,49.82,63.16,34.39,45,0,41,C,,
2025/26,Campeonato de Portugal,Alex,Brito,27,CF,54.61,29.58,48.05,31.75,19.34,50.7,53.55,0,64,D,,
2025/26,Campeonato de Portugal,O. Okenwa,Oliveira Hospital,27,CF,73.29,36.95,47.52,33.68,25.53,17.37,31.32,0,77,D,,
2025/26,Campeonato de Portugal,F. Estanga,Bragança,27,CF,31.97,69.92,40.08,35.09,42.89,53.77,24.47,0,68,D,,
2025/26,Campeonato de Portugal,Henrique Henriques,Sintrense,27,CF,72.37,55.06,48.12,31.05,64.47,84.56,49.21,0,30,B,,
2025/26,Campeonato de Portugal,Rúben Pereira,Resende,27,CF,46.45,70.52,63.16,68.77,58.55,47.63,48.68,0,26,B,,
2025/26,Campeonato de Portugal,Rúben Araújo,Alcochetense,27,CF,43.29,30.34,17.44,10,19.21,37.72,17.37,0,94,F,,
2025/26,Campeonato de Portugal,D. Gameiro,UD da Serra,27,CF,19.87,72.56,44.29,47.37,56.84,56.84,48.29,0,53,C,,
2025/26,Campeonato de Portugal,Ouvido Lourenço,Machico,28,CF,78.03,18.35,48.35,33.16,31.32,54.74,49.61,0,55,C,,
2025/26,Campeonato de Portugal,Didi,Samora Correia,28,CF,51.97,61.46,49.85,50.7,63.82,67.37,66.97,0,29,B,,
2025/26,Campeonato de Portugal,Mboulou Júnior,Cinfães,28,CF,28.82,43.86,30.9,38.42,53.55,24.21,40.13,0,89,E,,
2025/26,Campeonato de Portugal,Emmanuel Eze,Vasco da Gama Vidigueira,28,CF,54.61,28.04,29.25,13.51,31.71,54.39,50.79,0,84,E,,
2025/26,Campeonato de Portugal,B. Muniz De Souza,Eléctrico,28,CF,91.58,36.95,77.52,71.58,64.87,22.98,52.37,0,14,B,,
2025/26,Campeonato de Portugal,Valdu Té,Sintrense,28,CF,67.37,58.18,46.02,10.18,28.55,67.19,39.61,0,58,C,,
2025/26,Campeonato de Portugal,Peterson,Anadia,28,CF,42.63,59.01,56.54,76.67,59.87,44.91,53.29,0,32,B,,
2025/26,Campeonato de Portugal,Rudy Monteiro,Ribeira Brava,29,CF,46.71,38.4,57.44,78.07,77.5,81.14,78.03,0,11,A,,
2025/26,Campeonato de Portugal,Adílio Varela,Moncarapachense,29,CF,16.32,83.91,55.71,80.53,65.66,45,47.5,0,37,C,,
2025/26,Campeonato de Portugal,Chico Sousa,Rebordosa,29,CF,35,60.32,48.87,63.16,76.32,78.86,60.26,0,23,B,,
2025/26,Campeonato de Portugal,V. Brandão Da Silva,Juventude Évora,29,CF,77.63,54.85,74.74,78.25,60,58.6,61.97,0,7,A,,
2025/26,Campeonato de Portugal,Kenny Nascimento,Ribeira Brava,30,CF,4.34,34.33,23.68,38.6,76.58,70.79,50.53,0,79,D,,
2025/26,Campeonato de Portugal,Totas,Rebordosa,30,CF,73.68,46.02,48.95,22.46,58.55,58.77,29.74,0,50,C,,
2025/26,Campeonato de Portugal,Luizinho,Sintrense,30,CF,36.97,22.74,34.89,34.56,46.32,39.82,42.5,0,85,E,,
2025/26,Campeonato de Portugal,Rui Jorge,AR São Martinho,30,CF,24.74,52,33.76,41.4,51.58,51.58,45.92,0,71,D,,
2025/26,Campeonato de Portugal,Lucão,Juventude Évora,30,CF,45,48.23,40.3,22.81,52.63,45.35,50.92,0,67,D,,
2025/26,Campeonato de Portugal,António Belo,Camacha,31,CF,65.26,48.18,64.59,67.72,38.82,53.77,76.84,0,18,B,,
2025/26,Campeonato de Portugal,Diogo Baptista,Monção,31,CF,41.71,50.99,24.59,9.12,47.5,76.32,47.63,0,78,D,,
2025/26,Campeonato de Portugal,Endric Bahia,FC Serpa,32,CF,23.03,68.53,50.75,81.4,70.79,65.61,61.45,0,24,B,,
2025/26,Campeonato de Portugal,S. Camará,Mortágua,33,CF,52.89,18.35,49.85,57.54,13.95,56.93,65,0,54,C,,
2025/26,Campeonato de Portugal,Joe Pedro,Os Limianos,33,CF,50.66,28.71,29.02,21.58,51.05,65.53,44.74,0,74,D,,
2025/26,Campeonato de Portugal,C. Djaló,Juventude Évora,33,CF,38.82,65.66,53.83,57.02,48.03,51.84,54.61,0,44,C,,
2025/26,Campeonato de Portugal,Luís Gonçalves,Rebordosa,33,CF,21.18,36.95,34.81,42.63,63.03,73.51,45.66,0,62,D,,
2025/26,Campeonato de Portugal,D. Lamas,Peniche,35,CF,45.79,39.76,43.38,20.7,27.89,66.93,47.5,0,66,D,,
2025/26,Campeonato de Portugal,Dany Marques,UD da Serra,35,CF,42.89,51.32,58.35,65.26,61.71,62.81,60.39,0,27,B,,
2025/26,Campeonato de Portugal,Joel Silva,Vianense,35,CF,91.05,52.26,52.11,9.65,53.95,40.18,31.18,0,51,C,,
2025/26,Campeonato de Portugal,André Azevedo,Vila Real,35,CF,13.55,87.88,49.02,68.25,71.45,80.61,65.53,0,22,B,,
2025/26,Campeonato de Portugal,Luisinho,Atlético Malveira,36,CF,34.61,63.05,33.83,19.47,43.68,30.09,13.55,0,90,E,,
2025/26,Campeonato de Portugal,G. Loureiro,Monção,26,GK,0,0,0,0,0,0,0,38.52,51,D,,
2025/26,Campeonato de Portugal,João Lucas,Vitória de Sernache,20,GK,0,0,0,0,0,0,0,64.89,9,A,,
2025/26,Campeonato de Portugal,Rodrigo Morais,Gouveia,20,GK,0,0,0,0,0,0,0,44.81,38,C,,
2025/26,Campeonato de Portugal,Pedro Cardoso,Oliveira Hospital,21,GK,0,0,0,0,0,0,0,59.84,17,B,,
2025/26,Campeonato de Portugal,José Monteiro,Vila Real,21,GK,0,0,0,0,0,0,0,53.42,27,C,,
2025/26,Campeonato de Portugal,E. Tetteh,Fátima,21,GK,0,0,0,0,0,0,0,48.36,34,C,,
2025/26,Campeonato de Portugal,João Júnior,Bragança,22,GK,0,0,0,0,0,0,0,51.91,31,C,,
2025/26,Campeonato de Portugal,Tiago Neto,Sintrense,22,GK,0,0,0,0,0,0,0,58.74,19,B,,
2025/26,Campeonato de Portugal,Lucas Silva,Anadia,22,GK,0,0,0,0,0,0,0,56.83,23,B,,
2025/26,Campeonato de Portugal,Diogo Águas,Lusitânia,22,GK,0,0,0,0,0,0,0,52.32,28,C,,
2025/26,Campeonato de Portugal,Gonçalo Machado,Celoricense,22,GK,0,0,0,0,0,0,0,75.96,2,S,,
2025/26,Campeonato de Portugal,Ruben Cerqueira,Vasco da Gama Vidigueira,22,GK,0,0,0,0,0,0,0,44.4,39,C,,
2025/26,Campeonato de Portugal,Pedro Ferreira,Atlético Malveira,23,GK,0,0,0,0,0,0,0,59.97,16,B,,
2025/26,Campeonato de Portugal,Lucas Fernandes,Moncarapachense,23,GK,0,0,0,0,0,0,0,38.93,48,D,,
2025/26,Campeonato de Portugal,David Romana,Benfica Castelo Branco,23,GK,0,0,0,0,0,0,0,57.79,20,B,,
2025/26,Campeonato de Portugal,Diogo Paiva,Florgrade,23,GK,0,0,0,0,0,0,0,52.19,29,C,,
2025/26,Campeonato de Portugal,Ricardo Van Der Laan,FC Serpa,23,GK,0,0,0,0,0,0,0,59.84,18,B,,
2025/26,Campeonato de Portugal,Rafael Marcelino,Ribeira Brava,24,GK,0,0,0,0,0,0,0,62.02,11,B,,
2025/26,Campeonato de Portugal,Luis González,Chaves B,24,GK,0,0,0,0,0,0,0,70.49,6,A,,
2025/26,Campeonato de Portugal,Hugo Mosca,O Elvas,24,GK,0,0,0,0,0,0,0,25.68,59,F,,
2025/26,Campeonato de Portugal,José Oliveira,Aparecida,24,GK,0,0,0,0,0,0,0,47.68,35,C,,
2025/26,Campeonato de Portugal,Pedro Fortes,JD Lajense,25,GK,0,0,0,0,0,0,0,38.93,49,D,,
2025/26,Campeonato de Portugal,João Frade,Uniao Lamas,25,GK,0,0,0,0,0,0,0,52.19,30,C,,
2025/26,Campeonato de Portugal,Francisco Enes,Uniao Lamas,25,GK,0,0,0,0,0,0,0,51.23,32,C,,
2025/26,Campeonato de Portugal,Diogo Santos,Peniche,25,GK,0,0,0,0,0,0,0,33.06,56,E,,
2025/26,Campeonato de Portugal,Diogo Sá,Marialvas,25,GK,0,0,0,0,0,0,0,30.33,57,E,,
2025/26,Campeonato de Portugal,Leonardo Ferreira,Naval 1º de Maio,25,GK,0,0,0,0,0,0,0,76.5,1,S,,
2025/26,Campeonato de Portugal,Marcão,Louletano,26,GK,0,0,0,0,0,0,0,45.49,37,C,,
2025/26,Campeonato de Portugal,Matthaus Martins,Lagoa,27,GK,0,0,0,0,0,0,0,57.65,21,B,,
2025/26,Campeonato de Portugal,Mário Évora,Juventude Évora,27,GK,0,0,0,0,0,0,0,60.79,15,B,,
2025/26,Campeonato de Portugal,Carlos Madureira,Beira-Mar,27,GK,0,0,0,0,0,0,0,68.85,7,A,,
2025/26,Campeonato de Portugal,Isma Lekbab,Os Limianos,27,GK,0,0,0,0,0,0,0,42.08,42,D,,
2025/26,Campeonato de Portugal,P. Tear,Portimonense SC,27,GK,0,0,0,0,0,0,0,39.34,47,D,,
2025/26,Campeonato de Portugal,Joel Dias,Alcochetense,27,GK,0,0,0,0,0,0,0,62.3,10,B,,
2025/26,Campeonato de Portugal,Duarte Nuno,Camacha,27,GK,0,0,0,0,0,0,0,47.13,36,C,,
2025/26,Campeonato de Portugal,Nando Pedrosa,Mortágua,28,GK,0,0,0,0,0,0,0,53.83,26,C,,
2025/26,Campeonato de Portugal,David Santos,UD da Serra,28,GK,0,0,0,0,0,0,0,56.15,24,B,,
2025/26,Campeonato de Portugal,Filipe Dinis,AR São Martinho,28,GK,0,0,0,0,0,0,0,40.3,45,D,,
2025/26,Campeonato de Portugal,Rui Encarnação,Machico,28,GK,0,0,0,0,0,0,0,38.25,52,D,,
2025/26,Campeonato de Portugal,Daniel Júnior,Vilaverdense,28,GK,0,0,0,0,0,0,0,73.5,4,S,,
2025/26,Campeonato de Portugal,Rafa Pires,Eléctrico,28,GK,0,0,0,0,0,0,0,36.61,53,D,,
2025/26,Campeonato de Portugal,Vitor Feltes,Mirandela,29,GK,0,0,0,0,0,0,0,61.2,13,B,,
2025/26,Campeonato de Portugal,T. Botelho Santos Costa,Comércio Indústria,29,GK,0,0,0,0,0,0,0,42.35,41,D,,
2025/26,Campeonato de Portugal,Bruno Bolas,O Elvas,29,GK,0,0,0,0,0,0,0,62.02,12,B,,
2025/26,Campeonato de Portugal,João Matos,Alpendorada,29,GK,0,0,0,0,0,0,0,71.04,5,S,,
2025/26,Campeonato de Portugal,F. Ohoulo,Anadia,29,GK,0,0,0,0,0,0,0,40.57,43,D,,
2025/26,Campeonato de Portugal,André Paulo,FC Alverca B,29,GK,0,0,0,0,0,0,0,36.48,54,D,,
2025/26,Campeonato de Portugal,Tiago Pereira,Oriental Lisboa,30,GK,0,0,0,0,0,0,0,22.68,60,F,,
2025/26,Campeonato de Portugal,Júlio Neiva,Cinfães,30,GK,0,0,0,0,0,0,0,75.96,3,S,,
2025/26,Campeonato de Portugal,Kevin Douglas,Resende,31,GK,0,0,0,0,0,0,0,40.44,44,D,,
2025/26,Campeonato de Portugal,Paulo Freitas,Aparecida,31,GK,0,0,0,0,0,0,0,36.34,55,D,,
2025/26,Campeonato de Portugal,Miguel Paiva,Leça,31,GK,0,0,0,0,0,0,0,38.8,50,D,,
2025/26,Campeonato de Portugal,Rui Lopes,Brito,32,GK,0,0,0,0,0,0,0,56.15,25,B,,
2025/26,Campeonato de Portugal,José Costa,Vianense,32,GK,0,0,0,0,0,0,0,39.62,46,D,,
2025/26,Campeonato de Portugal,Nélson Pinhão,Samora Correia,32,GK,0,0,0,0,0,0,0,28.83,58,E,,
2025/26,Campeonato de Portugal,Rui Santos,JD Lajense,32,GK,0,0,0,0,0,0,0,21.86,61,F,,
2025/26,Campeonato de Portugal,Chastre,Salgueiros,33,GK,0,0,0,0,0,0,0,68.03,8,A,,
2025/26,Campeonato de Portugal,Luís Monteiro,Vila Meã,33,GK,0,0,0,0,0,0,0,49.32,33,C,,
2025/26,Campeonato de Portugal,Cajó,Tirsense,36,GK,0,0,0,0,0,0,0,57.1,22,B,,
2025/26,Campeonato de Portugal,Pedro Soares,Rebordosa,38,GK,0,0,0,0,0,0,0,61.07,14,B,,
2025/26,Campeonato de Portugal,António Filipe,Atlético Malveira,41,GK,0,0,0,0,0,0,0,44.4,40,C,,
2025/26,Liga Revelação U23,F. Machado,Estrela Amadora U23,20,CB,20.24,79.11,53.91,71.83,43.75,10.12,30.65,0,39,F,,
2025/26,Liga Revelação U23,Jordan Arnolin,Estoril U23,18,CB,28.27,43.39,37.41,38.1,76.79,61.31,43.75,0,23,C,,
2025/26,Liga Revelação U23,Kayque Correia,Gil Vicente U23,18,CB,17.86,90.94,41.16,46.43,44.64,51.79,39.58,0,28,D,,
2025/26,Liga Revelação U23,R. Barrett,UD Leiria U23,19,CB,32.74,55.26,55.44,66.27,73.51,53.37,67.86,0,9,B,,
2025/26,Liga Revelação U23,Q. Candundu,UD Leiria U23,19,CB,27.98,61.07,40.48,32.94,61.9,63.49,52.98,0,20,C,,
2025/26,Liga Revelação U23,Sandro Santo,Estrela Amadora U23,19,CB,36.01,50.14,43.71,53.17,58.33,37.9,44.35,0,32,D,,
2025/26,Liga Revelação U23,Kyllian Kolela,Sporting Braga U23,19,CB,39.88,32.68,22.28,24.6,50.6,42.66,51.79,0,38,E,,
2025/26,Liga Revelação U23,Matheus Mattara,Famalicão U23,19,CB,86.31,61.96,85.37,77.38,57.74,72.42,83.63,0,1,S,,
2025/26,Liga Revelação U23,Diogo Rocha,Benfica U23,19,CB,87.5,38.96,70.75,65.08,54.46,40.87,59.82,0,13,C,,
2025/26,Liga Revelação U23,Lourenço Borges,UD Leiria U23,19,CB,47.32,43.39,53.06,68.25,54.76,53.77,39.29,0,21,C,,
2025/26,Liga Revelação U23,António Vital,Estoril U23,19,CB,16.37,38.96,46.43,85.71,76.19,48.41,57.44,0,18,C,,
2025/26,Liga Revelação U23,João Vale,Estrela Amadora U23,20,CB,86.01,32.68,64.8,56.75,45.83,81.75,71.43,0,3,A,,
2025/26,Liga Revelação U23,João Castro,Gil Vicente U23,20,CB,42.26,46.57,37.24,29.76,44.05,25.99,25.89,0,41,F,,
2025/26,Liga Revelação U23,Miguel Alves,Sporting CP U23,20,CB,45.24,62.26,55.27,68.65,74.4,44.05,74.4,0,7,B,,
2025/26,Liga Revelação U23,Guilherme Gaspar,Benfica U23,20,CB,22.02,51.33,47.79,62.7,67.26,40.48,47.92,0,29,D,,
2025/26,Liga Revelação U23,João Salvador,Sporting Braga U23,20,CB,66.37,51.33,75.85,77.78,23.21,54.76,77.08,0,8,B,,
2025/26,Liga Revelação U23,Guilherme Queda,Torreense U23,20,CB,66.37,75.14,68.03,67.86,77.38,28.17,41.96,0,16,C,,
2025/26,Liga Revelação U23,S. Sankanu,Leixões U23,20,CB,13.1,71.57,30.78,34.92,57.74,38.89,39.88,0,34,E,,
2025/26,Liga Revelação U23,L. Bimai,Estoril U23,20,CB,61.61,32.68,53.4,65.08,37.5,80.16,88.39,0,5,A,,
2025/26,Liga Revelação U23,Lucas Taibo,Sporting CP U23,20,CB,88.39,39.75,65.99,58.73,67.86,39.09,63.99,0,11,C,,
2025/26,Liga Revelação U23,Caica,Estrela Amadora U23,20,CB,51.49,32.68,24.83,15.08,36.9,54.76,43.75,0,37,E,,
2025/26,Liga Revelação U23,V. Ubong,Farense U23,20,CB,26.79,61.96,56.97,77.78,47.02,34.72,49.4,0,30,D,,
2025/26,Liga Revelação U23,C. Valença,Rio Ave U23,20,CB,48.51,37.65,40.82,45.63,39.58,38.69,41.96,0,36,E,,
2025/26,Liga Revelação U23,David Freitas,Marítimo U23,20,CB,67.86,43.39,69.56,71.83,54.17,81.15,63.99,0,2,A,,
2025/26,Liga Revelação U23,Renan,Famalicão U23,21,CB,55.36,70.1,51.7,41.67,42.86,59.33,34.82,0,22,C,,
2025/26,Liga Revelação U23,Rodrigo Mendes,Santa Clara U23,21,CB,50.6,32.68,36.73,40.87,36.31,26.59,36.9,0,40,F,,
2025/26,Liga Revelação U23,B. Yaméogo,Torreense U23,21,CB,81.55,48.37,64.46,46.83,37.8,83.53,63.69,0,4,A,,
2025/26,Liga Revelação U23,David Nunes,Academico Viseu U23,21,CB,54.76,48.37,49.49,40.87,40.48,54.17,51.49,0,25,D,,
2025/26,Liga Revelação U23,Matheus Gonçalves,Farense U23,21,CB,60.71,52.7,48.13,26.98,35.71,63.49,48.81,0,24,C,,
2025/26,Liga Revelação U23,Bernardo Antunes,Farense U23,21,CB,68.45,32.68,53.57,51.98,51.19,37.7,36.61,0,31,D,,
2025/26,Liga Revelação U23,J. Mundo,Portimonense U23,21,CB,48.21,74.96,53.91,43.65,39.29,41.07,30.65,0,33,D,,
2025/26,Liga Revelação U23,K. Käit,Portimonense U23,21,CB,50.89,51.33,52.89,44.05,36.9,59.33,32.74,0,27,D,,
2025/26,Liga Revelação U23,Luis Eduardo,Santa Clara U23,21,CB,41.37,32.68,36.56,29.37,51.49,82.14,46.73,0,17,C,,
2025/26,Liga Revelação U23,Hugo Faria,Leixões U23,21,CB,11.9,69.98,35.37,47.22,45.24,30.36,59.52,0,35,E,,
2025/26,Liga Revelação U23,Vinicius Cressi,Rio Ave U23,22,CB,48.51,48.37,42.18,41.27,16.07,25.79,32.44,0,42,F,,
2025/26,Liga Revelação U23,M. Keita,Leixões U23,22,CB,92.86,32.68,49.32,15.87,46.43,68.65,54.76,0,15,C,,
2025/26,Liga Revelação U23,Italo Cabelinho,Santa Clara U23,22,CB,63.99,32.68,49.49,50.4,44.64,71.63,54.17,0,12,C,,
2025/26,Liga Revelação U23,Caio Amaral,Torreense U23,22,CB,72.32,65.22,62.59,43.65,53.57,57.94,55.06,0,10,B,,
2025/26,Liga Revelação U23,Kauã Oliveira,Academico Viseu U23,22,CB,80.95,67.92,60.03,35.71,30.95,37.9,57.14,0,26,D,,
2025/26,Liga Revelação U23,José Malave,Vizela U23,23,CB,67.86,43.31,66.33,73.41,61.9,59.33,71.43,0,6,B,,
2025/26,Liga Revelação U23,Rodrigo Beirão,Vizela U23,23,CB,35.12,45.17,47.45,63.1,73.21,63.29,42.26,0,14,C,,
2025/26,Liga Revelação U23,Diogo Costa,Gil Vicente U23,23,CB,38.1,65.95,48.47,50.79,80.36,49.01,39.58,0,19,C,,
2025/26,Liga Revelação U23,H. Cruz,Torreense U23,20,FB & WB,31.53,64.5,28.9,18.94,53.12,47.35,29.83,0,38,D,,
2025/26,Liga Revelação U23,Leandro Sauane,Estrela Amadora U23,17,FB & WB,60.23,19.44,50.81,58.33,48.86,57.95,54.26,0,22,C,,
2025/26,Liga Revelação U23,Rodrigo Guerreiro,Torreense U23,19,FB & WB,54.55,63,57.47,55.3,53.69,22.16,45.45,0,26,C,,
2025/26,Liga Revelação U23,Sebastião Leandro,UD Leiria U23,19,FB & WB,86.08,34.66,54.06,30.68,48.58,57.01,31.53,0,25,C,,
2025/26,Liga Revelação U23,Manu Teixeira,Gil Vicente U23,19,FB & WB,22.44,59.65,34.25,33.71,63.92,32.95,26.42,0,39,D,,
2025/26,Liga Revelação U23,João Moura,Portimonense U23,19,FB & WB,95.17,39.34,59.9,26.89,29.26,57.01,35.8,0,30,C,,
2025/26,Liga Revelação U23,Jan Montes,Estoril U23,19,FB & WB,52.27,38.38,69.97,86.74,33.81,53.41,78.98,0,11,A,,
2025/26,Liga Revelação U23,Francisco Brás,Rio Ave U23,19,FB & WB,84.66,47.51,63.8,47.73,58.24,53.79,53.98,0,15,B,,
2025/26,Liga Revelação U23,L. Kleppa,Portimonense U23,19,FB & WB,21.31,37.24,32.63,34.47,44.32,66.48,33.52,0,35,D,,
2025/26,Liga Revelação U23,Samuel Sousa,Sporting Braga U23,19,FB & WB,55.11,67.17,56.82,52.65,71.88,70.27,43.47,0,12,A,,
2025/26,Liga Revelação U23,Edgar Mota,Sporting Braga U23,19,FB & WB,13.92,17.55,29.87,57.58,25.85,38.45,50,0,42,E,,
2025/26,Liga Revelação U23,Dinis Lopes,Portimonense U23,19,FB & WB,65.06,40.34,38.15,24.62,29.55,35.61,28.12,0,41,E,,
2025/26,Liga Revelação U23,Duarte Soares,Benfica U23,19,FB & WB,88.64,72.47,82.47,66.67,71.31,45.64,56.82,0,2,S,,
2025/26,Liga Revelação U23,Hélder Fernandes,Estrela Amadora U23,19,FB & WB,73.58,38.81,57.47,48.86,9.38,43.18,45.74,0,33,D,,
2025/26,Liga Revelação U23,B. Gora Mbaye,Vizela U23,20,FB & WB,76.14,79.85,82.79,83.33,65.62,22.54,43.75,0,8,A,,
2025/26,Liga Revelação U23,Gonçalo Paiva,Gil Vicente U23,20,FB & WB,67.9,74.31,71.75,76.89,60.23,53.03,51.99,0,5,A,,
2025/26,Liga Revelação U23,Tiago Gonçalves,Gil Vicente U23,20,FB & WB,27.84,31.56,26.14,26.52,50.85,63.07,38.64,0,37,D,,
2025/26,Liga Revelação U23,Konstantin Nikitenko,Sporting CP U23,20,FB & WB,89.49,42.17,50.97,12.88,31.53,47.35,41.48,0,34,D,,
2025/26,Liga Revelação U23,Vladimir Mendes,Benfica U23,20,FB & WB,18.18,46.02,30.84,52.27,87.22,75.76,80.11,0,14,A,,
2025/26,Liga Revelação U23,Gustavo Silveira,Marítimo U23,20,FB & WB,24.72,23.23,23.7,23.11,28.41,40.34,23.58,0,44,F,,
2025/26,Liga Revelação U23,A. Goncalves,Leixões U23,20,FB & WB,22.44,41.84,48.38,76.52,36.93,57.95,78.98,0,19,B,,
2025/26,Liga Revelação U23,Júlio Gil,Estoril U23,20,FB & WB,20.17,48.93,47.08,72.73,31.53,45.45,61.08,0,28,C,,
2025/26,Liga Revelação U23,Carlos Amaral,Santa Clara U23,20,FB & WB,19.32,44.14,27.11,34.85,37.78,41.86,52.84,0,40,E,,
2025/26,Liga Revelação U23,Uri Lima,Farense U23,20,FB & WB,15.06,26.64,38.31,66.67,60.8,49.24,66.48,0,24,C,,
2025/26,Liga Revelação U23,Tomás Caturra,UD Leiria U23,20,FB & WB,44.6,82.39,50,38.26,28.98,49.05,49.15,0,31,C,,
2025/26,Liga Revelação U23,Dani,Vizela U23,20,FB & WB,19.6,17.55,40.58,75,69.32,71.21,78.98,0,16,B,,
2025/26,Liga Revelação U23,Guilherme Venâncio,Rio Ave U23,20,FB & WB,28.12,58.25,48.05,64.39,78.41,64.96,76.14,0,6,A,,
2025/26,Liga Revelação U23,Francisco Machado,Estrela Amadora U23,20,FB & WB,17.33,40.65,18.99,21.97,54.26,35.42,36.93,0,43,E,,
2025/26,Liga Revelação U23,Rayhan Momade,Sporting CP U23,20,FB & WB,74.43,97.22,75.32,73.48,51.42,39.39,65.62,0,4,A,,
2025/26,Liga Revelação U23,Francisco Machado,Academico Viseu U23,20,FB & WB,67.61,77.96,68.18,62.12,69.03,74.62,67.33,0,1,S,,
2025/26,Liga Revelação U23,Afonso Machado,Vizela U23,21,FB & WB,59.94,64.77,62.99,69.7,56.53,57.39,53.41,0,10,A,,
2025/26,Liga Revelação U23,Duarte Oliveira,Famalicão U23,21,FB & WB,72.16,58.08,65.75,63.64,57.39,49.62,57.95,0,13,A,,
2025/26,Liga Revelação U23,Fernando Ferreira,Rio Ave U23,21,FB & WB,52.27,71.88,48.05,36.36,65.34,24.62,32.39,0,32,C,,
2025/26,Liga Revelação U23,Daniel Ramos,Torreense U23,21,FB & WB,71.59,39.52,45.13,25.76,44.03,66.1,42.05,0,27,C,,
2025/26,Liga Revelação U23,Gustavo Almeida,Academico Viseu U23,21,FB & WB,73.01,21.33,63.31,64.39,72.16,25.19,58.81,0,21,B,,
2025/26,Liga Revelação U23,Santiago Rocha,UD Leiria U23,21,FB & WB,22.73,55.42,62.82,95.08,26.99,32.77,53.12,0,23,C,,
2025/26,Liga Revelação U23,Duarte Furtado,Farense U23,21,FB & WB,44.03,58.9,67.21,87.88,53.12,48.48,68.75,0,7,A,,
2025/26,Liga Revelação U23,Juan Lopes,Academico Viseu U23,21,FB & WB,45.74,43.68,40.26,30.3,33.24,75.38,54.55,0,29,C,,
2025/26,Liga Revelação U23,João Jesus,Marítimo U23,21,FB & WB,59.09,43.3,51.14,48.11,34.66,72.54,59.09,0,20,B,,
2025/26,Liga Revelação U23,Tomás Oliveira,Leixões U23,21,FB & WB,58.24,71.78,51.79,52.65,75.28,86.17,61.65,0,3,S,,
2025/26,Liga Revelação U23,Tiago Duarte,Santa Clara U23,22,FB & WB,66.76,60.43,50.97,23.48,51.99,30.11,20.17,0,36,D,,
2025/26,Liga Revelação U23,Léo Santos,Estoril U23,22,FB & WB,79.83,36.86,61.85,56.44,55.11,44.7,69.6,0,17,B,,
2025/26,Liga Revelação U23,Ian Custódio,Famalicão U23,23,FB & WB,67.61,86.03,56.98,34.09,78.41,64.02,50,0,9,A,,
2025/26,Liga Revelação U23,Pedro,Estoril U23,26,FB & WB,39.49,65.27,56.98,57.95,61.65,60.42,41.48,0,18,B,,
2025/26,Liga Revelação U23,Stevan Manuel,Benfica U23,17,MF,72.41,58.12,81.67,90.88,38.68,17.77,69.58,0,13,B,,
2025/26,Liga Revelação U23,Jaime Costa,Estoril U23,17,MF,70.75,76.46,81.67,84.91,35.38,60.22,84.43,0,4,A,,
2025/26,Liga Revelação U23,Nélio Batista,Marítimo U23,17,MF,77.36,71.83,77.09,80.5,48.35,42.61,61.08,0,9,A,,
2025/26,Liga Revelação U23,Gil Neves,Benfica U23,18,MF,28.54,71.02,35.71,31.45,40.8,73.43,48.82,0,33,C,,
2025/26,Liga Revelação U23,L. Beye,Famalicão U23,18,MF,98.11,84.56,86.66,76.73,34.2,58.18,77.59,0,3,A,,
2025/26,Liga Revelação U23,Dai Baldé,Rio Ave U23,19,MF,63.21,28.96,37.74,30.19,51.18,75.79,54.72,0,28,C,,
2025/26,Liga Revelação U23,Gui Figueiredo,Gil Vicente U23,19,MF,20.99,61.98,31.94,36.16,72.88,54.56,34.67,0,34,C,,
2025/26,Liga Revelação U23,Miguel Lima,Portimonense U23,19,MF,22.41,18.65,18.19,16.98,34.2,74.21,44.34,0,50,E,,
2025/26,Liga Revelação U23,Guilherme Freitas,Gil Vicente U23,19,MF,80.42,38.93,59.3,41.51,72.17,29.25,31.6,0,25,C,,
2025/26,Liga Revelação U23,M. Sanogo,Vizela U23,19,MF,26.89,47.22,53.77,75.79,35.14,28.46,48.58,0,38,D,,
2025/26,Liga Revelação U23,Antoine Wenck,Rio Ave U23,19,MF,47.41,84.95,69.54,72.33,55.9,46.86,64.62,0,12,B,,
2025/26,Liga Revelação U23,Miguel Cruz,UD Leiria U23,19,MF,55.42,34.54,25.74,9.43,52.83,73.11,43.63,0,39,D,,
2025/26,Liga Revelação U23,Eduardo Sami,Estrela Amadora U23,19,MF,50.71,48.78,45.55,43.08,48.82,55.5,54.95,0,30,C,,
2025/26,Liga Revelação U23,P. Matavele,Portimonense U23,19,MF,51.42,27.08,36.66,37.11,7.78,18.87,35.14,0,53,F,,
2025/26,Liga Revelação U23,Rafael Camacho,Sporting CP U23,19,MF,17.22,39.56,21.83,28.93,32.31,39.15,38.92,0,52,F,,
2025/26,Liga Revelação U23,Francisco Silva,Marítimo U23,19,MF,55.9,36.01,32.48,19.81,46.7,58.33,36.08,0,45,D,,
2025/26,Liga Revelação U23,Luisinho,Sporting Braga U23,19,MF,94.34,79.2,88.54,80.5,74.06,56.76,56.6,0,1,S,,
2025/26,Liga Revelação U23,Duarte Machado,UD Leiria U23,19,MF,10.14,32.77,20.49,38.68,8.02,69.5,49.06,0,51,E,,
2025/26,Liga Revelação U23,João Casimiro,Portimonense U23,20,MF,29.72,55.76,44.61,53.77,50.24,15.88,29.95,0,47,D,,
2025/26,Liga Revelação U23,Gustavo Rijo,Torreense U23,20,MF,22.64,25.89,26.42,28.62,58.96,72.01,40.8,0,40,D,,
2025/26,Liga Revelação U23,B. Santos,Gil Vicente U23,20,MF,49.06,45.86,45.69,38.36,49.06,55.5,34.43,0,35,D,,
2025/26,Liga Revelação U23,Daniel Antunes,UD Leiria U23,20,MF,31.37,62.36,44.74,40.25,61.32,55.35,42.45,0,29,C,,
2025/26,Liga Revelação U23,Luis Magalhaes,Vizela U23,20,MF,48.82,25.89,39.49,39.94,33.49,35.22,46.7,0,49,E,,
2025/26,Liga Revelação U23,Rodrigo Carvalho,Vizela U23,20,MF,88.44,50.42,58.63,31.76,52.12,53.14,22.88,0,24,C,,
2025/26,Liga Revelação U23,Bruno Pereira,Marítimo U23,20,MF,64.62,40.83,61.05,61.95,53.77,40.25,50.94,0,21,C,,
2025/26,Liga Revelação U23,Amadu Baldé,Leixões U23,20,MF,67.22,66.07,46.36,24.84,67.69,34.75,44.81,0,31,C,,
2025/26,Liga Revelação U23,Jorge Monteiro,Estoril U23,20,MF,75.47,30.6,69.68,78.93,41.51,33.81,58.25,0,19,C,,
2025/26,Liga Revelação U23,Tiago Queiroz,Santa Clara U23,20,MF,70.28,49.75,67.25,59.12,34.2,45.13,48.58,0,23,C,,
2025/26,Liga Revelação U23,Bruno Henrique,Academico Viseu U23,20,MF,78.54,22.11,39.49,13.84,37.03,64.62,42.92,0,43,D,,
2025/26,Liga Revelação U23,André Gomes,Benfica U23,20,MF,50.24,81.12,58.09,61.01,77.12,34.59,33.02,0,16,B,,
2025/26,Liga Revelação U23,Tiago Pinto,Estrela Amadora U23,20,MF,70.52,69.56,79.11,77.67,68.4,34.59,57.55,0,7,A,,
2025/26,Liga Revelação U23,Xavier Cavaco,UD Leiria U23,20,MF,82.08,56.67,73.32,56.92,57.31,77.99,63.44,0,5,A,,
2025/26,Liga Revelação U23,L. Talla,Rio Ave U23,21,MF,47.88,52.23,61.59,57.55,53.07,41.35,35.61,0,27,C,,
2025/26,Liga Revelação U23,Diogo Martins,Vizela U23,21,MF,38.68,42.33,48.11,63.52,79.25,48.74,63.21,0,15,B,,
2025/26,Liga Revelação U23,Arthur Baggio,Leixões U23,21,MF,60.38,51.85,62.26,68.55,77.83,60.69,61.32,0,6,A,,
2025/26,Liga Revelação U23,Martim Almeida,Famalicão U23,21,MF,57.31,82.84,68.33,71.07,33.96,19.18,48.58,0,26,C,,
2025/26,Liga Revelação U23,A. De Armas,Leixões U23,21,MF,32.55,36.04,17.25,13.52,61.79,75.63,41.98,0,41,D,,
2025/26,Liga Revelação U23,Tiago Sousa,Marítimo U23,21,MF,63.21,69.37,52.29,26.1,32.78,18.55,27.83,0,48,E,,
2025/26,Liga Revelação U23,Gonçalo Cascalheira,Torreense U23,21,MF,16.75,25.89,34.91,56.29,60.61,46.54,66.27,0,37,D,,
2025/26,Liga Revelação U23,Guilherme Santos,Sporting CP U23,21,MF,32.55,68.21,50.54,71.7,79.95,54.4,72.88,0,10,B,,
2025/26,Liga Revelação U23,Dudu,Famalicão U23,21,MF,29.95,61.04,38.41,45.6,36.56,64.15,45.75,0,36,D,,
2025/26,Liga Revelação U23,Matteo Lorenzi,Farense U23,21,MF,19.58,22.11,26.15,35.85,64.15,65.88,31.6,0,44,D,,
2025/26,Liga Revelação U23,Laurantino Mendes,Estrela Amadora U23,21,MF,16.27,48.05,31,43.08,77.12,69.65,49.06,0,22,C,,
2025/26,Liga Revelação U23,Kauê,Marítimo U23,21,MF,22.17,30.6,33.29,40.57,29.25,67.77,71.93,0,42,D,,
2025/26,Liga Revelação U23,S. Omrani,Farense U23,22,MF,80.19,67.36,76.68,63.52,12.5,63.68,58.49,0,14,B,,
2025/26,Liga Revelação U23,Luís Gomes,Estoril U23,22,MF,89.15,65.98,91.11,90.57,69.58,34.75,65.57,0,2,S,,
2025/26,Liga Revelação U23,Sana Ufala,Estoril U23,22,MF,62.03,37.45,45.28,43.08,40.33,53.14,63.44,0,32,C,,
2025/26,Liga Revelação U23,Hiago Santos,Santa Clara U23,22,MF,38.44,66.47,62.94,85.22,54.72,26.89,63.68,0,17,C,,
2025/26,Liga Revelação U23,Diogo Grima,Estoril U23,22,MF,42.92,25.89,32.61,35.22,58.02,92.77,62.97,0,20,C,,
2025/26,Liga Revelação U23,Bruno Pires,Farense U23,22,MF,12.5,81.4,33.02,36.16,75.94,66.51,57.78,0,18,C,,
2025/26,Liga Revelação U23,João Faria,Sporting Braga U23,22,MF,80.9,33.43,51.62,29.25,28.3,34.12,37.74,0,46,D,,
2025/26,Liga Revelação U23,L. De Bolle,Portimonense U23,23,MF,38.92,67.08,71.16,89.94,76.89,32.55,64.15,0,8,A,,
2025/26,Liga Revelação U23,André Silva,Farense U23,23,MF,45.05,40.83,52.96,71.7,65.8,77.67,58.96,0,11,B,,
2025/26,Liga Revelação U23,Chris Grombahi,Sporting CP U23,17,AM & W,75.99,86.61,78.2,80.26,75.33,25.88,60.53,0,3,S,,
2025/26,Liga Revelação U23,J. Umeh,Benfica U23,18,AM & W,57.24,55.62,71.24,76.75,36.51,53.29,64.14,0,5,B,,
2025/26,Liga Revelação U23,B. Soyer,Gil Vicente U23,19,AM & W,90.46,66.49,66.35,42.11,52.96,51.97,52.96,0,6,B,,
2025/26,Liga Revelação U23,Aires Nanque,Estrela Amadora U23,19,AM & W,38.49,39.96,37.22,28.51,34.21,24.78,25.99,0,36,E,,
2025/26,Liga Revelação U23,Francisco Curvelo,Rio Ave U23,19,AM & W,36.51,61.44,45.3,39.47,78.95,34.87,22.37,0,27,C,,
2025/26,Liga Revelação U23,S. Pedro,Estrela Amadora U23,19,AM & W,72.7,42.09,83.46,96.49,9.87,15.57,55.92,0,18,B,,
2025/26,Liga Revelação U23,F. Aziz,Estoril U23,19,AM & W,36.18,35.07,50.38,66.23,21.05,48.9,51.64,0,31,C,,
2025/26,Liga Revelação U23,Rodrigo Ribeiro,Famalicão U23,19,AM & W,44.74,66.27,34.77,21.93,83.22,22.37,20.72,0,33,D,,
2025/26,Liga Revelação U23,João Afonso,Benfica U23,19,AM & W,49.34,32.44,63.16,73.68,42.43,31.8,47.04,0,23,C,,
2025/26,Liga Revelação U23,Martim Madeira,Santa Clara U23,19,AM & W,26.32,64.69,37.59,37.28,75.99,41.67,41.78,0,26,C,,
2025/26,Liga Revelação U23,Lourenço Silva,Sporting Braga U23,19,AM & W,82.24,63.58,64.29,46.05,25.33,58.11,52.3,0,15,B,,
2025/26,Liga Revelação U23,Ivanildo Mendes,Sporting CP U23,19,AM & W,14.14,27.18,11.09,9.65,55.59,26.97,33.22,0,38,F,,
2025/26,Liga Revelação U23,Elói Ferreira,Leixões U23,19,AM & W,35.53,38.13,48.31,71.05,70.07,33.55,54.61,0,21,C,,
2025/26,Liga Revelação U23,Frederico Silva,Sporting Braga U23,19,AM & W,56.91,38.14,54.7,57.46,20.72,85.31,74.01,0,17,B,,
2025/26,Liga Revelação U23,A. Romo,Estoril U23,19,AM & W,40.79,37.7,47.74,41.67,29.93,64.91,43.75,0,32,D,,
2025/26,Liga Revelação U23,H. Pedro Lima,Sporting Braga U23,19,AM & W,81.91,32.44,65.04,65.79,27.96,56.14,63.16,0,16,B,,
2025/26,Liga Revelação U23,Rodrigo Gouveia,Marítimo U23,19,AM & W,14.8,75.62,31.02,29.82,50.99,75,49.01,0,25,C,,
2025/26,Liga Revelação U23,Jonan Tan,Vizela U23,19,AM & W,11.18,43.84,22.56,29.39,26.97,56.58,35.86,0,37,E,,
2025/26,Liga Revelação U23,Adriel Moraes,Santa Clara U23,20,AM & W,84.21,13.58,52.26,42.11,49.01,44.08,57.24,0,28,C,,
2025/26,Liga Revelação U23,Micael Sanhá,Sporting CP U23,20,AM & W,44.08,32.8,48.31,62.72,77.63,62.5,70.72,0,11,B,,
2025/26,Liga Revelação U23,Francisco Gonçalves,Marítimo U23,20,AM & W,83.22,37.7,79.51,76.32,10.86,51.1,80.26,0,7,B,,
2025/26,Liga Revelação U23,Pedro Oliveira,UD Leiria U23,20,AM & W,38.82,70.43,46.8,54.82,78.95,56.58,52.3,0,9,B,,
2025/26,Liga Revelação U23,Gonçalo Maia,Gil Vicente U23,20,AM & W,70.07,51.75,52.63,44.74,70.72,66.89,55.26,0,8,B,,
2025/26,Liga Revelação U23,Alex Sousa,Rio Ave U23,20,AM & W,68.09,84.11,83.08,80.26,72.04,57.68,60.2,0,1,S,,
2025/26,Liga Revelação U23,Nilton Cardoso,Torreense U23,20,AM & W,76.97,82.38,86.65,85.09,72.7,34.21,51.32,0,2,S,,
2025/26,Liga Revelação U23,João Simões,UD Leiria U23,20,AM & W,34.87,38.07,51.13,74.56,51.97,41.01,60.53,0,20,C,,
2025/26,Liga Revelação U23,Denis Parkinson,Famalicão U23,21,AM & W,42.11,53.68,41.92,53.51,37.83,66.23,50.66,0,22,C,,
2025/26,Liga Revelação U23,Martim Silva,Academico Viseu U23,21,AM & W,56.58,33.59,24.25,7.02,40.13,79.17,36.18,0,34,D,,
2025/26,Liga Revelação U23,Guilherme Cardoso,Academico Viseu U23,21,AM & W,5.92,79.87,40.41,56.58,82.89,66.45,50,0,10,B,,
2025/26,Liga Revelação U23,Diogo Magalhães,Academico Viseu U23,21,AM & W,16.45,24.87,9.77,6.14,66.12,96.93,51.32,0,35,D,,
2025/26,Liga Revelação U23,Rúben Ribeiro,Farense U23,21,AM & W,50.99,72.19,45.86,43.42,64.14,63.16,46.38,0,14,B,,
2025/26,Liga Revelação U23,Francisco Guedes,Leixões U23,21,AM & W,22.7,79.26,28.95,22.37,85.53,37.5,30.59,0,30,C,,
2025/26,Liga Revelação U23,Edgar Costa,Santa Clara U23,22,AM & W,67.76,34.63,51.13,44.3,43.09,41.45,64.14,0,24,C,,
2025/26,Liga Revelação U23,James Rodrigues,Gil Vicente U23,22,AM & W,63.49,40.13,68.42,80.7,20.72,61.4,53.62,0,13,B,,
2025/26,Liga Revelação U23,Ricardo Rei,Torreense U23,23,AM & W,32.24,87.19,59.4,74.56,71.38,51.1,67.76,0,4,A,,
2025/26,Liga Revelação U23,Rodrigo Marquês,Torreense U23,23,AM & W,90.79,48.23,62.41,39.47,38.82,62.94,61.84,0,12,B,,
2025/26,Liga Revelação U23,W. Brito,Marítimo U23,23,AM & W,62.83,41.21,47.93,37.28,44.41,47.81,41.78,0,29,C,,
2025/26,Liga Revelação U23,Paulinho,Leixões U23,26,AM & W,72.37,37.02,56.77,50.44,52.96,54.17,58.88,0,19,C,,
2025/26,Liga Revelação U23,R. Georges Bruyning,Portimonense U23,19,CF,8.48,38.28,33.93,64.29,25.89,52.38,61.16,0,22,E,,
2025/26,Liga Revelação U23,Diogo Martins,Sporting CP U23,19,CF,72.32,28.21,50,48.21,40.18,43.45,45.98,0,16,D,,
2025/26,Liga Revelação U23,Franco Pinho,Rio Ave U23,19,CF,44.64,50.18,27.55,15.48,81.25,51.49,36.61,0,21,E,,
2025/26,Liga Revelação U23,Henrique Poniewas,Estrela Amadora U23,19,CF,37.5,56.6,23.72,18.45,52.23,58.04,42.41,0,24,E,,
2025/26,Liga Revelação U23,Tomás Pereira,Vizela U23,19,CF,63.39,63.28,56.63,42.26,34.82,58.63,37.95,0,14,C,,
2025/26,Liga Revelação U23,Tomás Bernardo,UD Leiria U23,20,CF,33.04,47.8,56.12,88.1,65.62,48.51,53.57,0,10,C,,
2025/26,Liga Revelação U23,M. Sawane,Rio Ave U23,20,CF,79.91,41.85,50.26,13.1,35.71,52.98,42.41,0,18,D,,
2025/26,Liga Revelação U23,Martim Ribeiro,UD Leiria U23,20,CF,23.66,69.96,44.13,72.02,61.16,53.57,66.52,0,13,C,,
2025/26,Liga Revelação U23,L. Baruti,Estoril U23,20,CF,45.09,18.64,35.71,25,31.7,41.67,42.86,0,27,F,,
2025/26,Liga Revelação U23,Lucas Daniel,Academico Viseu U23,20,CF,34.82,38.76,43.62,61.31,33.48,35.42,53.12,0,19,E,,
2025/26,Liga Revelação U23,João Barros,Vizela U23,20,CF,63.84,56.14,71.94,70.24,59.82,72.62,59.38,0,5,B,,
2025/26,Liga Revelação U23,Nuno Patrício,Sporting Braga U23,20,CF,28.57,22.8,32.65,47.02,41.96,41.96,44.2,0,25,F,,
2025/26,Liga Revelação U23,Eduardo Gualberto,Rio Ave U23,20,CF,76.34,54.81,80.1,97.62,38.39,34.52,67.86,0,3,B,,
2025/26,Liga Revelação U23,Renato Valente,Vizela U23,20,CF,26.79,69.3,48.98,52.38,70.54,72.02,51.79,0,12,C,,
2025/26,Liga Revelação U23,Krystian,Academico Viseu U23,20,CF,50,45.42,73.72,86.31,86.61,53.87,69.2,0,4,B,,
2025/26,Liga Revelação U23,João Costa,Farense U23,21,CF,29.91,40.11,24.49,16.67,31.25,59.52,42.41,0,28,F,,
2025/26,Liga Revelação U23,Gabriel Cardoso,Farense U23,21,CF,29.46,62.68,40.56,35.71,56.25,19.35,16.07,0,26,F,,
2025/26,Liga Revelação U23,Jefer Gonjo,Leixões U23,21,CF,76.34,83.32,85.2,82.14,71.43,74.7,71.88,0,1,S,,
2025/26,Liga Revelação U23,I. Siga,Estrela Amadora U23,21,CF,36.61,16.85,40.82,46.43,66.52,67.56,62.5,0,17,D,,
2025/26,Liga Revelação U23,Rudi Almeida,Famalicão U23,21,CF,83.48,83.74,67.09,47.02,59.82,47.92,44.2,0,7,B,,
2025/26,Liga Revelação U23,Leonardo Oliveira,Farense U23,21,CF,58.04,72.85,63.52,73.21,47.77,37.2,39.73,0,9,C,,
2025/26,Liga Revelação U23,Kaique Rodrigues,Academico Viseu U23,21,CF,81.25,37.14,68.88,73.21,55.36,54.17,67.41,0,6,B,,
2025/26,Liga Revelação U23,Daniel Silva,Santa Clara U23,22,CF,66.96,74.96,49.49,39.29,25,49.4,58.48,0,15,D,,
2025/26,Liga Revelação U23,S. Osei,Marítimo U23,22,CF,64.29,49.59,64.8,56.55,39.29,39.58,60.27,0,11,C,,
2025/26,Liga Revelação U23,Miguel Rajani,Leixões U23,22,CF,91.07,48.99,65.82,42.86,75.89,30.95,49.11,0,8,C,,
2025/26,Liga Revelação U23,Isaac,Santa Clara U23,22,CF,11.61,46.02,23.72,36.9,66.96,86.31,55.36,0,20,E,,
2025/26,Liga Revelação U23,M. Kaba,Gil Vicente U23,23,CF,85.71,89.25,84.95,70.83,54.46,80.95,65.62,0,2,S,,
2025/26,Liga Revelação U23,Jardeu,Portimonense U23,27,CF,46.88,42.45,41.58,27.38,40.62,31.25,41.96,0,23,E,,
2025/26,Liga Revelação U23,Romário Cunha,Sporting Braga U23,18,GK,0,0,0,0,0,0,0,40.94,18,E,,
2025/26,Liga Revelação U23,Lourenço Rodrigues,Portimonense U23,18,GK,0,0,0,0,0,0,0,38.41,21,E,,
2025/26,Liga Revelação U23,Miguel Gouveia,Sporting CP U23,18,GK,0,0,0,0,0,0,0,63.77,5,B,,
2025/26,Liga Revelação U23,Afonso Manso,Estrela Amadora U23,18,GK,0,0,0,0,0,0,0,45.65,13,D,,
2025/26,Liga Revelação U23,Tomé Sousa,Farense U23,19,GK,0,0,0,0,0,0,0,39.13,20,E,,
2025/26,Liga Revelação U23,Goncalo Da Silva,Benfica U23,19,GK,0,0,0,0,0,0,0,44.57,15,D,,
2025/26,Liga Revelação U23,João Afonso,Santa Clara U23,19,GK,0,0,0,0,0,0,0,66.67,4,A,,
2025/26,Liga Revelação U23,F. Lowe,Estoril U23,19,GK,0,0,0,0,0,0,0,71.38,3,S,,
2025/26,Liga Revelação U23,T. Von Hellens,Marítimo U23,19,GK,0,0,0,0,0,0,0,37.68,22,E,,
2025/26,Liga Revelação U23,A. Voitinovičius,Benfica U23,19,GK,0,0,0,0,0,0,0,41.67,16,E,,
2025/26,Liga Revelação U23,Pedro Dinis,Vizela U23,20,GK,0,0,0,0,0,0,0,33.33,23,F,,
2025/26,Liga Revelação U23,Miguel Vieira,Gil Vicente U23,20,GK,0,0,0,0,0,0,0,50,12,D,,
2025/26,Liga Revelação U23,Tomas Gomes,Portimonense U23,20,GK,0,0,0,0,0,0,0,41.67,17,E,,
2025/26,Liga Revelação U23,Wesley,Leixões U23,21,GK,0,0,0,0,0,0,0,57.97,8,C,,
2025/26,Liga Revelação U23,Rui Vieira,Estrela Amadora U23,21,GK,0,0,0,0,0,0,0,50.72,11,C,,
2025/26,Liga Revelação U23,Fábio Sousa,UD Leiria U23,21,GK,0,0,0,0,0,0,0,71.74,2,S,,
2025/26,Liga Revelação U23,A. Picornell,Gil Vicente U23,22,GK,0,0,0,0,0,0,0,61.23,7,B,,
2025/26,Liga Revelação U23,Carlos,Academico Viseu U23,22,GK,0,0,0,0,0,0,0,51.09,10,C,,
2025/26,Liga Revelação U23,Pedro Virgínia,Rio Ave U23,22,GK,0,0,0,0,0,0,0,44.93,14,D,,
2025/26,Liga Revelação U23,João Cardoso,Leixões U23,22,GK,0,0,0,0,0,0,0,39.86,19,E,,
2025/26,Liga Revelação U23,Pedro Gomes,Marítimo U23,23,GK,0,0,0,0,0,0,0,51.81,9,C,,
2025/26,Liga Revelação U23,Gustavo Ramalho,Torreense U23,23,GK,0,0,0,0,0,0,0,75.36,1,S,,
2025/26,Liga Revelação U23,Gabriel Cabral,Famalicão U23,23,GK,0,0,0,0,0,0,0,63.77,6,B,,
2024/25,Liga Portugal,Tiago Gabriel,Estrela Amadora,20,CB,77.42,47.58,60.14,46.51,34.27,74.33,46.37,0,14,B,1500000,
2024/25,Liga Portugal,O. Diomandé,Sporting CP,21,CB,82.26,31.72,67.74,59.41,69.35,35.62,79.23,0,18,B,,
2024/25,Liga Portugal,I. Rodríguez,AVS (Vilafranquense),21,CB,16.13,44.51,23.73,34.95,47.58,49.33,23.39,0,58,F,,
2024/25,Liga Portugal,Z. Debast,Sporting CP,21,CB,17.94,93.56,55.07,81.99,93.15,13.58,54.64,0,32,C,,
2024/25,Liga Portugal,António Silva,Benfica,21,CB,54.84,72.31,73.04,76.61,49.6,34.27,80.04,0,15,B,,
2024/25,Liga Portugal,A. Ntoi,Rio Ave,22,CB,36.69,31.72,31.11,24.73,46.77,87.37,49.4,0,28,C,,0
2024/25,Liga Portugal,K. Boma,Estoril,22,CB,63.91,31.72,48.73,39.52,18.15,55.91,72.18,0,38,D,,250000
2024/25,Liga Portugal,Chico Lamba,Arouca,22,CB,56.25,31.72,44.82,43.55,48.79,50.54,38.51,0,45,D,6000000,
2024/25,Liga Portugal,B. Arrey-Mbi,SC Braga,22,CB,22.58,61.11,29.95,30.65,37.9,39.11,47.98,0,55,E,,
2024/25,Liga Portugal,Tomás Araújo,Benfica,23,CB,45.77,47.58,71.66,91.4,69.76,32.39,71.98,0,19,B,,
2024/25,Liga Portugal,Otávio,Porto,23,CB,70.16,41.93,66.01,67.47,81.85,52.02,53.83,0,5,B,17000000,
2024/25,Liga Portugal,Eduardo Quaresma,Sporting CP,23,CB,46.17,37.84,52.53,86.83,71.37,39.38,63.1,0,24,C,,
2024/25,Liga Portugal,Gonçalo Inácio,Sporting CP,23,CB,82.86,52.74,65.21,54.03,95.97,37.23,59.27,0,6,B,,
2024/25,Liga Portugal,S. Chounkwi Fogning,Boavista,23,CB,22.38,31.72,35.37,53.76,22.58,59.01,40.32,0,52,E,,
2024/25,Liga Portugal,Zé Vitor,Nacional,24,CB,77.02,43.6,49.88,25.81,44.76,79.7,50.4,0,12,B,,
2024/25,Liga Portugal,Mt,Santa Clara,24,CB,56.85,65.81,67.05,65.59,56.05,44.62,66.33,0,16,B,,
2024/25,Liga Portugal,N. Pérez,Porto,24,CB,69.15,74.63,70.51,75,64.92,34.95,56.85,0,13,B,,17000000
2024/25,Liga Portugal,Marco Moreno,Farense,24,CB,45.16,41.93,40.32,24.73,35.69,66.26,59.88,0,36,C,0,
2024/25,Liga Portugal,F. Bacher,Estoril,24,CB,52.22,47.04,26.04,17.47,41.33,63.31,40.32,0,46,D,,
2024/25,Liga Portugal,C. Devenish,AVS (Vilafranquense),24,CB,41.94,75.76,50.46,55.38,52.02,40.86,39.52,0,40,D,,
2024/25,Liga Portugal,R. Kluivert,Casa Pia AC,24,CB,71.17,31.72,52.65,46.77,43.95,46.51,57.46,0,37,C,3700000,
2024/25,Liga Portugal,João Ferreira,SC Braga,24,CB,51.81,65.86,76.04,93.55,66.13,71.1,66.53,0,2,S,,
2024/25,Liga Portugal,J. Panzo,Rio Ave,24,CB,53.83,50.8,48.39,46.24,61.69,64.65,36.09,0,26,C,,0
2024/25,Liga Portugal,B. Onyemaechi,Boavista,25,CB,92.34,75.27,97.47,96.77,27.02,25.94,57.26,0,20,B,2500000,
2024/25,Liga Portugal,B. Roux,AVS (Vilafranquense),25,CB,53.63,73.77,59.22,71.77,40.73,36.16,45.97,0,35,C,800000,
2024/25,Liga Portugal,S. Niakaté,SC Braga,25,CB,66.94,52.36,51.27,51.34,61.9,46.91,58.47,0,25,C,,
2024/25,Liga Portugal,Ulisses,Nacional,25,CB,73.99,41.08,59.79,54.84,47.98,65.05,49.8,0,17,B,,
2024/25,Liga Portugal,J. De Haas,Famalicão,25,CB,49.4,66.28,45.39,34.68,55.65,61.96,37.3,0,30,C,,
2024/25,Liga Portugal,João Goulart,Casa Pia AC,25,CB,52.82,31.72,41.13,46.51,33.87,33.87,37.5,0,56,F,,
2024/25,Liga Portugal,Pedro Álvaro,Estoril,25,CB,45.77,59.54,41.47,41.94,46.17,49.33,51.21,0,41,D,0,
2024/25,Liga Portugal,José Fontán,Arouca,25,CB,51.21,31.72,44.93,57.53,67.74,42.34,33.87,0,44,D,,
2024/25,Liga Portugal,E. Mihaj,Famalicão,26,CB,33.47,64.2,40.67,41.13,67.74,60.22,55.85,0,23,C,0,
2024/25,Liga Portugal,D. Tchamba,Casa Pia AC,26,CB,79.84,48.92,57.37,50.54,61.69,56.59,44.15,0,21,B,,
2024/25,Liga Portugal,I. Dramé,Estrela Amadora,26,CB,46.37,41.93,58.29,65.05,21.17,68.15,60.48,0,27,C,,
2024/25,Liga Portugal,Zé Pedro,Porto,27,CB,37.9,53.34,53.46,59.41,74.6,56.18,68.15,0,9,B,2000000,
2024/25,Liga Portugal,T. Borevković,Vitória SC,27,CB,38.91,36.42,36.87,35.22,57.66,54.97,34.48,0,47,D,1000000,
2024/25,Liga Portugal,Patrick William,Rio Ave,27,CB,74.6,31.72,65.55,77.69,44.76,64.92,65.73,0,4,B,,
2024/25,Liga Portugal,Robson Bambu,SC Braga,27,CB,19.76,41.93,38.02,53.23,43.55,37.77,42.34,0,54,E,400000,
2024/25,Liga Portugal,R. Pantalon,Estrela Amadora,27,CB,35.48,41.93,40.44,37.9,52.82,59.95,37.3,0,43,D,0,
2024/25,Liga Portugal,Ferro,Estrela Amadora,28,CB,32.26,59.47,47.47,52.96,62.9,71.77,57.86,0,8,B,0,
2024/25,Liga Portugal,Sidney Lima,Santa Clara,28,CB,82.06,47.26,78.46,81.18,47.58,59.01,66.13,0,3,A,,
2024/25,Liga Portugal,Cláudio Falcão,Farense,30,CB,70.97,66.4,63.36,40.59,35.28,56.32,29.84,0,33,C,,
2024/25,Liga Portugal,Lucas Áfrico,Farense,30,CB,60.08,43.06,39.06,25,26.61,43.55,28.23,0,57,F,,
2024/25,Liga Portugal,Artur Jorge,Farense,30,CB,37.1,41.93,39.06,32.53,18.95,47.72,23.39,0,61,F,0,
2024/25,Liga Portugal,Matheus Reis,Sporting CP,30,CB,44.76,84.08,77.65,97.85,87.1,15.99,65.52,0,11,B,,
2024/25,Liga Portugal,R. Abascal,Boavista,31,CB,39.11,65.81,53.57,49.19,60.89,35.89,25.6,0,48,D,0,
2024/25,Liga Portugal,Jonathan Buatu,Gil Vicente,31,CB,29.64,71.23,50.69,60.75,50,58.6,61.69,0,22,C,,
2024/25,Liga Portugal,Maracás,Moreirense,31,CB,54.84,47.04,31.8,16.4,31.05,54.84,39.52,0,50,E,,
2024/25,Liga Portugal,M. Villanueva,Vitória SC,32,CB,44.76,31.72,42.86,41.4,68.95,52.28,64.31,0,31,C,0,
2024/25,Liga Portugal,Josué Sá,Gil Vicente,32,CB,80.85,41.93,63.94,52.15,51.61,31.85,47.98,0,39,D,0,
2024/25,Liga Portugal,Frederico Venâncio,Santa Clara,32,CB,20.16,31.72,25.92,34.68,32.66,41.53,53.43,0,60,F,,
2024/25,Liga Portugal,Paulo Oliveira,SC Braga,33,CB,78.02,31.72,54.15,34.41,41.13,59.14,46.77,0,34,C,,
2024/25,Liga Portugal,Filipe Ferreira,Boavista,34,CB,16.13,47.58,50.69,81.99,50.81,16.94,51.41,0,53,E,,
2024/25,Liga Portugal,Marcelo,Moreirense,35,CB,51.61,52.28,39.63,26.61,39.92,72.31,50.4,0,29,C,,
2024/25,Liga Portugal,Rúben Lima,Estrela Amadora,35,CB,15.52,73.92,42.97,58.87,58.27,31.59,27.62,0,51,E,0,
2024/25,Liga Portugal,Aderllan Santos,AVS (Vilafranquense),36,CB,28.23,31.72,21.89,14.52,29.03,88.98,48.59,0,42,D,,
2024/25,Liga Portugal,Iván Marcano,Porto,37,CB,51.21,87.79,64.52,61.56,76.21,40.19,56.45,0,10,B,0,
2024/25,Liga Portugal,N. Otamendi,Benfica,37,CB,95.56,57.52,76.73,46.77,61.69,75.13,74.6,0,1,S,,
2024/25,Liga Portugal,Luís Rocha,Santa Clara,38,CB,25.2,61.65,35.71,34.95,16.13,34.54,42.74,0,62,F,,
2024/25,Liga Portugal,Rúben Fernandes,Gil Vicente,38,CB,70.77,63.71,60.37,37.63,61.29,56.45,66.94,0,7,B,0,
2024/25,Liga Portugal,Miguel Lopes,Estrela Amadora,38,CB,14.31,31.72,20.74,30.38,45.16,65.32,54.64,0,49,D,0,
2024/25,Liga Portugal,José Fonte,Casa Pia AC,41,CB,39.92,31.72,30.99,20.16,38.1,47.72,32.86,0,59,F,,
2024/25,Liga Portugal,Geovany Quenda,Sporting CP,18,FB & WB,82.81,88.39,85.12,77.78,75,10.42,47.4,0,9,B,,
2024/25,Liga Portugal,Martim Fernandes,Porto,19,FB & WB,47.4,83.95,57.59,47.92,72.4,50.87,44.79,0,19,B,,
2024/25,Liga Portugal,Francisco Chissumba,SC Braga,20,FB & WB,35.68,61.15,54.61,66.67,64.84,49.65,51.82,0,21,C,,
2024/25,Liga Portugal,Iván Fresneda,Sporting CP,20,FB & WB,94.53,35.06,72.02,57.64,33.85,63.72,50,0,16,B,,
2024/25,Liga Portugal,Pedro Gomes,Boavista,21,FB & WB,31.77,19.78,17.71,7.29,19.53,59.2,24.22,0,48,F,,
2024/25,Liga Portugal,Diogo Travassos,Estrela Amadora,21,FB & WB,60.16,37.54,62.95,80.56,45.83,62.5,72.4,0,10,B,,
2024/25,Liga Portugal,Rodrigo Pinheiro,Famalicão,22,FB & WB,40.36,63.98,52.53,64.93,54.17,77.43,81.51,0,6,A,,
2024/25,Liga Portugal,Wagner Pina,Estoril,22,FB & WB,75.52,67.41,54.76,32.29,45.57,54.86,40.89,0,24,C,3000000,
2024/25,Liga Portugal,Danilo Veiga,Estrela Amadora,22,FB & WB,38.54,66.31,42.71,32.64,39.58,76.39,47.4,0,26,C,1500000,
2024/25,Liga Portugal,Miguel Maga,Vitória SC,22,FB & WB,32.29,37.1,27.53,27.08,41.93,40.8,32.29,0,45,E,,
2024/25,Liga Portugal,Álvaro Carreras,Benfica,22,FB & WB,67.71,55.04,57.14,65.97,93.23,51.04,62.5,0,4,A,50000000,
2024/25,Liga Portugal,Calegari,Famalicão,23,FB & WB,22.4,37.14,18.45,17.71,45.83,60.24,60.68,0,42,E,,
2024/25,Liga Portugal,Garcia,Nacional,23,FB & WB,20.31,64.3,49.85,76.04,69.27,56.08,64.32,0,14,B,,
2024/25,Liga Portugal,Sandro Cruz,Gil Vicente,23,FB & WB,35.16,27.07,35.27,36.46,51.04,75.69,56.51,0,29,C,,
2024/25,Liga Portugal,Nilton Varela,Estrela Amadora,23,FB & WB,29.69,56.63,30.36,27.43,24.74,60.42,51.56,0,39,D,0,
2024/25,Liga Portugal,Rafael Rodrigues,AVS (Vilafranquense),23,FB & WB,62.5,35.06,33.18,6.94,53.12,64.93,26.04,0,40,D,,
2024/25,Liga Portugal,Weverson,Arouca,24,FB & WB,32.81,64.96,42.86,46.18,35.42,66.49,64.06,0,23,C,0,
2024/25,Liga Portugal,Geny Catamo,Sporting CP,24,FB & WB,92.71,86.57,95.09,93.06,54.69,15.45,50.52,0,3,A,,
2024/25,Liga Portugal,Paulo Victor,Farense,24,FB & WB,26.56,29.21,25.3,32.99,41.67,78.82,55.99,0,32,D,0,
2024/25,Liga Portugal,Matheus Pereira,Santa Clara,24,FB & WB,52.08,72.21,68.15,69.79,38.28,34.55,47.92,0,22,C,800000,500000
2024/25,Liga Portugal,Fabrício Garcia,Estoril,24,FB & WB,59.9,19.78,63.24,76.04,42.19,14.24,60.94,0,31,C,,
2024/25,Liga Portugal,A. Appiah,Nacional,24,FB & WB,53.12,20.82,48.66,50,6.51,28.65,52.86,0,44,E,,
2024/25,Liga Portugal,A. Danté,Arouca,24,FB & WB,24.48,43.74,42.86,51.74,43.23,53.3,62.76,0,30,C,,
2024/25,Liga Portugal,Dinis Pinto,Moreirense,24,FB & WB,78.12,35.45,67.71,71.18,52.86,67.19,63.54,0,7,B,,
2024/25,Liga Portugal,João Mário,Porto,25,FB & WB,49.48,79.56,78.42,94.44,85.42,22.05,53.12,0,5,A,12000000,
2024/25,Liga Portugal,M. Araújo,Sporting CP,25,FB & WB,92.19,89.07,87.05,80.56,70.83,41.49,61.46,0,2,S,,
2024/25,Liga Portugal,Víctor Gómez,SC Braga,25,FB & WB,47.4,47.29,53.42,57.64,83.85,61.63,60.94,0,11,B,,
2024/25,Liga Portugal,Pastor,Farense,25,FB & WB,19.79,46.17,44.05,66.32,51.04,46.18,69.27,0,25,C,800000,
2024/25,Liga Portugal,Francisco Moura,Porto,25,FB & WB,84.11,76.1,81.4,82.99,69.01,61.46,83.07,0,1,S,,5000000
2024/25,Liga Portugal,Leonardo Lelo,Casa Pia AC,25,FB & WB,52.6,80.14,42.11,22.22,58.33,32.99,26.56,0,38,D,0,
2024/25,Liga Portugal,João Mendes,Vitória SC,25,FB & WB,34.11,43.75,42.41,54.51,77.6,68.92,57.03,0,20,C,,
2024/25,Liga Portugal,Calila,Santa Clara,26,FB & WB,70.83,59.24,59.08,53.82,36.46,68.92,55.73,0,17,B,,
2024/25,Liga Portugal,Zé Carlos,Gil Vicente,26,FB & WB,26.56,33.82,41.52,62.5,58.85,79.69,72.66,0,18,B,,
2024/25,Liga Portugal,G. Frimpong,Moreirense,26,FB & WB,49.48,53.81,39.43,33.68,35.68,44.1,32.81,0,41,D,0,
2024/25,Liga Portugal,M. Vrousai,Rio Ave,26,FB & WB,66.15,52.22,51.64,38.54,65.36,70.31,62.24,0,15,B,,
2024/25,Liga Portugal,Pedro Amaral,Estoril,27,FB & WB,35.42,52.24,37.95,31.25,54.43,32.81,34.9,0,43,E,,
2024/25,Liga Portugal,Galeno,Porto,27,FB & WB,96.61,55.84,86.16,77.08,54.69,18.06,54.69,0,12,B,50000000,
2024/25,Liga Portugal,Gaizka Larrazabal,Casa Pia AC,27,FB & WB,78.12,62.14,74.11,69.1,39.58,49.31,71.88,0,8,B,,
2024/25,Liga Portugal,O. Richards,Rio Ave,27,FB & WB,17.71,31.93,27.08,45.49,51.56,63.72,51.3,0,33,D,,
2024/25,Liga Portugal,Lucas Soares,Santa Clara,27,FB & WB,46.35,49.02,53.57,56.25,37.5,46.88,48.44,0,28,C,,
2024/25,Liga Portugal,José Gomes,Nacional,28,FB & WB,74.74,50.75,55.65,39.24,45.83,48.44,34.64,0,27,C,,
2024/25,Liga Portugal,Fernando Fonseca,AVS (Vilafranquense),28,FB & WB,21.88,27.07,31.85,46.18,52.6,68.75,27.86,0,37,D,0,
2024/25,Liga Portugal,Tiago Esgaio,Arouca,29,FB & WB,84.9,22.21,50,26.39,74.22,86.46,55.73,0,13,B,,
2024/25,Liga Portugal,Rafa Soares,Famalicão,30,FB & WB,30.99,69.96,49.26,54.51,48.44,28.3,34.11,0,34,D,,
2024/25,Liga Portugal,Kiki,AVS (Vilafranquense),30,FB & WB,42.71,46.17,27.23,14.58,44.79,43.58,21.35,0,46,E,,
2024/25,Liga Portugal,Derick Poloni,Farense,31,FB & WB,56.25,40.61,54.17,63.19,25.26,28.99,37.24,0,36,D,,
2024/25,Liga Portugal,Bruno Gaspar,Vitória SC,32,FB & WB,48.96,45.13,53.27,42.01,47.92,33.33,37.5,0,35,D,0,
2024/25,Liga Portugal,André Geraldes,Casa Pia AC,34,FB & WB,26.04,27.07,23.51,21.18,35.94,30.73,32.55,0,47,F,,
2024/25,Liga Portugal,E. Tıknaz,Rio Ave,20,MF,76.25,42.86,49.76,39.72,62.92,85.83,62.71,0,10,B,,
2024/25,Liga Portugal,T. Fukui,Arouca,20,MF,27.29,70.63,52.98,68.33,41.46,47.22,57.92,0,29,C,,1600000
2024/25,Liga Portugal,M. De Amorim,Famalicão,20,MF,70.21,61.44,63.1,53.89,33.33,50.83,34.58,0,30,C,,
2024/25,Liga Portugal,M. Bamba,Gil Vicente,20,MF,67.71,17.86,47.26,33.33,46.67,41.11,46.67,0,45,D,,
2024/25,Liga Portugal,B. Aguilera,Rio Ave,21,MF,81.25,75.73,87.26,92.5,64.79,35.69,71.46,0,3,A,,
2024/25,Liga Portugal,Miguel Menino,Farense,22,MF,72.08,60.82,69.76,69.17,9.79,26.53,33.75,0,41,D,,
2024/25,Liga Portugal,Joel Silva,Boavista,22,MF,64.38,51.06,68.33,71.11,15.42,52.08,58.75,0,28,C,,
2024/25,Liga Portugal,D. Soumaré,Nacional,22,MF,52.08,36.7,50.36,55.56,37.08,81.39,75.42,0,17,C,1000000,
2024/25,Liga Portugal,Martim Neto,Rio Ave,22,MF,73.96,50.03,67.62,73.61,67.92,15.69,54.58,0,20,C,,
2024/25,Liga Portugal,J. Gorby,SC Braga,22,MF,45.83,29.81,40.48,38.61,61.04,78.33,51.67,0,26,C,,
2024/25,Liga Portugal,Manuel Keliano,Estrela Amadora,22,MF,16.67,20.92,16.43,17.22,14.58,58.89,31.67,0,60,F,,
2024/25,Liga Portugal,Nico González,Porto,23,MF,97.92,70.56,66.55,49.44,84.58,26.53,45.42,0,11,B,60000000,
2024/25,Liga Portugal,Santi García,Gil Vicente,23,MF,93.12,59.53,77.26,67.5,50,69.31,72.92,0,6,A,,
2024/25,Liga Portugal,Matheus Dias,Nacional,23,MF,25.83,56.7,37.62,34.44,60,69.17,54.37,0,32,C,,1000000
2024/25,Liga Portugal,A. Varela,Porto,23,MF,19.37,74.5,42.02,51.39,68.33,54.31,60.21,0,23,C,,
2024/25,Liga Portugal,Sidnei Tavares,Moreirense,23,MF,50.83,38.97,49.76,62.5,43.75,59.31,82.71,0,22,C,2000000,
2024/25,Liga Portugal,Rafael Brito,Casa Pia AC,23,MF,20.83,48.42,27.62,28.89,21.67,68.89,37.29,0,55,E,,
2024/25,Liga Portugal,Beni,Vitória SC,23,MF,16.67,51.47,15.6,6.39,39.58,58.61,36.04,0,58,E,,
2024/25,Liga Portugal,Fábio Vieira,Porto,24,MF,85.83,98.43,89.4,79.17,59.38,25.28,51.67,0,8,A,,
2024/25,Liga Portugal,M. Gbane,Gil Vicente,24,MF,54.79,31.9,35.24,28.61,26.46,90.28,67.92,0,35,C,,
2024/25,Liga Portugal,Jandro Orellana,Estoril,24,MF,68.54,54.53,55,37.22,44.79,27.5,30.21,0,43,D,,
2024/25,Liga Portugal,Tomás Händel,Vitória SC,24,MF,53.33,35.92,60.95,75.56,70.42,38.33,70,0,15,B,3100000,
2024/25,Liga Portugal,F. Cáseres,Gil Vicente,24,MF,18.33,50.23,24.64,15.83,60.83,80.97,49.58,0,40,D,,
2024/25,Liga Portugal,Vinícius Zanocelo,Estoril,24,MF,61.67,24.93,43.69,33.89,53.12,57.78,52.08,0,37,C,,
2024/25,Liga Portugal,M. Topić,Famalicão,24,MF,46.25,20.92,48.81,60.28,52.08,59.58,77.29,0,24,C,3500000,
2024/25,Liga Portugal,Pedro Santos,Arouca,24,MF,25.83,17.86,37.74,57.78,77.29,36.67,31.25,0,42,D,,
2024/25,Liga Portugal,O. Kökçü,Benfica,24,MF,68.96,91.56,86.9,91.94,84.79,12.08,56.04,0,7,A,25000000,
2024/25,Liga Portugal,Paulo Moreira,Estrela Amadora,25,MF,58.54,45.07,53.45,60,39.17,35.42,45.21,0,38,C,,
2024/25,Liga Portugal,T. Van De Looi,Famalicão,25,MF,16.04,61.17,32.02,39.44,66.88,55.42,48.75,0,36,C,,
2024/25,Liga Portugal,M. Hjulmand,Sporting CP,25,MF,58.33,74.89,50.48,47.22,69.17,60.42,62.71,0,12,B,,
2024/25,Liga Portugal,J. Holsgrove,Estoril,25,MF,32.5,79.52,57.14,72.5,74.58,53.19,58.96,0,9,B,,
2024/25,Liga Portugal,Adriano Firmino,Santa Clara,25,MF,20.42,56.41,36.19,43.33,31.04,34.03,40.83,0,56,E,,
2024/25,Liga Portugal,Pablo Roberto,Casa Pia AC,25,MF,49.17,36.04,70.95,92.22,55.21,27.22,63.75,0,19,C,1000000,
2024/25,Liga Portugal,Z. Youssouf,Famalicão,25,MF,78.12,27.15,61.31,58.33,32.08,55.28,63.54,0,27,C,6000000,
2024/25,Liga Portugal,Serginho,Santa Clara,25,MF,70.21,61.19,69.88,68.89,23.12,47.64,71.25,0,21,C,,
2024/25,Liga Portugal,Daniel Bragança,Sporting CP,25,MF,89.38,80.61,92.02,90,61.25,43.33,79.17,0,2,S,,
2024/25,Liga Portugal,Florentino,Benfica,25,MF,18.75,20.92,16.67,15,60.83,75.56,50.42,0,48,D,,
2024/25,Liga Portugal,Gustavo Assunção,AVS (Vilafranquense),25,MF,48.54,29.81,30.24,23.89,45.42,58.33,40,0,50,D,0,
2024/25,Liga Portugal,Miguel Sousa,Casa Pia AC,26,MF,53.75,55.89,75.48,83.61,60,38.19,52.71,0,13,B,,
2024/25,Liga Portugal,I. Camará,Boavista,26,MF,14.17,45.36,28.1,23.33,38.54,54.17,30,0,57,E,,
2024/25,Liga Portugal,I. Vukotić,Boavista,26,MF,86.46,38.93,58.57,37.5,8.54,28.75,45,0,51,E,,
2024/25,Liga Portugal,A. Kraev,Casa Pia AC,26,MF,56.25,38.09,35,27.22,30.21,50.56,23.33,0,54,E,500000,
2024/25,Liga Portugal,Ismael,Moreirense,26,MF,49.79,32.03,50.6,62.5,44.58,88.75,71.88,0,14,B,0,
2024/25,Liga Portugal,Miguel Reisinho,Boavista,26,MF,65.62,44.18,46.43,31.39,29.79,37.22,28.33,0,52,E,,
2024/25,Liga Portugal,L. Ofori,Moreirense,26,MF,36.67,50.04,35.24,49.44,62.92,18.75,45.42,0,46,D,,
2024/25,Liga Portugal,Pedro Ferreira,Santa Clara,27,MF,36.46,51.47,42.98,43.89,21.88,74.44,52.08,0,39,D,,
2024/25,Liga Portugal,Luís Esteves,Nacional,27,MF,42.71,70.35,70.6,90.56,55.62,17.36,58.33,0,18,C,0,
2024/25,Liga Portugal,Jaume Grau,AVS (Vilafranquense),28,MF,48.12,44.66,31.07,22.78,25.21,71.81,42.71,0,49,D,,
2024/25,Liga Portugal,Stephen Eustáquio,Porto,28,MF,41.46,61.85,52.5,50,76.67,59.17,42.5,0,16,B,,
2024/25,Liga Portugal,Vitor Carvalho,SC Braga,28,MF,46.25,46.29,40.6,25.28,48.12,53.75,38.33,0,44,D,,
2024/25,Liga Portugal,Léo Cordeiro,Estrela Amadora,29,MF,55,51.45,61.67,75.83,57.5,15.83,47.29,0,31,C,0,
2024/25,Liga Portugal,H. Morita,Sporting CP,30,MF,88.75,81.01,86.31,78.89,85,57.5,62.92,0,1,S,,
2024/25,Liga Portugal,Xeka,Estoril,30,MF,61.25,64.53,55.95,38.06,45.83,48.75,32.71,0,34,C,,
2024/25,Liga Portugal,Tiago Silva,Vitória SC,31,MF,52.08,79.66,60.95,72.78,93.75,50.69,67.71,0,4,A,0,
2024/25,Liga Portugal,João Novais,Rio Ave,31,MF,43.75,68.06,71.31,82.22,44.58,18.89,58.12,0,25,C,0,
2024/25,Liga Portugal,S. Pérez,Boavista,32,MF,30.42,35.92,25.83,16.94,58.54,68.33,37.08,0,47,D,,
2024/25,Liga Portugal,A. Oudrhiri,Estrela Amadora,32,MF,12.5,17.86,14.64,21.67,47.29,44.72,22.5,0,59,F,,
2024/25,Liga Portugal,Neto,Farense,33,MF,43.12,33.37,23.1,18.06,40.83,69.58,25.83,0,53,E,0,
2024/25,Liga Portugal,David Simão,Arouca,34,MF,36.67,51.98,42.26,35.56,78.33,52.08,25.42,0,33,C,,
2024/25,Liga Portugal,João Moutinho,SC Braga,38,MF,52.92,69.98,58.33,57.78,85.42,76.67,61.04,0,5,A,,
2024/25,Liga Portugal,Rodrigo Mora,Porto,18,AM & W,96.61,68.34,68.77,51.69,55.08,51.13,48.94,0,11,B,,
2024/25,Liga Portugal,Roger,SC Braga,19,AM & W,57.42,70.12,85.35,98.31,70.13,66.53,78.18,0,1,S,32000000,
2024/25,Liga Portugal,Gustavo Sá,Famalicão,20,AM & W,62.5,56.3,54.72,45.48,65.25,71.33,46.61,0,18,B,,
2024/25,Liga Portugal,Tiago Morais,Rio Ave,21,AM & W,53.18,16.18,47.82,50.28,67.37,40.25,45.34,0,37,D,,
2024/25,Liga Portugal,Kaio César,Vitória SC,21,AM & W,56.99,76.34,76.63,85.88,51.48,42.66,60.17,0,10,A,,
2024/25,Liga Portugal,Ismael Gharbi,SC Braga,21,AM & W,81.78,70.76,69.37,50.28,82.42,64.12,40.68,0,8,A,,
2024/25,Liga Portugal,Gabri Martínez,SC Braga,22,AM & W,79.24,47.54,87.53,94.92,72.03,69.92,78.39,0,2,S,,
2024/25,Liga Portugal,J. Mercado,AVS (Vilafranquense),22,AM & W,36.44,46.65,59.56,78.53,21.82,57.06,76.27,0,24,C,3000000,
2024/25,Liga Portugal,T. Akinsola,AVS (Vilafranquense),22,AM & W,44.7,43.86,59.81,84.75,39.41,54.66,77.97,0,17,B,,
2024/25,Liga Portugal,T. Touré,Gil Vicente,22,AM & W,37.5,37.65,49.76,67.23,24.15,57.91,74.36,0,30,C,,
2024/25,Liga Portugal,Telmo Arcanjo,Vitória SC,23,AM & W,66.95,51.78,68.04,75.14,59.53,50.28,60.17,0,12,B,,500000
2024/25,Liga Portugal,André Luiz,Rio Ave,23,AM & W,50.21,39.35,66.46,77.12,45.55,34.32,69.07,0,22,C,,
2024/25,Liga Portugal,Óscar Aranda,Famalicão,23,AM & W,55.08,28.73,45.16,52.54,49.15,25.71,56.57,0,40,D,,300000
2024/25,Liga Portugal,Gabriel Silva,Santa Clara,23,AM & W,57.2,41.57,57.87,53.67,14.19,25.56,56.57,0,43,D,,
2024/25,Liga Portugal,Félix Correia,Gil Vicente,24,AM & W,56.78,57.43,58.96,62.43,82.63,59.6,49.36,0,13,B,7000000,
2024/25,Liga Portugal,Sorriso,Famalicão,24,AM & W,84.32,73.36,72.88,57.91,45.76,74.44,49.36,0,9,A,,1500000
2024/25,Liga Portugal,O. Pohlmann,Rio Ave,24,AM & W,15.47,19.29,19.98,24.86,39.41,39.97,39.83,0,59,F,,
2024/25,Liga Portugal,Fábio Ronaldo,Estrela Amadora,24,AM & W,26.48,36.2,30.39,38.14,41.1,63.98,50.42,0,47,D,400000,
2024/25,Liga Portugal,Madson,Moreirense,25,AM & W,43.64,30.31,61.02,73.73,26.06,50.28,66.74,0,29,C,,
2024/25,Liga Portugal,Nuno Moreira,Casa Pia AC,25,AM & W,68.01,50.93,56.3,51.41,64.62,53.81,60.81,0,20,B,,
2024/25,Liga Portugal,Rodrigo Zalazar,SC Braga,25,AM & W,60.38,64.21,76.27,91.53,85.59,65.11,78.39,0,3,S,,
2024/25,Liga Portugal,Dudu Teodora,Nacional,25,AM & W,58.69,37.69,37.77,33.9,2.97,40.25,48.31,0,55,E,0,
2024/25,Liga Portugal,Elves Baldé,Farense,25,AM & W,36.23,65.62,64.77,77.12,24.15,40.54,64.19,0,23,C,0,
2024/25,Liga Portugal,Vasco Lopes,AVS (Vilafranquense),25,AM & W,54.24,69.28,65.5,74.86,47.25,35.88,50,0,19,B,0,
2024/25,Liga Portugal,K. Fujimoto,Gil Vicente,25,AM & W,47.46,70.2,34.99,18.36,44.28,33.47,15.47,0,51,E,0,
2024/25,Liga Portugal,Alan,Moreirense,25,AM & W,29.24,86.18,31.84,33.9,60.59,12.15,25.85,0,46,D,,
2024/25,Liga Portugal,A. Trezza,Arouca,25,AM & W,61.44,44.98,52.66,53.67,13.35,46.47,30.51,0,41,D,,1850000
2024/25,Liga Portugal,Francisco Trincão,Sporting CP,25,AM & W,75.85,87.54,81.48,70.06,79.24,51.69,69.07,0,4,S,,
2024/25,Liga Portugal,Daniel Penha,Nacional,26,AM & W,45.13,46.4,36.92,24.29,58.05,74.15,38.77,0,34,D,,
2024/25,Liga Portugal,Vinícius Lopes,Santa Clara,26,AM & W,76.91,25.08,55.33,42.37,32.63,73.59,60.59,0,26,C,,
2024/25,Liga Portugal,M. Sylla,Arouca,26,AM & W,22.88,29.84,25.91,29.66,82.63,49.15,41.31,0,48,D,0,
2024/25,Liga Portugal,Nuno Santos,Vitória SC,26,AM & W,58.47,59.15,56.42,47.46,86.86,61.3,38.98,0,15,B,1000000,
2024/25,Liga Portugal,Paulinho Bóia,Nacional,26,AM & W,33.69,47.82,40.68,43.79,38.35,57.06,60.81,0,36,D,,
2024/25,Liga Portugal,K. Aktürkoğlu,Benfica,26,AM & W,88.77,75.51,82.08,61.3,59.96,52.4,49.36,0,7,A,22500000,
2024/25,Liga Portugal,L. Bucca,Estrela Amadora,26,AM & W,31.99,39.95,17.43,9.6,25.21,82.49,30.51,0,56,E,0,
2024/25,Liga Portugal,Jordi Mboula,Gil Vicente,26,AM & W,17.8,40.23,25.91,35.88,21.19,50.56,39.62,0,57,E,,
2024/25,Liga Portugal,Ricardinho,Santa Clara,26,AM & W,88.56,33.41,62.83,55.65,39.41,43.36,34.53,0,28,C,0,
2024/25,Liga Portugal,Jovane Cabral,Estrela Amadora,26,AM & W,40.47,35.39,32.57,18.64,45.76,59.75,17.37,0,53,E,,800000
2024/25,Liga Portugal,Bruno Costa,Nacional,27,AM & W,33.69,64.74,30.02,26.27,38.56,62.99,49.79,0,42,D,,
2024/25,Liga Portugal,Benny,Moreirense,27,AM & W,38.56,53.25,26.15,11.3,76.69,45.9,28.81,0,49,E,,
2024/25,Liga Portugal,J. Livolant,Casa Pia AC,27,AM & W,64.19,58.53,51.09,56.21,31.14,27.26,39.62,0,32,D,,
2024/25,Liga Portugal,João Carvalho,Estoril,28,AM & W,49.58,57.49,37.29,38.14,79.66,49.29,52.97,0,25,C,,
2024/25,Liga Portugal,Pepê,Porto,28,AM & W,62.08,56.69,58.23,57.91,78.39,32.2,47.67,0,21,C,,
2024/25,Liga Portugal,Gabrielzinho,Moreirense,28,AM & W,65.89,11.66,50.24,58.76,7.84,27.4,58.69,0,50,E,600000,
2024/25,Liga Portugal,Gil Dias,Famalicão,28,AM & W,63.14,31.95,62.11,67.23,43.22,81.64,76.27,0,14,B,,1000000
2024/25,Liga Portugal,F. Aursnes,Benfica,29,AM & W,56.57,45.87,44.31,32.49,74.36,61.44,42.16,0,27,C,,
2024/25,Liga Portugal,Kiko Bondoso,Rio Ave,29,AM & W,37.5,26.35,34.87,38.7,50.42,32.34,46.82,0,52,E,,
2024/25,Liga Portugal,Rony Lopes,Farense,29,AM & W,17.8,36.81,28.57,18.64,33.9,63.98,51.91,0,54,E,0,
2024/25,Liga Portugal,Rúben Macedo,Nacional,29,AM & W,20.97,57.32,55.21,82.77,15.04,23.45,45.55,0,39,D,0,
2024/25,Liga Portugal,Ricardo Horta,SC Braga,30,AM & W,86.86,52.46,51.94,17.8,61.23,36.02,17.16,0,35,D,,
2024/25,Liga Portugal,Ivo Rodrigues,Moreirense,30,AM & W,4.24,37.69,19.85,40.68,75.21,92.94,64.62,0,31,C,0,
2024/25,Liga Portugal,João Mendes,Vitória SC,30,AM & W,65.68,35.39,59.81,61.58,68.86,51.27,74.15,0,16,B,0,
2024/25,Liga Portugal,Jason,Arouca,30,AM & W,41.1,50,43.34,42.94,53.18,46.47,47.03,0,33,D,0,
2024/25,Liga Portugal,Bruma,Benfica,30,AM & W,90.25,75.62,76.03,55.93,80.51,34.46,68.86,0,6,A,,
2024/25,Liga Portugal,Lucas Piazón,AVS (Vilafranquense),31,AM & W,11.02,47.95,16.34,9.04,34.53,58.47,43.22,0,58,F,0,
2024/25,Liga Portugal,A. Ruiz,Estrela Amadora,31,AM & W,7.63,88.88,20.46,13.84,76.69,70.76,26.69,0,38,D,0,
2024/25,Liga Portugal,Salvador Agra,Boavista,33,AM & W,8.9,46.53,35.23,48.87,37.5,51.55,60.38,0,44,D,,
2024/25,Liga Portugal,Marco Matias,Farense,36,AM & W,54.03,56.58,42.62,33.33,27.75,48.73,25.85,0,45,D,,
2024/25,Liga Portugal,Á. Di María,Benfica,37,AM & W,61.65,87.06,78.57,91.24,90.68,18.5,52.33,0,5,A,0,
2024/25,Liga Portugal,Rodrigo Ribeiro,AVS (Vilafranquense),20,CF,30,39.99,58.29,75.33,80.5,81.67,92,0,6,B,,
2024/25,Liga Portugal,Samu Omorodion,Porto,21,CF,90,61.36,57.43,30.67,42,55,55,0,9,C,,
2024/25,Liga Portugal,Isaac,Nacional,21,CF,31,32.26,21.14,20,45.5,47,48,0,25,F,,
2024/25,Liga Portugal,Cauê,Casa Pia AC,22,CF,29,27.93,30.29,46.67,66,56.67,53,0,19,E,,
2024/25,Liga Portugal,Henrique Araújo,Arouca,23,CF,64,50.65,53.71,49.33,36,42.67,49,0,14,D,,
2024/25,Liga Portugal,Y. Begraoui,Estoril,23,CF,68.5,76.69,71.43,72,70,51.67,61,0,3,B,,
2024/25,Liga Portugal,A. El Ouazzani,SC Braga,23,CF,79,49.99,69.14,58,43,54.33,60.5,0,7,C,,
2024/25,Liga Portugal,Luís Asué,Moreirense,23,CF,60.5,39.32,58.29,61.33,26.5,58.67,63,0,10,C,1300000,
2024/25,Liga Portugal,Alejandro Marqués,Estoril,24,CF,61,40.73,29.71,12,21,39,31,0,24,F,,
2024/25,Liga Portugal,André Lacximicant,Estoril,24,CF,80,80.49,83.14,86.67,68,53,54,0,2,A,,
2024/25,Liga Portugal,D. Namaso,Porto,24,CF,46,33.99,63.71,81.33,82,80,88,0,4,B,,
2024/25,Liga Portugal,Jorge Aguirre,Gil Vicente,25,CF,26,69.32,32.86,21.33,74.5,47.67,20.5,0,22,E,,
2024/25,Liga Portugal,R. Boženík,Boavista,25,CF,47,27.32,38.86,28,37,58.67,33,0,21,E,,
2024/25,Liga Portugal,Clayton,Rio Ave,26,CF,66,39.32,60.86,66,33,40.67,51.5,0,12,C,,3000000
2024/25,Liga Portugal,Kikas,Estrela Amadora,26,CF,47,50.49,54.29,68.67,28,25.67,44.5,0,15,D,,
2024/25,Liga Portugal,V. Gyökeres,Sporting CP,26,CF,98,95.56,98.29,97.33,53.5,46.33,85,0,1,S,66900000,
2024/25,Liga Portugal,V. Pavlidis,Benfica,26,CF,92.5,67.82,71.71,49.33,75.5,54.67,51,0,5,B,,
2024/25,Liga Portugal,Darío Poveda,Farense,28,CF,47,37.99,35.71,42,82,26.33,46.5,0,17,E,,
2024/25,Liga Portugal,Guilherme Schettine,Moreirense,29,CF,40.5,70.65,55.14,61.33,46,46.67,44,0,13,D,,
2024/25,Liga Portugal,Samu,Vitória SC,29,CF,20.5,61.32,52.57,64.67,83,78,50.5,0,8,C,,
2024/25,Liga Portugal,Tomané,Farense,32,CF,21.5,33.99,49.43,82.67,40,68,81,0,11,C,0,
2024/25,Liga Portugal,Nélson Oliveira,Vitória SC,33,CF,35.5,61.32,41.43,32.67,45,18,8.5,0,23,F,,
2024/25,Liga Portugal,Rodrigo Pinho,Estrela Amadora,33,CF,34,38.03,36.86,38,47,47,47.5,0,20,E,,
2024/25,Liga Portugal,Zé Luís,AVS (Vilafranquense),34,CF,32.5,60.65,37.14,24,51.5,56.67,49,0,18,E,0,
2024/25,Liga Portugal,Cassiano,Casa Pia AC,36,CF,53,52.82,38.57,30.67,23.5,66,33,0,16,E,,
2024/25,Liga Portugal,L. Horníček,SC Braga,22,GK,0,0,0,0,0,0,0,81.25,1,S,,
2024/25,Liga Portugal,Andrew,Gil Vicente,23,GK,0,0,0,0,0,0,0,53.82,11,C,,
2024/25,Liga Portugal,C. Miszta,Rio Ave,23,GK,0,0,0,0,0,0,0,52.08,13,C,,
2024/25,Liga Portugal,A. Trubin,Benfica,23,GK,0,0,0,0,0,0,0,67.01,5,A,,
2024/25,Liga Portugal,N. Mantl,Arouca,25,GK,0,0,0,0,0,0,0,45.83,16,C,,500000
2024/25,Liga Portugal,Diogo Costa,Porto,25,GK,0,0,0,0,0,0,0,71.53,2,A,,
2024/25,Liga Portugal,F. Israel,Sporting CP,25,GK,0,0,0,0,0,0,0,36.11,19,D,4500000,
2024/25,Liga Portugal,Ricardo Velho,Farense,26,GK,0,0,0,0,0,0,0,58.68,9,B,,
2024/25,Liga Portugal,L. Carević,Famalicão,26,GK,0,0,0,0,0,0,0,57.29,10,B,,800000
2024/25,Liga Portugal,P. Sequeira,Casa Pia AC,26,GK,0,0,0,0,0,0,0,66.32,6,A,,
2024/25,Liga Portugal,Gabriel Batista,Santa Clara,27,GK,0,0,0,0,0,0,0,69.1,3,A,,
2024/25,Liga Portugal,I. Zlobin,Famalicão,28,GK,0,0,0,0,0,0,0,68.75,4,A,,
2024/25,Liga Portugal,Lucas França,Nacional,29,GK,0,0,0,0,0,0,0,46.18,15,C,,
2024/25,Liga Portugal,João Costa,Estrela Amadora,29,GK,0,0,0,0,0,0,0,49.31,14,C,0,300000
2024/25,Liga Portugal,Kewin,Moreirense,30,GK,0,0,0,0,0,0,0,53.47,12,C,0,
2024/25,Liga Portugal,Bruno Varela,Vitória SC,30,GK,0,0,0,0,0,0,0,43.4,18,D,500000,
2024/25,Liga Portugal,Rui Silva,Sporting CP,31,GK,0,0,0,0,0,0,0,34.72,20,E,,4000000
2024/25,Liga Portugal,Simão,AVS (Vilafranquense),31,GK,0,0,0,0,0,0,0,62.5,7,B,,
2024/25,Liga Portugal,Matheus,SC Braga,33,GK,0,0,0,0,0,0,0,60.76,8,B,1250000,
2024/25,Liga Portugal,César Bernardo,Boavista,33,GK,0,0,0,0,0,0,0,23.26,23,F,,
2024/25,Liga Portugal,Bruno Brígido,Estrela Amadora,33,GK,0,0,0,0,0,0,0,33.33,21,E,,
2024/25,Liga Portugal,Joel Robles,Estoril,34,GK,0,0,0,0,0,0,0,33.33,22,E,,
2024/25,Liga Portugal,T. Vaclík,Boavista,36,GK,0,0,0,0,0,0,0,45.83,17,C,,
2024/25,Liga Portugal,G. Ochoa,AVS (Vilafranquense),39,GK,0,0,0,0,0,0,0,19.44,24,F,,
2024/25,Liga 2,J. Wynder,Benfica B,20,CB,82.84,32.68,56.9,44.92,64.41,71.19,54.24,0,11,A,,1125000
2024/25,Liga 2,Diegão,Paços de Ferreira,21,CB,49.36,42.33,36.68,37.29,25,30.65,37.29,0,58,E,,
2024/25,Liga 2,E. Ahouonon,Torreense,21,CB,81.57,70.58,64.29,46.89,53.39,78.25,57.84,0,3,S,2000000,
2024/25,Liga 2,Gabriel Brás,Porto B,21,CB,71.61,57.6,57.02,36.44,78.39,48.31,61.23,0,17,A,,
2024/25,Liga 2,Afonso Silva,Felgueiras 1932,21,CB,97.67,52.45,64.89,25.71,63.56,57.2,50.64,0,15,A,,
2024/25,Liga 2,Víctor Rofino,União de Leiria,22,CB,26.91,42.33,40.8,60.73,59.53,38.98,46.61,0,40,C,,
2024/25,Liga 2,Alemão,Portimonense,22,CB,21.82,32.68,44.19,75.42,68.86,84.46,68.43,0,5,S,,
2024/25,Liga 2,Alysson,Alverca,22,CB,67.8,70.49,66.34,53.39,80.08,44.77,48.73,0,14,A,,
2024/25,Liga 2,Mário Junior,UD Oliveirense,22,CB,61.02,32.68,38.38,34.18,43.64,62.29,37.92,0,37,C,,
2024/25,Liga 2,Emanuel Fernandes,Feirense,22,CB,39.83,56.12,61.38,68.08,44.49,22.46,28.6,0,51,D,,
2024/25,Liga 2,Paulo Eduardo,Alverca,23,CB,45.13,44.54,50.24,46.61,59.32,29.1,55.72,0,41,C,,
2024/25,Liga 2,Gabriel Noga,UD Oliveirense,23,CB,32.42,52.45,46.25,46.33,65.47,65.54,44.07,0,27,B,,
2024/25,Liga 2,J. Lomboto,Torreense,23,CB,78.18,32.68,50.48,25.99,13.56,65.96,50.21,0,36,C,,
2024/25,Liga 2,Gustavo Marques,Benfica B,23,CB,60.59,52.45,61.38,54.24,71.61,50.14,53.6,0,18,B,,
2024/25,Liga 2,Felipe Silva,Porto B,23,CB,72.25,32.68,58.96,58.76,64.41,49.15,63.14,0,20,B,,500000
2024/25,Liga 2,N. Madsen,Marítimo,23,CB,84.53,32.68,68.64,66.95,49.58,15.11,36.65,0,46,C,,
2024/25,Liga 2,Zé Vitor,União de Leiria,23,CB,34.11,65,59.32,68.64,77.12,65.82,60.17,0,6,A,,
2024/25,Liga 2,Y. Kobayashi,Portimonense,24,CB,25.85,32.68,31.96,41.53,48.31,59.89,44.92,0,39,C,,
2024/25,Liga 2,N. Michelis,Académico de Viseu F.C.,24,CB,62.92,32.68,40.68,30.51,38.77,69.35,67.37,0,29,B,,
2024/25,Liga 2,Né Lopes,Torreense,24,CB,87.71,51.34,81.72,77.4,44.49,41.38,45.13,0,22,B,,
2024/25,Liga 2,Jota Gonçalves,Vizela,24,CB,45.55,44.54,64.89,80.23,47.46,62.71,68.43,0,13,A,,
2024/25,Liga 2,Gonçalo Cardoso,Paços de Ferreira,24,CB,16.1,44.54,29.9,37.85,16.1,61.58,62.5,0,44,C,,100000
2024/25,Liga 2,Bruno Rodrigues,Chaves,24,CB,56.14,51.65,50.85,55.37,55.08,47.6,64.83,0,28,B,,
2024/25,Liga 2,Gustavo Fernandes,Penafiel,25,CB,41.53,44.54,38.86,24.86,64.19,54.94,23.09,0,43,C,,
2024/25,Liga 2,Guilherme Oliveira,Felgueiras 1932,25,CB,82.42,78.16,70.46,42.94,42.16,72.74,53.18,0,4,S,377000,
2024/25,Liga 2,Erivaldo Almeida,Marítimo,25,CB,32.2,52.45,52.78,61.86,48.52,48.31,68.86,0,30,B,,
2024/25,Liga 2,Romain Correia,Marítimo,25,CB,72.88,52.45,85.11,97.18,54.66,41.81,67.8,0,8,A,,
2024/25,Liga 2,Diogo Capitão,Mafra,25,CB,40.89,79.84,58.11,86.72,75.85,62.57,65.89,0,2,S,,
2024/25,Liga 2,Anthony Correia,Vizela,25,CB,21.19,87.58,56.54,81.64,77.75,52.97,63.77,0,7,A,,
2024/25,Liga 2,E. Ferigra,Paços de Ferreira,26,CB,28.39,63.51,46,59.04,50,57.34,68.86,0,25,B,,
2024/25,Liga 2,Rodrigo Freitas,Mafra,26,CB,16.95,54.19,20.82,15.54,44.07,16.81,21.19,0,59,F,,
2024/25,Liga 2,Rodrigo Borges,Marítimo,26,CB,74.58,63.62,68.64,66.38,52.75,55.51,57.42,0,12,A,,
2024/25,Liga 2,K. John,Portimonense,26,CB,78.18,45.73,61.62,62.99,48.09,50,46.19,0,26,B,,
2024/25,Liga 2,Rafael Santos,Leixões,27,CB,34.11,39.11,24.94,14.12,24.58,52.12,40.47,0,55,D,,150000
2024/25,Liga 2,B. Passi,Mafra,27,CB,62.5,76.59,72.4,79.94,38.56,49.86,78.6,0,9,A,,
2024/25,Liga 2,Frederico Namora,UD Oliveirense,27,CB,22.67,66.57,57.14,84.75,62.29,54.38,61.02,0,16,A,,
2024/25,Liga 2,Filipe Almeida,Feirense,27,CB,31.14,63.51,56.54,79.94,72.88,55.08,69.49,0,10,A,,
2024/25,Liga 2,Rúben Pereira,Penafiel,27,CB,37.29,77.35,38.74,22.32,20.34,68.36,47.88,0,35,C,,
2024/25,Liga 2,C. Tassano,Feirense,28,CB,48.09,44.54,45.88,32.49,38.14,48.59,32.63,0,48,D,,
2024/25,Liga 2,M. Aidara,Académico de Viseu F.C.,28,CB,15.68,32.68,18.16,22.88,50,43.64,49.58,0,54,D,,
2024/25,Liga 2,J. Pius,Chaves,29,CB,53.39,32.68,34.99,32.2,61.65,39.55,40.68,0,47,C,,
2024/25,Liga 2,Sori Mané,Académico de Viseu F.C.,29,CB,29.45,72.51,44.43,46.05,37.29,27.12,29.45,0,53,D,,
2024/25,Liga 2,J. Rhyner,Vizela,29,CB,39.19,38.36,32.32,46.61,70.34,52.26,62.5,0,32,B,,
2024/25,Liga 2,André Almeida,Académico de Viseu F.C.,29,CB,78.6,44.54,55.21,32.49,46.19,72.6,35.17,0,24,B,,
2024/25,Liga 2,André Ceitil,Tondela,30,CB,88.98,90.21,75.18,57.91,30.3,50.85,37.5,0,19,B,,
2024/25,Liga 2,Tiago Ferreira,União de Leiria,31,CB,23.52,50.75,46,77.4,61.23,44.07,59.96,0,33,B,,
2024/25,Liga 2,Hugo Basto,Leixões,31,CB,22.25,44.54,43.83,62.15,34.32,27.4,51.06,0,52,D,,
2024/25,Liga 2,João Miguel,Penafiel,31,CB,25.64,37.52,27,30.23,33.47,61.58,48.94,0,45,C,,
2024/25,Liga 2,Rafael Vieira,Leixões,32,CB,30.93,43.84,40.56,54.8,50.42,41.53,50.21,0,42,C,,
2024/25,Liga 2,Rui Rampa,Felgueiras 1932,32,CB,37.92,55.71,46.25,46.89,72.03,20.76,33.26,0,50,D,,
2024/25,Liga 2,Ricardo Dias,Alverca,34,CB,35.17,32.68,46.73,63.56,42.37,71.19,66.95,0,23,B,0,
2024/25,Liga 2,Ricardo Alves,Tondela,34,CB,63.35,49.39,61.99,73.16,57.63,28.81,65.25,0,31,B,0,
2024/25,Liga 2,Raphael Rossi,Mafra,34,CB,43.43,32.68,35.96,27.4,32.84,53.25,46.61,0,49,D,,
2024/25,Liga 2,João Afonso,Tondela,35,CB,49.79,46.8,40.07,28.53,27.12,35.45,34.96,0,56,D,,
2024/25,Liga 2,Ícaro Silva,Paços de Ferreira,36,CB,50.42,32.68,47.22,44.35,36.23,61.58,39.41,0,38,C,,
2024/25,Liga 2,Stopira,Torreense,36,CB,73.31,57.25,72.4,60.17,51.69,81.92,58.26,0,1,S,,
2024/25,Liga 2,Bura,União de Leiria,36,CB,73.09,50.75,62.23,57.91,79.24,41.67,46.82,0,21,B,,
2024/25,Liga 2,Fernando Varela,Alverca,37,CB,75.42,72.22,46.25,17.23,48.09,45.9,42.16,0,34,C,,
2024/25,Liga 2,Vasco Fernandes,Chaves,38,CB,63.56,32.68,42.49,31.92,30.08,35.59,26.69,0,57,D,,
2024/25,Liga 2,Kauê Alves,Mafra,19,FB & WB,21,38,31.71,51,29,75.83,65.25,0,34,C,,
2024/25,Liga 2,Leandro Santos,Benfica B,19,FB & WB,88,87.65,79.86,73.33,53.5,12.83,61,0,12,A,,
2024/25,Liga 2,Kaio Henrique,Porto B,19,FB & WB,21.25,28.44,20,26,22.25,42.33,29.25,0,49,F,,
2024/25,Liga 2,Dinis Rodrigues,Porto B,20,FB & WB,29.75,72.43,54.71,73,31,48.83,73.5,0,20,B,,
2024/25,Liga 2,Djé Beni,Mafra,20,FB & WB,14.25,46.44,24.57,37,51.75,30.33,21,0,47,E,,
2024/25,Liga 2,P. Texel,Mafra,21,FB & WB,58,31.77,36,33,12.5,19.67,28.5,0,48,E,,
2024/25,Liga 2,Diogo Spencer,Benfica B,21,FB & WB,34.5,49.8,40.57,41,69,16.83,27.5,0,45,D,,
2024/25,Liga 2,Thauan Lara,Alverca,21,FB & WB,49.25,82.66,62,64,43.5,50.83,81.25,0,8,A,,
2024/25,Liga 2,Miguel Pires,Alverca,22,FB & WB,65,50.57,43.29,39.33,56.5,42,53,0,31,C,,
2024/25,Liga 2,Anilson,Paços de Ferreira,23,FB & WB,29.75,39.77,40.71,44,51.75,68,43.5,0,35,C,,
2024/25,Liga 2,Luís Bastos,UD Oliveirense,23,FB & WB,69,46.26,46.86,16.33,41.25,54.33,15.75,0,43,D,,
2024/25,Liga 2,Kiko,Benfica B,23,FB & WB,57.25,35.1,42.29,29.33,69,50.33,35.25,0,38,C,,
2024/25,Liga 2,Jójó,Vizela,23,FB & WB,50.25,27.05,55,66.33,62,68.67,76.75,0,10,A,,
2024/25,Liga 2,Heitor,Portimonense,24,FB & WB,40.75,60.74,52.71,55.67,45.5,59.67,45,0,27,B,,
2024/25,Liga 2,Eirô,Felgueiras 1932,24,FB & WB,42.25,29.77,52.43,64.67,63,77.67,56.75,0,13,B,,
2024/25,Liga 2,Pedro Rosas,Felgueiras 1932,24,FB & WB,83,74.27,75.43,58.33,26,42.17,55.75,0,18,B,,
2024/25,Liga 2,E. Maviram,Tondela,24,FB & WB,61.75,84.46,62.71,43.33,29,35.67,43,0,32,C,,
2024/25,Liga 2,Javi Vázquez,Torreense,24,FB & WB,82.25,76.84,68.86,45.67,38,25.5,36.75,0,30,C,,
2024/25,Liga 2,Filipe Relvas,Portimonense,25,FB & WB,35.25,23.77,19.86,6.33,66.5,83.17,51.75,0,42,C,1100000,
2024/25,Liga 2,Aarón Romero,Chaves,25,FB & WB,31.75,48.1,55.14,78.67,63,42.5,64,0,19,B,,
2024/25,Liga 2,Dani Bolt,Torreense,25,FB & WB,67,54.69,68.86,69.33,29.75,49,66.5,0,15,B,400000,
2024/25,Liga 2,Keffel,Portimonense,25,FB & WB,18.25,53.59,37.29,61.33,71.5,52.5,42.5,0,29,C,,
2024/25,Liga 2,Kiko Vilas Boas,Chaves,25,FB & WB,39.25,78.66,62.71,73.33,73,45.83,60.5,0,6,A,,200000
2024/25,Liga 2,K. Shinga,Alverca,25,FB & WB,20.5,36.38,17.71,9.67,25.25,37.33,24.5,0,50,F,200000,
2024/25,Liga 2,Marc Baró,União de Leiria,25,FB & WB,41.5,60.03,72.43,94.67,38.75,49.5,75.5,0,4,A,,120000
2024/25,Liga 2,Tiago Manso,Tondela,25,FB & WB,87.5,70.91,83.43,74.33,31.25,41.67,52.75,0,11,A,,
2024/25,Liga 2,H. Sylla,União de Leiria,26,FB & WB,38.75,47.66,47.29,69,60.5,47.17,59.75,0,23,B,,
2024/25,Liga 2,Diogo Casimiro,UD Oliveirense,26,FB & WB,60.75,38.84,46.29,49.67,53.75,76,67.75,0,14,B,,
2024/25,Liga 2,Klebinho,UD Oliveirense,26,FB & WB,22.5,30.1,33.14,37.67,52,51.33,35.5,0,44,D,,
2024/25,Liga 2,Miguel Maga,Penafiel,26,FB & WB,71.75,26.35,47.71,45.33,30.25,49.5,45.5,0,39,C,,
2024/25,Liga 2,Tomás Domingos,Marítimo,26,FB & WB,25.25,26.36,48.57,81.33,65.5,43.67,61.5,0,26,B,,
2024/25,Liga 2,O. Lebedenko,Vizela,26,FB & WB,83.25,65.96,77.43,67,57,43.33,58.25,0,3,A,,
2024/25,Liga 2,Diga Almeida,Feirense,27,FB & WB,37.75,33.38,37.57,36,27,40,37.5,0,46,E,,
2024/25,Liga 2,João Silva,Penafiel,27,FB & WB,65.5,41.29,54,42.67,40.5,52.33,54,0,28,C,,
2024/25,Liga 2,Igor Milioransa,Académico de Viseu F.C.,28,FB & WB,36.75,30.38,42.71,52.33,42,46.17,56.75,0,40,C,,
2024/25,Liga 2,E. Banguera,Felgueiras 1932,28,FB & WB,50.75,47.51,50.86,43.33,80.75,79.5,61,0,7,A,,
2024/25,Liga 2,Simãozinho,Leixões,29,FB & WB,62.5,60.43,69.57,81,52,46.67,68.25,0,5,A,,
2024/25,Liga 2,Henrique Gomes,Académico de Viseu F.C.,29,FB & WB,45.5,27.93,23.86,15.67,70.25,75.5,51.5,0,37,C,,
2024/25,Liga 2,Henrique Gelain,Leixões,30,FB & WB,33.25,79.92,49.14,47.33,57.5,72.67,53,0,17,B,,
2024/25,Liga 2,Igor Julião,Marítimo,30,FB & WB,74,64.44,77.14,77.33,59.25,50.67,66.5,0,2,S,,
2024/25,Liga 2,Jean Felipe,Leixões,31,FB & WB,43.5,84.51,39.86,24,54.75,61.5,28,0,36,C,,
2024/25,Liga 2,Carraça,Chaves,32,FB & WB,58.25,71.02,64.29,56.67,70.75,37,32.5,0,22,B,,
2024/25,Liga 2,Fábio China,Marítimo,32,FB & WB,69.25,54.04,70.71,88,40,69.67,90.75,0,1,S,,
2024/25,Liga 2,Bruno Silva,Feirense,32,FB & WB,21,51.05,46.43,61.33,66.25,82,72.5,0,9,A,,
2024/25,Liga 2,Paulinho,Académico de Viseu F.C.,33,FB & WB,87.25,33.44,72.29,67,27.5,20.17,44.25,0,33,C,,
2024/25,Liga 2,David Bruno,Alverca,33,FB & WB,67.5,71.44,46.29,19.33,89,48.67,39.5,0,25,B,,
2024/25,Liga 2,Gui Ferreira,Mafra,34,FB & WB,67.25,43.76,44.14,20,57.5,60.17,22.25,0,41,C,,
2024/25,Liga 2,Bebeto,Tondela,35,FB & WB,49.75,32.38,39.71,49.33,68,74.17,69.25,0,16,B,,
2024/25,Liga 2,Talocha,Tondela,35,FB & WB,88.75,48.03,61.29,36,61.5,39.83,52.75,0,24,B,0,0
2024/25,Liga 2,Antunes,Paços de Ferreira,38,FB & WB,51,51.62,52.57,53.67,73,59.33,34.75,0,21,B,,
2024/25,Liga 2,André Oliveira,Porto B,19,MF,78.48,58.28,57.26,30.05,64.75,82.24,61.89,0,9,A,,
2024/25,Liga 2,João Veloso,Benfica B,19,MF,70.9,73.58,59.6,37.98,49.8,24.45,23.98,0,43,C,,
2024/25,Liga 2,K. Nagata,UD Oliveirense,19,MF,70.49,46.77,69.91,76.78,40.16,12.98,48.98,0,33,C,,
2024/25,Liga 2,Yacouba Maiga,Mafra,20,MF,47.54,35.91,31.26,20.22,25,65.03,41.39,0,57,D,,
2024/25,Liga 2,Rafael Luís,Benfica B,20,MF,25.82,37.25,40.98,48.63,69.26,22.13,40.98,0,50,C,,
2024/25,Liga 2,Gonçalo Nogueira,Paços de Ferreira,21,MF,43.24,61.43,58.9,68.03,53.48,67.62,88.93,0,8,A,,
2024/25,Liga 2,Diogo Prioste,Benfica B,21,MF,44.47,62.64,43.56,58.2,72.75,59.02,71.11,0,15,A,,
2024/25,Liga 2,Léo Azevedo,Torreense,21,MF,51.23,33.37,46.6,47.81,56.15,67.35,49.59,0,27,B,,
2024/25,Liga 2,D. D''Avilla,União de Leiria,21,MF,21.52,35.56,32.08,44.81,67.42,61.2,77.87,0,31,B,4000000,
2024/25,Liga 2,David Costa,Torreense,21,MF,80.94,56.05,85.36,84.15,47.13,14.07,55.33,0,19,B,,
2024/25,Liga 2,Nuno Félix,Benfica B,21,MF,60.25,67.29,52.58,42.08,60.86,45.9,42.21,0,26,B,,
2024/25,Liga 2,N. John,Feirense,22,MF,86.48,37.25,73.89,67.49,34.63,23.36,58.2,0,29,B,,
2024/25,Liga 2,Diogo Nascimento,Vizela,22,MF,55.33,54.88,71.55,78.69,91.6,23.77,56.56,0,10,A,4000000,
2024/25,Liga 2,Domingos Andrade,Porto B,22,MF,20.29,30.14,40.4,61.75,54.1,68.72,72.54,0,28,B,,250000
2024/25,Liga 2,Ryan Guilherme,União de Leiria,22,MF,51.84,61.68,61.36,68.58,74.18,64.34,81.56,0,2,S,,
2024/25,Liga 2,Ž. Jevšenak,UD Oliveirense,22,MF,72.34,21.95,42.27,22.95,38.32,49.86,35.25,0,54,C,,
2024/25,Liga 2,I. Pavlić,Paços de Ferreira,23,MF,76.84,51.45,88.76,84.97,43.03,65.44,60.86,0,3,S,250000,
2024/25,Liga 2,R. Wilson,Chaves,23,MF,19.67,21.95,14.05,9.29,43.24,67.76,39.75,0,59,D,,
2024/25,Liga 2,Francisco França,Marítimo,23,MF,59.63,67.85,73.89,80.6,47.75,59.84,53.48,0,7,A,,
2024/25,Liga 2,Eduardo Ageu,Alverca,23,MF,97.13,92.28,82.79,63.66,37.5,72.27,74.18,0,1,S,2000000,
2024/25,Liga 2,S. Koné,Académico de Viseu F.C.,23,MF,77.66,26.04,52.69,40.16,32.79,65.85,65.98,0,32,B,,
2024/25,Liga 2,Pedro Bicalho,Alverca,24,MF,45.29,57.73,35.48,25.96,67.62,49.32,52.25,0,38,C,,
2024/25,Liga 2,S. Messeguem,Académico de Viseu F.C.,24,MF,55.74,57.46,52.69,50.27,37.09,50.41,31.56,0,40,C,,
2024/25,Liga 2,Francisco Varela,Portimonense,24,MF,8.81,21.95,8.2,10.11,18.44,40.57,22.75,0,61,F,,
2024/25,Liga 2,A. Bastunov,Vizela,25,MF,85.04,26.04,67.92,71.58,38.73,12.98,57.79,0,37,C,,
2024/25,Liga 2,Sabino,UD Oliveirense,25,MF,39.14,42.71,35.48,29.23,50,70.36,39.96,0,45,C,,
2024/25,Liga 2,Gabi Pereira,Felgueiras 1932,25,MF,35.25,76.85,65.93,84.97,55.12,46.72,55.12,0,13,A,,
2024/25,Liga 2,Pedro Pinho,Chaves,25,MF,78.07,57.31,65.22,56.56,55.74,53.69,45.9,0,17,A,,
2024/25,Liga 2,C. Kouakou,Mafra,25,MF,49.8,34.92,46.72,51.91,71.93,61.75,59.84,0,20,B,300000,
2024/25,Liga 2,Pedro Pelágio,Chaves,25,MF,23.77,38.38,39.46,54.92,59.63,49.73,47.75,0,41,C,,
2024/25,Liga 2,V. Danilović,Marítimo,25,MF,32.38,37.46,51.87,72.4,78.28,77.32,74.39,0,5,A,,
2024/25,Liga 2,Geovane,Portimonense,26,MF,21.31,76.72,42.97,46.17,61.48,48.77,34.02,0,35,C,,
2024/25,Liga 2,C. Kahraman,Académico de Viseu F.C.,26,MF,55.74,67.03,66.39,68.03,48.98,28.55,55.94,0,24,B,,
2024/25,Liga 2,Welton,Paços de Ferreira,26,MF,62.91,26.04,72.25,93.17,54.71,14.75,49.59,0,25,B,,
2024/25,Liga 2,I. Guirassy,Marítimo,26,MF,80.74,40,69.79,70.77,44.88,48.91,74.8,0,16,A,,
2024/25,Liga 2,Aílson Tavares,Felgueiras 1932,26,MF,34.84,30.14,37.24,46.72,35.86,81.42,63.73,0,34,C,,
2024/25,Liga 2,João Caiado,Paços de Ferreira,26,MF,89.96,60.74,85.71,80.05,27.87,50.27,59.63,0,11,A,,
2024/25,Liga 2,Crystopher,União de Leiria,27,MF,77.87,99.09,78.81,64.21,75.41,25.27,52.66,0,4,A,,
2024/25,Liga 2,Jorge Pereira,Feirense,27,MF,17.21,62.2,26,29.23,70.9,41.53,30.53,0,52,C,,
2024/25,Liga 2,Paulinho,Leixões,27,MF,85.45,51.16,72.13,68.85,27.66,49.04,52.87,0,22,B,,
2024/25,Liga 2,M. Diaby,Portimonense,28,MF,36.07,34.03,27.52,18.85,27.46,72.27,46.11,0,56,D,,
2024/25,Liga 2,Cícero Alves,Tondela,28,MF,43.44,60.51,29.39,8.47,46.93,68.85,40.16,0,47,C,,
2024/25,Liga 2,J. Balanta,Torreense,28,MF,35.66,62.99,32.08,34.97,45.29,42.62,45.29,0,51,C,,
2024/25,Liga 2,Reko,Penafiel,29,MF,83.61,57.01,69.2,62.57,28.89,22.95,36.68,0,39,C,,
2024/25,Liga 2,Yannick Semedo,Vizela,29,MF,39.14,89.36,59.95,68.58,89.75,41.12,46.72,0,6,A,0,
2024/25,Liga 2,Fabinho,Leixões,30,MF,37.7,59.78,50.94,49.18,43.65,46.86,36.89,0,42,C,,
2024/25,Liga 2,Ewerton,Penafiel,32,MF,69.26,45.85,33.96,8.47,27.46,63.39,43.65,0,53,C,,
2024/25,Liga 2,Landinho,Felgueiras 1932,32,MF,40.98,77.74,48.95,40.71,74.8,27.19,27.46,0,36,C,,
2024/25,Liga 2,Tiago Rodrigues,Penafiel,33,MF,32.58,70.72,46.72,49.73,41.8,42.76,31.97,0,46,C,,
2024/25,Liga 2,Filipe Alves,UD Oliveirense,33,MF,40.57,30.18,16.51,10.66,65.78,71.17,36.07,0,49,C,,
2024/25,Liga 2,Vítor Gonçalves,Mafra,33,MF,47.75,73.31,63.93,71.04,57.58,46.72,63.52,0,14,A,,
2024/25,Liga 2,Hélder Tavares,Tondela,35,MF,55.53,60.15,47.89,44.81,41.39,43.72,35.25,0,44,C,,
2024/25,Liga 2,Diogo Amado,União de Leiria,35,MF,9.43,21.95,14.05,22.95,42.83,80.87,55.12,0,55,D,,
2024/25,Liga 2,H. Zagbayou,Leixões,35,MF,9.63,21.95,12.06,18.03,19.47,72.95,34.63,0,60,E,,
2024/25,Liga 2,André André,Leixões,35,MF,62.91,68.67,63.58,68.85,71.11,26.91,49.8,0,18,B,,
2024/25,Liga 2,André Simões,Leixões,35,MF,12.3,32.08,15.81,19.13,32.58,77.73,33.61,0,58,D,,
2024/25,Liga 2,Marcos Paulo,Paços de Ferreira,36,MF,43.24,37.93,35.25,34.15,40.98,54.1,52.05,0,48,C,,
2024/25,Liga 2,Washington Santana,Feirense,36,MF,56.97,33.37,44.15,47.81,62.3,69.67,64.96,0,21,B,,
2024/25,Liga 2,Pedro Tiba,Chaves,36,MF,73.57,41.62,81.26,84.97,58.4,43.03,45.29,0,12,A,,
2024/25,Liga 2,André Santos,UD Oliveirense,36,MF,45.7,59.92,53.75,56.28,56.35,34.15,56.56,0,30,B,,
2024/25,Liga 2,Castro,Porto B,37,MF,32.58,63.35,53.04,67.76,40.98,66.39,56.56,0,23,B,,
2024/25,Liga 2,Gonçalo Sousa,Porto B,18,AM & W,31.14,40.47,35.71,49.72,53.81,44.21,44.49,0,49,D,,
2024/25,Liga 2,Tiago Andrade,Porto B,19,AM & W,26.69,89.19,54.48,66.95,40.47,74.44,62.29,0,10,B,,
2024/25,Liga 2,João Rêgo,Benfica B,19,AM & W,54.87,43.43,51.09,62.71,68.43,70.9,59.32,0,16,B,,
2024/25,Liga 2,S. Iheanacho,Mafra,19,AM & W,64.83,20.45,39.47,17.51,15.25,51.41,38.77,0,56,E,,
2024/25,Liga 2,João Teixeira,Porto B,19,AM & W,13.35,20.64,9.81,3.95,52.12,93.5,46.61,0,57,E,,
2024/25,Liga 2,Gil Martins,Porto B,19,AM & W,10.59,29.18,22.28,22.03,47.03,32.77,21.4,0,59,F,,
2024/25,Liga 2,Ruan,Portimonense,20,AM & W,17.37,14.49,19.01,28.25,38.98,55.79,56.14,0,58,F,1000000,325000
2024/25,Liga 2,H. Sequeira,Benfica B,21,AM & W,41.53,92.58,47.34,26.84,69.92,39.12,31.78,0,27,C,,
2024/25,Liga 2,P. Obah,Vizela,21,AM & W,80.3,31.44,80.15,88.7,6.78,22.03,52.97,0,26,C,700000,
2024/25,Liga 2,A. Nibe,Mafra,21,AM & W,15.47,81.52,23.24,12.99,84.75,33.33,18.64,0,52,D,,
2024/25,Liga 2,Fabio Blanco,Marítimo,21,AM & W,44.7,72.67,75.18,94.35,54.45,31.21,65.04,0,5,A,1200000,240000
2024/25,Liga 2,Rodrigo Ramos,Tondela,21,AM & W,79.45,79.07,51.69,20.62,50.64,48.45,23.94,0,29,C,,
2024/25,Liga 2,Werton,Leixões,21,AM & W,80.08,41.07,65.98,68.36,29.03,69.07,82.2,0,9,B,,
2024/25,Liga 2,Miguel Falé,Mafra,21,AM & W,60.59,46.97,68.04,74.58,34.11,47.18,77.54,0,18,B,,
2024/25,Liga 2,Luan,Benfica B,22,AM & W,60.81,36.1,51.57,42.94,23.94,58.05,59.11,0,42,C,,
2024/25,Liga 2,D. Jean,Torreense,22,AM & W,57.84,45.45,58.6,67.8,37.71,36.86,68.64,0,25,C,,
2024/25,Liga 2,Alisson Santos,União de Leiria,22,AM & W,93.22,29.18,87.05,87.57,18.43,27.68,73.09,0,15,B,2100000,
2024/25,Liga 2,G. Ott,Académico de Viseu F.C.,23,AM & W,21.61,77.52,56.54,80.79,54.24,41.38,56.57,0,19,B,,
2024/25,Liga 2,Gerson Sousa,Benfica B,23,AM & W,82.84,43.62,63.56,43.79,32.2,41.53,40.89,0,33,C,,
2024/25,Liga 2,Brenner,Alverca,23,AM & W,52.54,75.65,77.48,96.05,27.54,44.49,69.49,0,3,A,,
2024/25,Liga 2,Ronaldo Lumungo,Paços de Ferreira,23,AM & W,48.31,34.85,62.35,76.55,13.77,40.54,55.72,0,39,C,,
2024/25,Liga 2,R. N'do,Leixões,23,AM & W,54.24,38.91,55.57,52.26,51.69,52.26,32.42,0,34,C,,
2024/25,Liga 2,Camilo Duran,Portimonense,23,AM & W,73.94,47.77,55.21,34.75,38.14,51.27,35.81,0,38,C,200000,
2024/25,Liga 2,Marquinho,Académico de Viseu F.C.,23,AM & W,48.31,46.41,23.24,13.84,59.53,52.26,31.36,0,54,E,,
2024/25,Liga 2,Paulite,Leixões,24,AM & W,40.68,53.82,52.91,70.62,49.79,54.66,58.05,0,23,B,,
2024/25,Liga 2,Vasco Moreira,Felgueiras 1932,24,AM & W,45.55,27.72,17.8,6.5,66.95,87.01,44.49,0,51,D,,
2024/25,Liga 2,Costinha,Paços de Ferreira,24,AM & W,48.52,46.2,52.06,57.34,68.22,67.23,47.67,0,22,B,,
2024/25,Liga 2,André Ricardo,Chaves,24,AM & W,55.08,24.37,47.82,52.54,83.9,36.44,60.17,0,28,C,,
2024/25,Liga 2,Léo Teixeira,Felgueiras 1932,25,AM & W,61.02,60.8,76.39,83.62,51.27,87.57,81.78,0,1,S,,
2024/25,Liga 2,Rúben Pina,Chaves,25,AM & W,49.36,55.59,52.66,59.6,75,49.15,78.18,0,13,B,,
2024/25,Liga 2,João Silva,UD Oliveirense,25,AM & W,22.88,49.69,43.58,60.17,62.29,63.14,35.17,0,30,C,,
2024/25,Liga 2,Paulo Vitor,Portimonense,25,AM & W,51.27,49.83,58.35,84.18,51.48,45.48,78.6,0,12,B,,
2024/25,Liga 2,N. Thio,Vizela,25,AM & W,47.88,72.96,70.82,75.14,30.93,38.7,80.08,0,11,B,,
2024/25,Liga 2,M. Ayomide,Porto B,25,AM & W,47.67,47.77,50.97,65.82,80.72,38.7,64.19,0,20,B,,
2024/25,Liga 2,Diogo Batista,Penafiel,25,AM & W,47.25,58.84,21.91,7.06,70.97,24.15,18.43,0,55,E,,
2024/25,Liga 2,Zé Leite,Penafiel,25,AM & W,94.92,67.27,72.88,55.37,23.09,33.47,49.58,0,21,B,,
2024/25,Liga 2,Leandro Sanca,Chaves,25,AM & W,43.43,47.54,53.27,48.59,72.67,36.58,24.58,0,36,C,,
2024/25,Liga 2,João Santos,Felgueiras 1932,26,AM & W,55.08,55.16,56.17,31.36,41.95,58.9,45.34,0,32,C,,
2024/25,Liga 2,S. Singh,União de Leiria,26,AM & W,62.29,45.06,29.66,8.47,78.6,62.43,31.99,0,45,D,,
2024/25,Liga 2,Zidane Banjaqui,Feirense,26,AM & W,64.41,33.69,49.39,42.66,39.62,43.64,48.52,0,43,D,,
2024/25,Liga 2,Pedro Maranhão,Tondela,26,AM & W,63.77,63.86,59.81,58.19,34.32,68.36,69.28,0,14,B,,
2024/25,Liga 2,J. Van Der Gaag,União de Leiria,26,AM & W,43.01,53.75,66.83,75.71,43.43,75.42,85.59,0,7,A,,
2024/25,Liga 2,André Rodrigues,UD Oliveirense,27,AM & W,42.58,22.11,47.09,54.24,40.47,69.77,59.32,0,41,C,,
2024/25,Liga 2,Jair Da Silva,União de Leiria,27,AM & W,77.12,44.75,63.56,50.56,39.19,73.73,65.25,0,17,B,,
2024/25,Liga 2,Robinho,Penafiel,27,AM & W,31.78,40.71,19.85,25.99,58.26,83.33,37.92,0,50,D,,
2024/25,Liga 2,R. Gomes,Chaves,27,AM & W,55.08,24.37,51.69,49.72,65.89,27.12,29.24,0,46,D,,
2024/25,Liga 2,D. Loppy,Vizela,27,AM & W,39.41,77.36,62.95,75.99,56.78,48.02,74.79,0,8,A,,
2024/25,Liga 2,Bruno Silva,UD Oliveirense,27,AM & W,66.74,51.21,72.52,74.86,35.17,72.46,72.46,0,6,A,,
2024/25,Liga 2,Andrezinho,Alverca,28,AM & W,61.02,77.68,65.38,66.38,72.25,49.58,49.15,0,4,A,,
2024/25,Liga 2,S. Fatai,Penafiel,28,AM & W,22.46,68.4,38.86,50.56,70.34,39.41,41.74,0,35,C,,
2024/25,Liga 2,Yuri Araújo,Académico de Viseu F.C.,29,AM & W,80.08,24.37,43.58,21.75,47.88,29.94,33.26,0,53,D,,
2024/25,Liga 2,Rúben Alves,Feirense,30,AM & W,22.88,47.85,48.55,66.95,83.9,37.01,59.75,0,24,C,,
2024/25,Liga 2,Euller,Marítimo,30,AM & W,53.81,90.92,62.35,63.56,86.02,49.01,47.25,0,2,A,,
2024/25,Liga 2,Carlos Daniel,Marítimo,30,AM & W,63.77,55.94,43.22,19.49,45.97,48.02,32.42,0,47,D,,
2024/25,Liga 2,Costinha,Tondela,32,AM & W,23.94,91.41,29.18,21.19,62.92,49.44,26.48,0,44,D,0,
2024/25,Liga 2,António Xavier,Tondela,32,AM & W,49.15,60.97,58.6,63.84,30.72,23.59,41.74,0,40,C,0,
2024/25,Liga 2,Wellington Carvalho,Chaves,32,AM & W,78.18,39.51,46.85,15.82,52.12,68.93,43.64,0,37,C,,
2024/25,Liga 2,Uilton,Paços de Ferreira,32,AM & W,45.76,30.49,38.98,57.91,48.31,41.1,44.28,0,48,D,,
2024/25,Liga 2,Candeias,UD Oliveirense,37,AM & W,27.54,59.4,38.86,44.35,75.64,58.76,35.38,0,31,C,,
2024/25,Liga 2,Anhá Candé,Porto B,17,CF,39.14,18.12,27.82,17.54,32.89,22.15,19.41,0,38,F,,
2024/25,Liga 2,Gustavo Varela,Benfica B,20,CF,73.68,59.54,59.77,46.05,32.24,41.45,73.36,0,14,B,,
2024/25,Liga 2,Ángel Alarcón,Porto B,20,CF,43.09,46.19,67.48,93.86,78.95,42.54,71.71,0,7,A,,
2024/25,Liga 2,Vivaldo Semedo,Vizela,20,CF,86.84,58.38,57.14,36.4,13.16,53.07,27.96,0,20,C,,
2024/25,Liga 2,Martim Tavares,Marítimo,21,CF,76.32,18.12,53.76,48.68,24.01,52.41,63.82,0,21,C,,
2024/25,Liga 2,José Melro,Benfica B,21,CF,84.21,74.47,60.34,35.96,13.16,31.36,33.88,0,23,C,,
2024/25,Liga 2,L. Vonić,Porto B,21,CF,78.29,41.59,67.29,64.47,63.49,46.05,69.08,0,8,A,,500000
2024/25,Liga 2,F. Etim,Mafra,22,CF,53.29,87.3,63.53,61.84,62.83,58.33,66.45,0,6,A,,
2024/25,Liga 2,Miro,Tondela,22,CF,77.63,37.86,67.29,62.72,32.89,55.26,70.72,0,11,B,1500000,
2024/25,Liga 2,João Resende,União de Leiria,22,CF,38.16,54.96,65.41,90.35,63.16,55.92,87.5,0,5,A,,
2024/25,Liga 2,Ethyan González,Torreense,22,CF,42.76,41.37,40.41,40.79,36.51,40.79,41.78,0,30,D,,
2024/25,Liga 2,Carlos Eduardo,Felgueiras 1932,22,CF,98.68,62.07,68.98,38.16,48.03,31.58,41.12,0,13,B,850000,
2024/25,Liga 2,Manu Pozo,Torreense,23,CF,29.93,74.54,63.72,90.35,78.29,56.8,75,0,4,A,,
2024/25,Liga 2,Ktatau,Chaves,23,CF,8.55,44,43.61,83.33,76.97,67.76,74.67,0,15,C,,
2024/25,Liga 2,U. Milovanović,Vizela,24,CF,56.25,50.92,40.23,13.16,24.67,65.57,28.62,0,29,D,,
2024/25,Liga 2,Tamble Monteiro,Portimonense,24,CF,50,51.02,47.37,42.54,51.64,63.6,60.2,0,19,C,,
2024/25,Liga 2,Diogo Almeida,Académico de Viseu F.C.,24,CF,29.93,29.53,46.62,79.39,56.58,46.05,66.78,0,22,C,,
2024/25,Liga 2,Théo Fonseca,Felgueiras 1932,24,CF,42.76,21.19,38.35,29.39,12.5,47.37,17.11,0,37,E,,
2024/25,Liga 2,André Silva,Penafiel,25,CF,10.53,64.06,49.44,84.65,45.07,30.04,55.92,0,26,C,,
2024/25,Liga 2,Ricardo Schutte,Vizela,26,CF,26.97,28,43.42,64.47,53.95,66.67,61.18,0,24,C,,
2024/25,Liga 2,Chico Banza,Portimonense,26,CF,61.84,73,77.82,99.12,59.21,61.4,82.57,0,1,S,,250000
2024/25,Liga 2,Gabriel Barbosa,Penafiel,26,CF,57.89,35.3,26.5,9.21,26.64,70.61,44.41,0,33,E,,
2024/25,Liga 2,Leandro Antunes,Feirense,27,CF,49.34,76.02,71.99,81.14,74.34,48.68,56.91,0,3,A,,
2024/25,Liga 2,H. Mörschel,Vizela,27,CF,60.53,70.4,63.16,54.82,76.32,85.96,77.3,0,2,A,,
2024/25,Liga 2,Andre Clóvis,Académico de Viseu F.C.,27,CF,69.74,39.61,68.98,53.07,36.18,43.2,35.86,0,17,C,,
2024/25,Liga 2,P. Ayongo,Chaves,28,CF,35.86,55.02,38.53,50,40.79,28.95,30.26,0,32,D,,
2024/25,Liga 2,Diogo Martins,Alverca,28,CF,16.45,84.08,49.06,78.51,92.76,58.77,59.54,0,12,B,,
2024/25,Liga 2,Juan Muñoz,União de Leiria,29,CF,56.58,77.11,56.2,55.26,73.03,53.07,69.74,0,10,B,,
2024/25,Liga 2,Daniel Dos Anjos,União de Leiria,29,CF,65.13,74.26,60.34,44.74,52.3,34.21,42.76,0,16,C,,
2024/25,Liga 2,A. Carter,Alverca,30,CF,88.82,74.84,54.14,22.37,66.45,31.14,33.88,0,18,C,,
2024/25,Liga 2,S. Petkov,Feirense,30,CF,47.04,26.84,29.7,22.81,49.34,48.9,25.99,0,35,E,,
2024/25,Liga 2,Alexandre Guedes,Marítimo,31,CF,45.39,29.53,32.33,21.49,45.07,59.43,29.28,0,34,E,,
2024/25,Liga 2,Patrick,Marítimo,31,CF,25.33,56.28,55.08,79.39,65.13,80.7,83.88,0,9,B,,
2024/25,Liga 2,Zé Manuel,UD Oliveirense,34,CF,33.88,43.12,38.16,31.14,61.18,52.19,28.62,0,31,D,,
2024/25,Liga 2,Ricardo Valente,Leixões,34,CF,40.79,25.14,50.38,64.47,81.91,30.26,37.5,0,27,C,,
2024/25,Liga 2,Rui Fonte,Paços de Ferreira,35,CF,31.91,50.03,31.39,20.61,55.92,85.09,39.8,0,28,D,,
2024/25,Liga 2,Rafael Martins,Leixões,36,CF,59.21,42.59,31.58,15.79,30.92,34.65,20.39,0,36,E,,
2024/25,Liga 2,Roberto,Tondela,36,CF,57.24,53.6,42.67,21.93,61.51,67.98,45.07,0,25,C,0,
2024/25,Liga 2,Gonçalo Ribeiro,Porto B,19,GK,0,0,0,0,0,0,0,27.27,20,F,,
2024/25,Liga 2,André Gomes,Benfica B,20,GK,0,0,0,0,0,0,0,73.11,4,A,,
2024/25,Liga 2,Diogo Fernandes,Porto B,20,GK,0,0,0,0,0,0,0,23.48,22,F,,
2024/25,Liga 2,Bernardo Fontes,Tondela,22,GK,0,0,0,0,0,0,0,55.3,9,C,,
2024/25,Liga 2,Manuel Baldé,Penafiel,22,GK,0,0,0,0,0,0,0,45.45,14,D,,
2024/25,Liga 2,Lucas Cañizares,Feirense,23,GK,0,0,0,0,0,0,0,42.42,16,D,,
2024/25,Liga 2,D. Gril,Académico de Viseu F.C.,23,GK,0,0,0,0,0,0,0,63.64,6,B,,
2024/25,Liga 2,Gonçalo Tabuaço,Marítimo,24,GK,0,0,0,0,0,0,0,46.97,13,C,,
2024/25,Liga 2,Nuno Macedo,UD Oliveirense,25,GK,0,0,0,0,0,0,0,45.08,15,D,,
2024/25,Liga 2,Ruly García,Vizela,25,GK,0,0,0,0,0,0,0,77.27,2,S,,
2024/25,Liga 2,Dani Figueira,Leixões,26,GK,0,0,0,0,0,0,0,53.79,10,C,,
2024/25,Liga 2,João Bravim,Alverca,27,GK,0,0,0,0,0,0,0,75.38,3,S,,
2024/25,Liga 2,Lucas Paes,Torreense,27,GK,0,0,0,0,0,0,0,60.61,8,B,,
2024/25,Liga 2,João Costa,Feirense,29,GK,0,0,0,0,0,0,0,67.42,5,A,300000,
2024/25,Liga 2,Vinícius,Portimonense,31,GK,0,0,0,0,0,0,0,40.91,17,D,,
2024/25,Liga 2,M. Fraisl,Mafra,31,GK,0,0,0,0,0,0,0,33.71,19,E,,
2024/25,Liga 2,Bruno Pinto,Felgueiras 1932,32,GK,0,0,0,0,0,0,0,52.65,11,C,,
2024/25,Liga 2,Bruno Brígido,Académico de Viseu F.C.,34,GK,0,0,0,0,0,0,0,48.86,12,C,,
2024/25,Liga 2,Ricardo Ribeiro,UD Oliveirense,35,GK,0,0,0,0,0,0,0,35.61,18,E,,
2024/25,Liga 2,Vózinha,Chaves,38,GK,0,0,0,0,0,0,0,78.79,1,S,,
2024/25,Liga 2,Marafona,Paços de Ferreira,38,GK,0,0,0,0,0,0,0,23.86,21,F,,
2024/25,Liga 2,P. Kieszek,União de Leiria,41,GK,0,0,0,0,0,0,0,61.74,7,B,,
2024/25,Liga 3,Ni,Académica,22,CB,93.13,42.15,59.36,36.85,62.32,54.69,41.02,0,25,B,,
2024/25,Liga 3,Welisson Santos,Trofense,25,CB,91.9,45.86,65.69,53.29,29.58,70.42,50.35,0,13,B,,
2024/25,Liga 3,Romário Carvalho,CF Os Belenenses,31,CB,88.03,32.24,62.68,49.77,39.08,39.79,53.17,0,44,C,,
2024/25,Liga 3,João Muniz,Sporting CP B,19,CB,82.75,55,46.78,11.03,40.14,28.17,8.8,0,68,E,,
2024/25,Liga 3,Bruno Faria,Lusitania FC Lourosa,20,CB,83.1,59.84,60.97,39.2,47.01,47.18,48.94,0,33,C,,
2024/25,Liga 3,Afonso Pinto,CF Os Belenenses,21,CB,89.26,68.81,74.75,60.33,31.87,53.29,69.89,0,8,A,,
2024/25,Liga 3,Marcos Valente,Lusitania FC Lourosa,31,CB,71.65,48.67,48.69,27,55.63,50.35,47.01,0,39,C,,
2024/25,Liga 3,D. Collard,Lusitania FC Lourosa,25,CB,88.2,71.68,66.7,33.57,75.88,60.33,54.05,0,5,A,,
2024/25,Liga 3,Rafael Tavares,São João Ver,26,CB,65.49,79.54,61.27,52.82,78.87,47.65,33.63,0,18,B,,
2024/25,Liga 3,João Matos,SC Braga B,22,CB,78.35,32.24,43.96,14.55,23.06,42.84,35.04,0,62,E,,
2024/25,Liga 3,José Pedro,SC Braga B,23,CB,80.81,48.67,58.65,33.1,44.72,36.97,45.95,0,51,C,,
2024/25,Liga 3,Gabriel Passos,CF Os Belenenses,23,CB,79.75,45.86,64.49,60.56,14.61,30.28,57.75,0,55,D,,
2024/25,Liga 3,André Serra,Académica,26,CB,81.51,32.24,56.54,45.77,50,66.55,53.7,0,17,B,,
2024/25,Liga 3,Eduardo Monteiro,Caldas,22,CB,83.98,47.92,84.71,88.26,35.56,67.72,83.1,0,1,S,,
2024/25,Liga 3,Derick,Lusitânia,22,CB,77.99,42.57,52.82,27.7,55.99,77.46,49.47,0,11,A,,
2024/25,Liga 3,Duarte Henriques,Atlético CP,22,CB,75.88,46.68,60.46,48.36,82.22,66.67,52.64,0,6,A,,
2024/25,Liga 3,Pedro Nuno,Varzim,25,CB,76.06,58.95,78.07,84.74,60.74,35.09,65.67,0,10,A,,
2024/25,Liga 3,Fábio Baldé,São João Ver,24,CB,70.25,57.76,47.79,36.62,57.92,56.22,62.15,0,20,B,,
2024/25,Liga 3,Nuno Tomás,CF Os Belenenses,29,CB,80.81,45.45,57.44,39.91,33.8,71.6,67.61,0,12,A,,
2024/25,Liga 3,Diogo Vila,Amarante,35,CB,52.99,48.67,36.22,22.77,19.72,33.8,24.47,0,70,F,,
2024/25,Liga 3,S. Commey,Trofense,20,CB,71.48,70.97,60.26,36.15,34.51,71.13,30.11,0,26,B,150000,
2024/25,Liga 3,Tiago Simões,1º Dezembro,24,CB,70.77,46.72,63.08,67.37,44.37,42.37,62.32,0,29,B,,
2024/25,Liga 3,Bruno Almeida,Atlético CP,24,CB,62.68,42.15,41.65,30.05,21.48,65.85,59.51,0,40,C,,
2024/25,Liga 3,Eduardo Aguiar,Amarante,24,CB,56.16,32.24,42.25,46.24,15.85,34.62,37.15,0,67,E,,
2024/25,Liga 3,Zé Oliveira,Varzim,29,CB,64.44,36.81,42.15,30.05,38.03,51.88,37.68,0,58,D,0,
2024/25,Liga 3,J. Faria,Vilaverdense,34,CB,50.7,42.57,34.1,28.17,38.73,67.14,46.48,0,45,C,,
2024/25,Liga 3,David Santos,Sporting Covilhã,23,CB,64.79,48.67,51.91,43.66,45.42,63.03,65.85,0,19,B,,
2024/25,Liga 3,Rodrigo Rêgo,Varzim,23,CB,56.69,53.74,60.66,72.07,83.63,65.73,51.94,0,3,A,,
2024/25,Liga 3,Kevin Lopez,Caldas,24,CB,55.63,48.67,57.55,53.05,34.68,58.33,49.65,0,36,C,,
2024/25,Liga 3,A. Ibrahim,Vilaverdense,26,CB,45.77,54.02,66.2,88.5,54.75,36.74,70.07,0,23,B,,
2024/25,Liga 3,L. Henriques,Varzim,21,CB,69.19,66.04,81.59,86.15,54.75,40.49,65.67,0,9,A,,
2024/25,Liga 3,Diogo Nascimento,Oliveira Hospital,22,CB,44.01,36.81,35.61,38.97,45.77,79.81,58.8,0,24,B,,
2024/25,Liga 3,Cesinha,1º Dezembro,24,CB,40.67,52.48,36.32,38.97,46.65,23.59,37.5,0,66,E,,
2024/25,Liga 3,Francisco Saldanha,Trofense,24,CB,62.85,62.16,81.79,93.9,85.21,33.1,57.75,0,7,A,,
2024/25,Liga 3,João Batista,Fafe,27,CB,45.6,70.99,46.98,43.43,52.46,44.84,49.3,0,42,C,,
2024/25,Liga 3,João Filipe,Amarante,25,CB,49.12,42.57,38.53,27.7,39.08,55.05,48.77,0,54,C,,
2024/25,Liga 3,Leandro Teixeira,Fafe,27,CB,47.71,62.73,55.63,54.93,63.03,35.92,40.32,0,46,C,,
2024/25,Liga 3,João Freitas,1º Dezembro,33,CB,54.93,75.92,64.69,66.9,89.79,54.93,49.47,0,4,A,,
2024/25,Liga 3,R. Dias,Sporting CP B,19,CB,33.27,78.96,67.1,86.85,76.41,34.98,46.13,0,22,B,,
2024/25,Liga 3,Eduardo Felicissimo,Sporting CP B,18,CB,15.85,57.76,30.38,50.94,85.04,32.75,39.08,0,59,D,,
2024/25,Liga 3,Lucas Taibo,Sporting CP B,19,CB,30.63,62.29,51.81,64.79,69.19,30.16,58.98,0,43,C,,
2024/25,Liga 3,Jónatas Noro,SC Braga B,19,CB,16.55,37.59,20.82,27.7,55.28,49.06,32.22,0,64,E,,
2024/25,Liga 3,Miguel Alves,Sporting CP B,19,CB,26.76,51.56,38.73,55.87,82.04,58.45,43.13,0,28,B,,
2024/25,Liga 3,Alcobia,União Santarém,21,CB,46.3,51.26,50.5,57.28,61.97,51.88,51.58,0,31,C,,
2024/25,Liga 3,Rui Carreira,Oliveira Hospital,21,CB,27.29,59.94,48.69,68.08,52.29,38.62,42.43,0,52,C,,
2024/25,Liga 3,David Moreira,Sporting CP B,21,CB,13.73,74.5,49.9,77.93,68.13,20.77,61.09,0,47,C,,
2024/25,Liga 3,Matheus Dario,Sanjoanense,21,CB,52.82,42.57,66.9,76.53,36.97,77.11,81.87,0,2,S,,
2024/25,Liga 3,Fernando Loureiro,Sanjoanense,22,CB,25.18,32.24,31.19,40.38,79.93,56.1,35.92,0,48,C,,
2024/25,Liga 3,Vasco Coelho,Vilaverdense,22,CB,39.08,53.6,61.77,71.83,25.88,53.29,46.83,0,41,C,,
2024/25,Liga 3,Gonçalo Cunha,Trofense,22,CB,37.85,42.57,50.5,58.22,49.65,58.69,49.3,0,38,C,,
2024/25,Liga 3,Edu Borges,Lusitânia,22,CB,15.85,38.05,14.99,15.02,75.7,70.77,31.51,0,53,C,,
2024/25,Liga 3,Junilson Cá,Anadia,22,CB,23.94,57.59,54.43,85.92,56.87,42.37,58.45,0,35,C,,
2024/25,Liga 3,Duarte Maneta,Sanjoanense,22,CB,22.89,47.27,34.21,50.47,49.12,58.22,75.18,0,37,C,,
2024/25,Liga 3,Gonçalo Zuzarte,Vilaverdense,22,CB,25.35,56.65,55.03,71.36,41.73,71.95,64.44,0,14,B,,
2024/25,Liga 3,Rodrigo Beirão,SC Braga B,22,CB,35.39,53.6,64.49,83.1,78.17,46.13,54.58,0,15,B,,
2024/25,Liga 3,Eduardo Barbosa,Vilaverdense,22,CB,46.65,64.77,75.75,94.37,27.64,30.87,78.52,0,30,B,,
2024/25,Liga 3,Kauan Ferreira,União Santarém,22,CB,48.24,90.21,52.41,33.1,38.73,30.75,63.38,0,50,C,,
2024/25,Liga 3,Afonso Simão,Oliveira Hospital,24,CB,48.06,53.6,73.64,87.56,21.83,56.34,63.03,0,21,B,,
2024/25,Liga 3,Tiago Caveira,Sporting Covilhã,24,CB,31.34,32.24,25.96,19.95,41.2,65.73,53.7,0,56,D,,
2024/25,Liga 3,Zé Simão,Sporting Covilhã,24,CB,12.85,32.24,12.98,14.32,27.29,51.53,43.31,0,69,F,,
2024/25,Liga 3,Pablo Veloso,Oliveira Hospital,24,CB,37.32,38.98,39.74,44.13,42.25,30.05,44.19,0,65,E,,
2024/25,Liga 3,Chicão,Varzim,24,CB,26.23,32.24,22.33,18.31,21.83,68.19,40.49,0,61,D,,
2024/25,Liga 3,André Amaral,Lusitânia,25,CB,25.35,32.24,51.11,86.62,36.62,68.08,79.23,0,16,B,,
2024/25,Liga 3,Talison,Atlético CP,25,CB,27.99,42.57,35.01,35.21,49.3,57.16,40.32,0,57,D,,
2024/25,Liga 3,Nuca,Anadia,26,CB,32.57,64.77,51.31,56.1,47.01,44.13,42.25,0,49,C,,
2024/25,Liga 3,Rui Bruno,Sanjoanense,26,CB,30.46,32.24,41.05,56.34,67.08,66.2,56.16,0,27,B,,
2024/25,Liga 3,Pedro Gaio,Anadia,27,CB,26.94,32.24,38.03,53.99,63.38,35.09,45.95,0,60,D,,
2024/25,Liga 3,Diogo Izata,Anadia,28,CB,15.14,54.79,28.17,30.28,67.08,30.4,41.73,0,63,E,,
2024/25,Liga 3,Edgar Almeida,São João Ver,32,CB,23.24,54.52,29.28,28.17,72.89,70.89,47.01,0,34,C,,
2024/25,Liga 3,Thomas Militão,Caldas,33,CB,37.32,55.01,50.91,59.86,60.56,60.56,36.44,0,32,C,,
2024/25,Liga 3,Jaime Simões,União Santarém,35,CB,36.44,32.24,31.89,27,44.01,21.13,28.87,0,71,F,,
2024/25,Liga 3,Rúben Furtado,SC Braga B,19,FB & WB,97.6,73.01,84.2,67.95,28.37,14.58,44.95,0,22,C,,
2024/25,Liga 3,Jefinho,Lusitânia,23,FB & WB,91.35,43.21,73.63,57.69,34.62,32.53,61.3,0,20,C,,
2024/25,Liga 3,Nhayson,Caldas,25,FB & WB,86.78,57.42,66.21,45.51,30.77,62.82,40.87,0,19,C,,
2024/25,Liga 3,Luís Filipe,Sporting Covilhã,23,FB & WB,82.69,70.52,79.67,73.4,52.16,46.47,48.32,0,9,A,,
2024/25,Liga 3,Evandro Barros,CF Os Belenenses,25,FB & WB,83.65,54.41,86.13,92.95,46.15,52.56,65.87,0,2,S,,
2024/25,Liga 3,Rúben Filipe,Amarante,27,FB & WB,72.84,48.78,52.88,45.51,40.62,57.05,53.85,0,23,C,,
2024/25,Liga 3,Ricardo Tavares,Sanjoanense,29,FB & WB,54.09,28.21,40.38,41.99,85.34,77.72,49.52,0,15,B,,
2024/25,Liga 3,Daniel Liberal,Anadia,24,FB & WB,79.33,48.01,54.67,35.9,46.88,49.36,56.25,0,26,C,,
2024/25,Liga 3,Vítinha,Sanjoanense,26,FB & WB,56.73,79.11,58.24,57.69,80.29,66.99,47.84,0,7,A,,
2024/25,Liga 3,Nuninho,Trofense,27,FB & WB,84.13,61.5,75,66.03,37.26,64.9,69.23,0,5,A,,
2024/25,Liga 3,Pedro Araújo,União Santarém,25,FB & WB,80.05,32.12,55.63,41.67,63.22,87.02,67.31,0,8,A,,
2024/25,Liga 3,Ruca,São João Ver,34,FB & WB,76.2,86.34,59.62,38.78,81.73,64.74,57.45,0,4,A,,
2024/25,Liga 3,Francisco Chissumba,SC Braga B,19,FB & WB,70.67,57.98,50.96,36.22,53.12,57.37,60.82,0,18,C,,
2024/25,Liga 3,João Vigário,Fafe,29,FB & WB,67.07,76.74,78.71,87.18,83.17,39.74,75.72,0,1,S,,
2024/25,Liga 3,P. Sagna,União Santarém,34,FB & WB,65.62,55.77,59.34,58.01,62.98,62.34,49.28,0,13,B,,
2024/25,Liga 3,André Ferreira,SC Braga B,22,FB & WB,65.62,56.09,64.84,54.49,58.17,61.7,51.44,0,14,B,,
2024/25,Liga 3,Joel Ferreira,Trofense,33,FB & WB,78.61,46.16,44.78,16.03,70.43,74.04,47.12,0,21,C,,
2024/25,Liga 3,Michel Camargos,Oliveira Hospital,25,FB & WB,69.23,67.9,71.7,67.95,40.38,54.49,61.54,0,12,A,,
2024/25,Liga 3,Rui Silva,1º Dezembro,29,FB & WB,50.96,62.58,54.53,61.54,50.72,17.63,46.88,0,36,C,,
2024/25,Liga 3,David Dinamite,Atlético CP,30,FB & WB,62.98,41.35,39.42,17.95,52.16,54.81,32.69,0,40,D,,
2024/25,Liga 3,Diogo Brasido,CF Os Belenenses,21,FB & WB,58.89,37.57,56.18,68.91,30.53,41.51,68.75,0,27,C,,
2024/25,Liga 3,Paulinho,Atlético CP,33,FB & WB,61.3,58.66,39.56,25.32,57.69,42.79,29.57,0,38,D,,
2024/25,Liga 3,Rafael Peixoto,Sporting Covilhã,20,FB & WB,17.31,16.99,30.36,55.45,26.2,44.07,66.11,0,46,E,,
2024/25,Liga 3,David Lopes,Caldas,20,FB & WB,35.58,18.59,35.71,41.99,39.18,48.08,32.93,0,47,E,,
2024/25,Liga 3,Rui Santos,Sanjoanense,21,FB & WB,31.01,40.39,48.08,67.31,33.41,47.76,71.15,0,30,C,,
2024/25,Liga 3,Obama Ribeiro,Amarante,22,FB & WB,18.51,33.34,26.92,44.23,56.49,54.81,51.68,0,39,D,,
2024/25,Liga 3,Leandro Dias,SC Braga B,22,FB & WB,32.45,38.72,52.88,72.76,69.47,18.59,46.88,0,35,C,,
2024/25,Liga 3,B. Camara,Vilaverdense,23,FB & WB,33.17,18.59,40.52,56.41,28.85,69.39,67.31,0,34,C,,
2024/25,Liga 3,B. Godwin,Amarante,23,FB & WB,44.23,58.93,67.03,87.18,39.18,56.89,86.78,0,6,A,,
2024/25,Liga 3,João Ricardo,União Santarém,23,FB & WB,33.41,24.36,40.66,50.64,45.91,57.53,56.73,0,37,D,,
2024/25,Liga 3,Filipe Garcia,Sporting Covilhã,25,FB & WB,34.86,54.12,40.66,41.03,56.97,60.58,41.59,0,33,C,,
2024/25,Liga 3,Ricardo Isabelinha,Lusitânia,25,FB & WB,62.02,26.61,64.84,76.28,21.88,28.85,61.06,0,32,C,,
2024/25,Liga 3,Didier Mosquera,Lusitânia,25,FB & WB,20.19,27.89,18.13,24.36,30.53,74.68,29.81,0,49,E,,
2024/25,Liga 3,Breno Pais,Lusitânia,25,FB & WB,31.73,30.77,35.44,40.71,74.04,74.68,50.72,0,28,C,,
2024/25,Liga 3,Francisco Ferreira,Académica,26,FB & WB,50.72,45.08,50.69,50.96,50.96,60.1,42.07,0,29,C,,
2024/25,Liga 3,Armando Lopes,Varzim,26,FB & WB,52.88,81.41,75.27,83.33,44.23,67.31,65.87,0,3,S,0,
2024/25,Liga 3,Elvis,Académica,27,FB & WB,31.97,42.95,35.03,35.58,23.32,59.29,44.47,0,44,E,,
2024/25,Liga 3,Gonçalo Pimenta,Varzim,28,FB & WB,37.98,46.8,47.66,53.21,57.93,17.47,38.94,0,43,D,,
2024/25,Liga 3,Diogo Castro,Lusitania FC Lourosa,28,FB & WB,23.56,59.99,50.69,72.12,85.58,71.47,55.05,0,10,A,,
2024/25,Liga 3,Tiago André,Trofense,28,FB & WB,60.1,86.28,79.53,83.65,39.42,31.57,71.15,0,11,A,,
2024/25,Liga 3,Miguel Pereira,Fafe,29,FB & WB,47.84,52.78,56.32,60.26,69.95,37.5,43.75,0,25,C,,
2024/25,Liga 3,João Lucas,Anadia,29,FB & WB,33.41,73.46,39.56,35.26,46.15,33.97,42.31,0,42,D,,
2024/25,Liga 3,Gonçalo Maria,CF Os Belenenses,29,FB & WB,25.96,49.36,31.04,34.29,23.8,76.12,41.83,0,41,D,,
2024/25,Liga 3,Tito Júnior,Atlético CP,29,FB & WB,49.52,52.82,40.52,32.37,25.48,36.86,46.39,0,45,E,,
2024/25,Liga 3,Diogo Clemente,Caldas,29,FB & WB,21.63,24.36,19.51,16.99,68.27,34.46,19.47,0,52,F,,
2024/25,Liga 3,Lisandro Menezes,1º Dezembro,29,FB & WB,46.39,15.71,31.59,20.83,24.28,59.94,37.74,0,48,E,,
2024/25,Liga 3,Rafael Viegas,São João Ver,31,FB & WB,35.1,73.97,65.8,87.18,47.36,25.64,67.31,0,16,B,,
2024/25,Liga 3,Rúben Freitas,Académica,32,FB & WB,18.75,46.4,11.54,5.77,57.21,51.76,27.4,0,50,F,,
2024/25,Liga 3,Tiago Cerveira,Lusitania FC Lourosa,32,FB & WB,32.69,38.46,32.28,24.36,57.45,27.24,6.73,0,51,F,,
2024/25,Liga 3,Jorge Bernardo,1º Dezembro,33,FB & WB,19.47,66.99,28.71,26.28,78.37,63.78,45.67,0,31,C,,
2024/25,Liga 3,Joel Monteiro,Varzim,34,FB & WB,43.03,76.29,56.18,51.92,58.65,36.06,53.37,0,24,C,0,
2024/25,Liga 3,Vítor Bruno,Académica,35,FB & WB,28.12,84.16,50.55,58.65,82.69,40.38,51.2,0,17,B,,
2024/25,Liga 3,Cláudio Araújo,Varzim,22,MF,99.14,65.83,86.7,83.91,69.83,23.42,46.12,0,6,A,300000,
2024/25,Liga 3,Guilherme  Paula,Sporting Covilhã,20,MF,96.12,65.07,92.73,93.1,19.18,27.44,62.07,0,10,B,,
2024/25,Liga 3,Pepo,Caldas,31,MF,85.13,90.63,71.55,47.7,64.66,8.33,17.89,0,31,C,,
2024/25,Liga 3,Leandro Silva,Académica,31,MF,82.76,93.07,70.44,52.01,85.34,48.71,52.8,0,4,A,,
2024/25,Liga 3,Diogo Ramalho,Sporting Covilhã,25,MF,88.36,83.1,90.02,89.94,53.88,54.89,82.76,0,1,S,,
2024/25,Liga 3,Vasco Gomes,Académica,24,MF,79.31,87.25,60.71,37.36,56.03,33.91,49.78,0,21,C,,
2024/25,Liga 3,Pedro Matos,Sanjoanense,27,MF,89.44,52.39,86.33,90.8,53.02,60.2,69.18,0,3,S,,
2024/25,Liga 3,Zimbabwé,Anadia,32,MF,81.03,34.05,40.02,9.77,30.82,52.59,30.6,0,51,E,,
2024/25,Liga 3,Rafael Besugo,Sporting CP B,21,MF,70.69,69.82,66.87,64.66,66.59,16.67,40.3,0,20,C,,
2024/25,Liga 3,Ricardo Apolinário,União Santarém,26,MF,74.57,29.97,38.92,12.07,27.8,55.75,25.86,0,52,E,,
2024/25,Liga 3,Tokinho,Lusitania FC Lourosa,28,MF,66.38,43.43,46.8,36.78,36.64,48.99,31.68,0,44,D,,
2024/25,Liga 3,António Montez,Académica,23,MF,82.97,43.84,67.98,58.91,13.79,56.18,52.59,0,33,C,,
2024/25,Liga 3,Barbosa,São João Ver,26,MF,77.16,59.34,66.75,66.38,79.09,59.2,60.13,0,5,A,,
2024/25,Liga 3,Rúben Gonçalves,Fafe,26,MF,80.82,67.97,78.69,81.03,79.53,27.3,51.08,0,7,A,,
2024/25,Liga 3,Hélder Pedro,Amarante,31,MF,71.34,44.92,74.01,72.41,28.23,39.66,60.34,0,27,C,,
2024/25,Liga 3,Vasco Braga,Fafe,31,MF,75.43,74.51,65.27,44.83,86.21,28.74,13.79,0,16,B,,
2024/25,Liga 3,Diego Rodrigues,SC Braga B,19,MF,63.79,42.04,66.5,79.89,51.08,55.32,92.46,0,8,A,,
2024/25,Liga 3,M. Sako,Vilaverdense,23,MF,45.69,38.59,36.45,39.37,61.21,32.76,26.29,0,47,D,,
2024/25,Liga 3,Renato Soares,Lusitania FC Lourosa,26,MF,80.17,74.28,78.57,68.97,34.27,36.93,42.67,0,15,B,,
2024/25,Liga 3,Mairlon Oliveira,Oliveira Hospital,19,MF,59.48,38.31,37.32,30.46,53.23,67.1,53.02,0,36,C,,
2024/25,Liga 3,Tomás Silva,Oliveira Hospital,21,MF,71.55,63.81,85.47,95.69,50.22,55.89,88.36,0,2,S,,
2024/25,Liga 3,Rúben Marques,Atlético CP,30,MF,59.05,65.39,45.81,28.16,71.55,58.19,62.07,0,18,B,,
2024/25,Liga 3,Marco Grilo,União Santarém,31,MF,43.97,48.36,43.1,43.1,77.59,59.34,38.36,0,26,C,,
2024/25,Liga 3,Cuca,CF Os Belenenses,34,MF,51.29,25.95,36.33,34.77,36.42,31.32,38.36,0,55,E,,
2024/25,Liga 3,Diogo Paulo,CF Os Belenenses,23,MF,47.84,61.29,49.88,52.59,85.99,60.2,45.04,0,9,B,,
2024/25,Liga 3,Rúben Oliveira,Varzim,30,MF,56.03,55.84,61.7,60.34,57.11,54.6,39.44,0,17,B,,
2024/25,Liga 3,David Brás,Oliveira Hospital,30,MF,42.46,73.04,51.35,61.21,58.41,50.29,37.72,0,23,C,,
2024/25,Liga 3,F. Okoli,Amarante,27,MF,35.78,23.04,26.35,33.05,37.5,64.22,44.83,0,49,D,,
2024/25,Liga 3,Henrique Arreiol,Sporting CP B,19,MF,33.19,51.27,39.53,43.97,82.76,18.1,42.24,0,39,D,500000,
2024/25,Liga 3,Guilherme Barbosa,SC Braga B,19,MF,32.11,19.34,22.78,16.95,18.53,59.91,44.4,0,57,F,,
2024/25,Liga 3,Yanis Rocha,SC Braga B,20,MF,32.54,29.97,50.37,70.11,29.74,60.2,90.09,0,32,C,,
2024/25,Liga 3,Legatheaux,Lusitânia,23,MF,18.32,42.91,26.6,20.69,48.49,68.25,42.67,0,48,D,,
2024/25,Liga 3,Afonso Valente,1º Dezembro,24,MF,36.42,42.86,42,41.95,80.39,73.56,51.72,0,14,B,,
2024/25,Liga 3,Rodrigo Guedes,Amarante,24,MF,22.2,39.17,36.21,50.86,45.26,51.58,48.49,0,45,D,,
2024/25,Liga 3,Nico,Vilaverdense,24,MF,51.51,50.33,75.12,91.67,23.28,40.37,61.85,0,22,C,,
2024/25,Liga 3,Bavikson Biai,Lusitânia,24,MF,16.16,30.89,11.33,11.49,56.25,72.99,52.59,0,50,E,,
2024/25,Liga 3,Tomás Azevedo,Lusitânia,24,MF,25,40.89,47.04,61.49,50,73.56,62.07,0,24,C,,
2024/25,Liga 3,Lucas Henrique,Académica,24,MF,56.25,90.13,63.18,51.72,42.67,37.5,45.26,0,29,C,,
2024/25,Liga 3,L. Salgado,Sporting Covilhã,24,MF,42.24,42.04,51.72,64.37,39.22,60.34,77.59,0,25,C,,
2024/25,Liga 3,Hugo Alves,Vilaverdense,25,MF,39.66,48.65,57.02,69.83,53.02,59.63,68.75,0,13,B,,
2024/25,Liga 3,J. Sinisterra,Anadia,25,MF,43.75,37.14,46.31,53.16,28.02,66.38,51.08,0,38,C,,
2024/25,Liga 3,M. Silva,Trofense,25,MF,30.6,57.85,41.01,41.95,58.62,69.11,62.07,0,28,C,,
2024/25,Liga 3,O. Diagne,Trofense,26,MF,31.25,41.42,37.56,35.63,16.81,53.3,50.43,0,53,E,,
2024/25,Liga 3,David Teles,Anadia,26,MF,45.47,65.03,55.54,45.98,81.47,38.79,44.83,0,19,C,,
2024/25,Liga 3,Paulo Lima,São João Ver,26,MF,42.03,61.48,41.87,41.67,42.24,69.97,47.84,0,35,C,,
2024/25,Liga 3,Filipe Maio,Sporting Covilhã,26,MF,25,52.39,43.6,60.92,44.83,42.39,43.97,0,41,D,,
2024/25,Liga 3,Henrique Martins,Lusitania FC Lourosa,27,MF,21.77,36.26,18.97,18.68,65.09,80.17,36.42,0,42,D,,
2024/25,Liga 3,Xavi Fernandes,CF Os Belenenses,27,MF,54.96,57.85,66.75,86.21,21.98,27.44,64.22,0,34,C,,
2024/25,Liga 3,Tiago Santos,1º Dezembro,27,MF,22.63,19.34,26.23,37.64,32.33,57.18,49.35,0,54,E,,
2024/25,Liga 3,Vítor Pisco,Sanjoanense,28,MF,39.87,43.25,47.04,52.59,52.16,32.18,52.16,0,40,D,,
2024/25,Liga 3,Diogo Pereira,Lusitania FC Lourosa,29,MF,47.2,38.88,58.87,61.49,57.11,43.97,50,0,30,C,,
2024/25,Liga 3,Y. Valencia,Caldas,30,MF,28.02,34.74,24.38,26.15,45.47,75.57,51.51,0,46,D,,
2024/25,Liga 3,Filipe Cardoso,Fafe,30,MF,41.16,49.74,33.87,16.67,49.14,65.8,42.67,0,43,D,,
2024/25,Liga 3,Hélio Cruz,Atlético CP,31,MF,17.46,29.63,24.51,37.36,28.66,36.93,46.77,0,56,F,,
2024/25,Liga 3,Tiago Morgado,CF Os Belenenses,31,MF,24.14,85.2,51.72,64.37,57.11,57.47,60.13,0,12,B,,
2024/25,Liga 3,N. Obiora,Académica,33,MF,30.39,19.34,18.1,8.33,26.72,54.6,24.14,0,58,F,,
2024/25,Liga 3,Rúben Neves,Sanjoanense,34,MF,20.04,33.42,46.55,74.43,91.81,40.37,80.39,0,11,B,,
2024/25,Liga 3,Fábio Pacheco,Varzim,36,MF,20.91,43.43,21.55,22.41,55.6,94.25,48.71,0,37,C,0,
2024/25,Liga 3,Elias Franco,Atlético CP,29,AM & W,96.15,49.86,53.3,20.09,21.47,51.07,50.64,0,25,D,,
2024/25,Liga 3,João Vasco,Lusitania FC Lourosa,30,AM & W,89.1,28.94,44.14,13.68,16.03,55.98,26.6,0,35,F,,
2024/25,Liga 3,David Rebelo,São João Ver,22,AM & W,68.59,67.28,59.52,47.01,83.01,59.62,65.06,0,7,A,,
2024/25,Liga 3,Pedro Jesus,1º Dezembro,22,AM & W,68.27,19.35,39.01,31.62,62.5,54.27,54.49,0,27,D,,
2024/25,Liga 3,Jota Pereira,Sanjoanense,22,AM & W,69.23,63.68,78.39,81.62,61.86,30.77,72.76,0,3,A,,
2024/25,Liga 3,Kauan Kelvin,SC Braga B,20,AM & W,65.71,81.41,55.68,50,79.49,60.47,60.26,0,5,A,,
2024/25,Liga 3,Rui Batalha,1º Dezembro,28,AM & W,74.68,55.68,50,22.22,47.76,20.51,25.96,0,30,E,,
2024/25,Liga 3,João Couto,Sanjoanense,23,AM & W,83.33,46.71,86.63,85.9,50,74.79,84.94,0,1,S,,
2024/25,Liga 3,Pedro Do Rio,Lusitânia,24,AM & W,63.46,16.36,37.55,32.48,57.05,31.62,48.08,0,32,E,,
2024/25,Liga 3,E. Ayiah,Trofense,25,AM & W,77.56,52.06,61.72,58.12,33.97,41.88,34.94,0,20,C,,
2024/25,Liga 3,Adílio Varela,Oliveira Hospital,28,AM & W,62.82,45.85,41.76,29.91,38.14,22.44,15.38,0,36,F,,
2024/25,Liga 3,Midana Sambú,CF Os Belenenses,26,AM & W,71.15,37.67,60.81,47.01,35.9,42.95,48.08,0,23,D,,
2024/25,Liga 3,Carlos Daniel,Trofense,23,AM & W,53.53,44.41,39.01,33.33,47.12,52.56,34.62,0,28,E,,
2024/25,Liga 3,A. Ba-Sy,Académica,23,AM & W,84.29,62.7,84.98,84.62,22.12,46.37,62.82,0,6,A,,
2024/25,Liga 3,Picas,Fafe,24,AM & W,73.08,73.85,79.85,85.9,51.92,45.94,56.73,0,2,A,,
2024/25,Liga 3,Rafa Pinto,Caldas,26,AM & W,49.36,73.63,57.51,51.28,62.5,57.91,38.46,0,13,C,,
2024/25,Liga 3,Faissal Zangré,Amarante,28,AM & W,44.23,20.64,31.14,34.19,45.19,38.25,44.87,0,38,F,,
2024/25,Liga 3,Daniel,São João Ver,27,AM & W,56.09,21.49,47.8,49.15,37.18,81.62,54.49,0,21,D,,
2024/25,Liga 3,Chico Sousa,Amarante,28,AM & W,32.37,56.81,32.23,31.2,54.49,55.56,26.6,0,29,E,,
2024/25,Liga 3,Ricardo Rei,SC Braga B,22,AM & W,62.18,39.24,65.2,76.92,61.54,56.84,75.96,0,8,B,,
2024/25,Liga 3,Kiko Félix,Sanjoanense,22,AM & W,35.9,62.32,32.23,33.33,63.46,63.46,55.13,0,22,D,,
2024/25,Liga 3,Diogo Balau,União Santarém,25,AM & W,58.33,44.74,74.91,94.44,41.67,65.38,73.4,0,4,A,,
2024/25,Liga 3,Mauro Couto,Sporting CP B,19,AM & W,38.46,48.12,44.51,56.41,91.35,64.32,52.56,0,14,C,,
2024/25,Liga 3,Pedro Matos,Fafe,28,AM & W,65.71,37.79,60.44,59.83,57.05,40.81,55.45,0,18,C,,
2024/25,Liga 3,Diogo Leitão,CF Os Belenenses,26,AM & W,45.51,58.24,41.94,18.8,51.92,62.39,39.74,0,26,D,,
2024/25,Liga 3,Edson Farias,Fafe,33,AM & W,53.85,76.27,67.4,62.82,48.08,62.39,45.83,0,9,B,,
2024/25,Liga 3,Juninho,União Santarém,24,AM & W,31.73,59.89,32.05,29.06,27.24,66.03,46.79,0,31,E,,
2024/25,Liga 3,João Vasconcelos,SC Braga B,20,AM & W,29.17,61.86,55.68,75.21,70.83,36.54,62.5,0,15,C,,
2024/25,Liga 3,Moisés Conceição,Anadia,24,AM & W,51.92,53.31,66.67,74.36,9.94,32.26,43.27,0,24,D,,
2024/25,Liga 3,Joãozinho,Atlético CP,28,AM & W,19.23,72.23,46.34,59.83,59.29,48.29,66.99,0,17,C,,
2024/25,Liga 3,A. Katty,Amarante,25,AM & W,26.28,61.42,55.13,85.04,43.91,68.38,71.15,0,10,B,,
2024/25,Liga 3,Á. Gomes,Varzim,24,AM & W,37.82,43.29,58.79,83.33,45.83,52.14,85.9,0,12,B,0,
2024/25,Liga 3,Erivaldo,Anadia,31,AM & W,34.29,64.44,26.56,9.4,29.81,55.34,38.46,0,37,F,,
2024/25,Liga 3,Duarte Duarte,Trofense,37,AM & W,23.72,49.15,54.03,81.2,56.41,51.5,64.42,0,16,C,,
2024/25,Liga 3,Bernardo Fortunato,São João Ver,24,AM & W,14.74,14.65,9.16,10.26,83.33,71.58,40.38,0,39,F,,
2024/25,Liga 3,Caleb,Atlético CP,32,AM & W,20.83,88.8,33.88,30.77,88.14,56.84,45.51,0,19,C,,
2024/25,Liga 3,João Rego,Vilaverdense,22,AM & W,3.85,39.44,25.27,41.88,54.17,59.83,37.82,0,33,E,,
2024/25,Liga 3,Dener,1º Dezembro,25,AM & W,41.03,26.19,50.73,51.71,32.37,18.16,49.04,0,34,E,,
2024/25,Liga 3,Avto,Lusitania FC Lourosa,33,AM & W,22.44,80.24,58.06,76.07,75.96,42.95,43.91,0,11,B,,
2024/25,Liga 3,Yan Maranhão,Anadia,22,CF,76.83,39.43,41.29,18.29,52.13,39.02,24.09,0,34,D,,
2024/25,Liga 3,M. Moshood,Varzim,21,CF,89.63,55.36,64.98,41.87,39.33,79.88,49.39,0,3,B,,
2024/25,Liga 3,Tiago Leite,Fafe,24,CF,91.16,60.7,57.49,11.79,42.68,39.63,33.84,0,28,C,,
2024/25,Liga 3,Rúben Fonseca,Sanjoanense,25,CF,80.79,33.54,40.59,10.16,42.07,28.46,10.37,0,36,E,,
2024/25,Liga 3,Rafael Nel,Sporting CP B,20,CF,85.98,37.8,67.94,66.67,56.4,6.91,42.68,0,17,C,,
2024/25,Liga 3,João Victor,São João Ver,25,CF,89.63,43.59,59.93,37.8,36.89,51.02,44.21,0,18,C,,
2024/25,Liga 3,Guilherme Neiva,Oliveira Hospital,24,CF,61.59,35.13,52.79,69.11,74.09,65.85,55.49,0,8,B,,
2024/25,Liga 3,Nicolás Souza,Atlético CP,24,CF,85.37,27.23,72.3,70.73,38.11,42.28,70.12,0,5,B,,
2024/25,Liga 3,Afonso Moreira,Sporting CP B,20,CF,70.73,47.74,82.58,95.93,77.74,58.13,81.71,0,1,S,2000000,
2024/25,Liga 3,Ivanildo Nhaga,Varzim,28,CF,76.83,45.54,55.92,41.46,43.9,48.37,60.98,0,19,C,0,
2024/25,Liga 3,Rodrigo Macedo,SC Braga B,21,CF,72.87,65.44,64.63,47.97,30.18,47.76,46.95,0,14,C,,
2024/25,Liga 3,Lucas Duarte,Sporting Covilhã,24,CF,74.09,64.97,64.81,43.9,45.73,57.72,59.76,0,7,B,,
2024/25,Liga 3,Balelo,Caldas,23,CF,69.51,72.7,60.98,41.46,42.07,19.92,35.98,0,27,C,,
2024/25,Liga 3,Rodrigo Pereira,CF Os Belenenses,22,CF,62.2,23.39,31.53,17.07,35.37,44.92,26.22,0,39,E,,
2024/25,Liga 3,Pedro Clemente,1º Dezembro,22,CF,60.06,40.65,42.51,35.37,25,40.45,52.13,0,33,D,,
2024/25,Liga 3,Celso Sidney,Lusitânia,24,CF,46.04,47.73,48.78,51.63,62.2,58.94,69.21,0,21,C,,
2024/25,Liga 3,Diogo Grácio,Oliveira Hospital,25,CF,65.85,77.83,51.92,31.71,36.59,61.18,37.2,0,22,C,,
2024/25,Liga 3,Miguel Velosa,Caldas,25,CF,52.44,20.41,62.37,85.37,41.46,45.53,57.93,0,16,C,,
2024/25,Liga 3,C. Triana,CF Os Belenenses,27,CF,67.68,64.97,56.1,28.05,50.61,77.03,42.07,0,15,C,,
2024/25,Liga 3,H. Ekanga Ondoa,CF Os Belenenses,22,CF,41.77,42.68,55.57,69.11,35.98,24.8,51.83,0,30,C,,
2024/25,Liga 3,Gustavo França,União Santarém,22,CF,47.87,86.05,60.28,62.6,46.65,55.49,51.83,0,11,B,,
2024/25,Liga 3,Leandro Alves,União Santarém,26,CF,26.22,74.99,53.83,71.54,79.88,60.98,60.98,0,9,B,,
2024/25,Liga 3,Nuno Barbosa,Trofense,24,CF,45.12,19.1,22.47,9.76,39.63,44.31,15.85,0,41,F,,
2024/25,Liga 3,Daniel Carvalho,Anadia,21,CF,28.35,72.35,52.09,75.61,78.05,31.5,53.05,0,20,C,,
2024/25,Liga 3,João Pedro,Vilaverdense,22,CF,49.09,19.1,20.21,6.5,13.11,82.52,36.59,0,40,F,,
2024/25,Liga 3,Luís Gomes,Sporting CP B,21,CF,32.62,39.49,35.89,52.85,71.34,65.85,48.48,0,29,C,,
2024/25,Liga 3,Neemias,Vilaverdense,25,CF,39.94,46.54,53.48,56.91,32.93,47.76,71.95,0,25,C,,
2024/25,Liga 3,K. Hachadi,Académica,27,CF,61.89,73.77,56.62,35.37,55.49,34.35,38.72,0,24,C,,
2024/25,Liga 3,David Silva,Atlético CP,30,CF,35.67,29.45,28.4,32.93,58.84,44.72,36.59,0,37,E,,
2024/25,Liga 3,Miguel Barandas,Atlético CP,25,CF,41.46,66.26,70.38,86.18,71.34,53.05,63.41,0,2,A,,
2024/25,Liga 3,Leandro Tipote,Anadia,26,CF,28.05,56.43,59.93,84.55,64.63,43.9,57.93,0,13,B,,
2024/25,Liga 3,Manuel Mendonça,Sporting CP B,20,CF,23.17,68.01,60.45,89.84,79.27,54.88,66.46,0,4,B,,
2024/25,Liga 3,Yan Said,SC Braga B,22,CF,25,49.36,34.49,53.66,66.46,72.36,72.87,0,26,C,,
2024/25,Liga 3,Eduardo Souza,Oliveira Hospital,24,CF,30.18,91.35,49.13,51.22,72.56,81.5,53.35,0,10,B,,
2024/25,Liga 3,Ká Semedo,Amarante,30,CF,24.39,42.71,24.91,20.73,50.3,65.04,42.99,0,38,E,,
2024/25,Liga 3,G. Zakpa,Lusitania FC Lourosa,32,CF,34.15,36.67,36.59,40.65,48.48,45.12,62.5,0,35,D,,
2024/25,Liga 3,Gabriel Morais,Académica,23,CF,25,54.06,36.59,46.34,43.29,59.55,60.98,0,32,D,,
2024/25,Liga 3,Dinho,Amarante,25,CF,20.43,78.23,56.27,78.05,29.88,43.29,51.83,0,23,C,,
2024/25,Liga 3,Y. Agbaoye,Vilaverdense,26,CF,9.15,49.59,36.24,60.98,55.79,61.38,60.06,0,31,D,,
2024/25,Liga 3,Miguel Pereira,Lusitania FC Lourosa,26,CF,23.78,56.78,55.4,82.11,65.85,56.3,62.8,0,12,B,,
2024/25,Liga 3,Paulo Campos,Sporting Covilhã,25,CF,27.44,42.88,61.32,86.18,67.68,58.33,78.66,0,6,B,,
2024/25,Liga 3,Diego Callai,Sporting CP B,20,GK,0,0,0,0,0,0,0,69.7,4,A,,
2024/25,Liga 3,João Carvalho,SC Braga B,21,GK,0,0,0,0,0,0,0,77.65,1,S,,
2024/25,Liga 3,Rafa,Sporting Covilhã,21,GK,0,0,0,0,0,0,0,43.18,14,D,,
2024/25,Liga 3,João Monteiro,Lusitânia,23,GK,0,0,0,0,0,0,0,52.27,9,C,,
2024/25,Liga 3,Diogo Figueiredo,Amarante,24,GK,0,0,0,0,0,0,0,73.48,3,S,,
2024/25,Liga 3,André Duarte,Sanjoanense,25,GK,0,0,0,0,0,0,0,45.08,12,D,,
2024/25,Liga 3,João Gonçalo,Sporting Covilhã,25,GK,0,0,0,0,0,0,0,35.98,20,E,,
2024/25,Liga 3,Tiago Martins,Anadia,26,GK,0,0,0,0,0,0,0,39.02,19,E,,
2024/25,Liga 3,M. Mbaye,Varzim,27,GK,0,0,0,0,0,0,0,74.24,2,S,,
2024/25,Liga 3,Nuno Silva,Trofense,27,GK,0,0,0,0,0,0,0,60.98,8,B,,
2024/25,Liga 3,Carlos Alves,Fafe,27,GK,0,0,0,0,0,0,0,42.42,15,D,,
2024/25,Liga 3,Gustavo Galil,União Santarém,27,GK,0,0,0,0,0,0,0,65.15,7,A,,
2024/25,Liga 3,David Grilo,CF Os Belenenses,28,GK,0,0,0,0,0,0,0,69.7,5,A,,
2024/25,Liga 3,Guilherme Oliveira,1º Dezembro,30,GK,0,0,0,0,0,0,0,50.76,10,C,,
2024/25,Liga 3,Guilherme Cioletti,Lusitania FC Lourosa,31,GK,0,0,0,0,0,0,0,67.42,6,A,,
2024/25,Liga 3,Raphael Mello,São João Ver,32,GK,0,0,0,0,0,0,0,45.45,11,D,,
2024/25,Liga 3,Luís Ribeiro,Atlético CP,33,GK,0,0,0,0,0,0,0,40.53,17,D,,
2024/25,Liga 3,Nuno Hidalgo,União Santarém,33,GK,0,0,0,0,0,0,0,43.94,13,D,,
2024/25,Liga 3,Cajó,Vilaverdense,35,GK,0,0,0,0,0,0,0,39.39,18,E,,
2024/25,Liga 3,Luís Paulo,Caldas,35,GK,0,0,0,0,0,0,0,28.03,21,F,,
2024/25,Liga 3,Marco Pereira,Sanjoanense,38,GK,0,0,0,0,0,0,0,26.89,22,F,,
2024/25,Liga 3,António Filipe,Académica,40,GK,0,0,0,0,0,0,0,42.05,16,D,,
2024/25,Liga Revelação U23,D. Lucas,Mafra U23,17,CB,36.34,49.29,41.86,44.57,17.73,28.29,44.48,0,41,E,,
2024/25,Liga Revelação U23,Gonçalo Oliveira,Benfica U23,18,CB,77.33,66.58,60.63,44.57,86.63,42.05,43.6,0,11,C,,
2024/25,Liga Revelação U23,António Vital,Estoril U23,18,CB,28.2,33.84,30.07,37.21,58.43,48.84,34.88,0,37,D,,
2024/25,Liga Revelação U23,Rui Silva,Benfica U23,18,CB,81.1,60.67,74.92,62.4,69.77,41.67,64.83,0,6,B,,
2024/25,Liga Revelação U23,Filipe Azevedo,Rio Ave U23,18,CB,29.65,46.83,48.5,78.29,53.2,56.2,74.13,0,12,C,,
2024/25,Liga Revelação U23,Rafael Mota,Sporting CP U23,18,CB,51.45,90.63,46.18,38.76,69.19,39.15,34.3,0,26,C,,
2024/25,Liga Revelação U23,João Salvador,Sporting Braga U23,19,CB,45.35,49.74,44.68,32.56,49.71,62.79,47.09,0,25,C,,
2024/25,Liga Revelação U23,Guilherme Queda,Torreense U23,19,CB,47.97,82.74,71.93,86.43,52.62,42.44,65.41,0,8,B,,
2024/25,Liga Revelação U23,Bruno França,Farense U23,19,CB,40.99,33.84,43.02,50.39,55.52,57.56,57.27,0,22,C,,
2024/25,Liga Revelação U23,E. Granziera,Sporting Braga U23,19,CB,18.9,55.94,37.87,45.74,75.29,31.01,39.83,0,36,D,,
2024/25,Liga Revelação U23,D. Inácio,Estrela Amadora U23,19,CB,18.6,61.57,49,72.09,60.47,18.8,42.44,0,38,E,,
2024/25,Liga Revelação U23,Tiago Sampaio,Leixões U23,19,CB,25.87,49.74,26.41,15.89,18.9,36.05,24.13,0,42,F,,
2024/25,Liga Revelação U23,Otávio,Estrela Amadora U23,19,CB,36.34,33.84,33.22,33.72,32.85,66.67,54.94,0,28,D,,
2024/25,Liga Revelação U23,M. Penisga,Mafra U23,19,CB,84.3,43.15,70.6,63.95,26.45,52.71,47.67,0,19,C,,
2024/25,Liga Revelação U23,Marlon Júnior,Sporting CP U23,19,CB,53.2,60.59,45.85,31.4,53.78,34.69,47.97,0,30,D,,
2024/25,Liga Revelação U23,Guilherme Silva,Sporting CP U23,19,CB,63.95,70.66,50.17,28.29,32.85,27.52,24.71,0,40,E,,
2024/25,Liga Revelação U23,Hélio Semedo,Estrela Amadora U23,19,CB,35.17,46.83,35.55,40.7,10.76,48.45,51.45,0,39,E,,
2024/25,Liga Revelação U23,M. Monteiro,Estrela Amadora U23,19,CB,29.36,61.75,43.69,58.14,42.15,66.47,56.69,0,16,C,,
2024/25,Liga Revelação U23,Alvaro Ribeiro,Portimonense U23,19,CB,76.16,33.84,54.98,51.94,35.76,61.05,55.23,0,18,C,,
2024/25,Liga Revelação U23,Moussa Camara,Mafra U23,20,CB,81.98,33.84,64.78,58.91,50,47.29,61.63,0,15,C,,
2024/25,Liga Revelação U23,José Sampaio,Vizela U23,20,CB,79.65,78.42,77.08,63.95,74.42,84.5,76.74,0,1,S,,
2024/25,Liga Revelação U23,Diogo Farinha,Estrela Amadora U23,20,CB,59.88,43.15,45.35,39.92,40.12,36.63,46.8,0,35,D,,
2024/25,Liga Revelação U23,Tomás Oliveira,Famalicão U23,20,CB,56.1,43.15,69.1,98.06,61.34,52.33,74.13,0,3,B,,
2024/25,Liga Revelação U23,P. Lanquetin,Estoril U23,20,CB,61.05,62.08,83.55,96.12,65.99,55.23,61.05,0,2,A,,
2024/25,Liga Revelação U23,João Pimenta,Rio Ave U23,20,CB,49.13,33.84,47.84,50.78,76.45,45.74,57.27,0,21,C,,
2024/25,Liga Revelação U23,Matheus Gonçalves,Farense U23,20,CB,56.1,60.64,54.32,40.7,74.42,63.37,49.13,0,9,B,,
2024/25,Liga Revelação U23,Martim Filipe,Estoril U23,20,CB,27.91,54.85,32.23,26.74,84.01,39.92,33.43,0,33,D,,
2024/25,Liga Revelação U23,João Alves,Academico Viseu U23,20,CB,44.48,76.53,51.33,49.22,83.14,53.88,35.76,0,14,C,,
2024/25,Liga Revelação U23,Rafael Vilela,Leixões U23,20,CB,29.36,59.81,63.46,87.6,36.05,25.97,50.29,0,31,D,,
2024/25,Liga Revelação U23,Bernardo Antunes,Torreense U23,20,CB,80.52,43.15,64.78,59.69,43.02,67.44,68.02,0,5,B,,
2024/25,Liga Revelação U23,Carlos Ventura,Gil Vicente U23,21,CB,95.35,42.93,70.27,59.3,31.69,38.76,49.71,0,24,C,,
2024/25,Liga Revelação U23,Diogo Grima,Estoril U23,21,CB,39.53,55.94,52.82,53.1,44.19,61.63,36.34,0,23,C,,
2024/25,Liga Revelação U23,Pedro Alpoim,Gil Vicente U23,21,CB,45.35,54.05,59.8,74.42,29.36,26.16,76.45,0,27,D,,
2024/25,Liga Revelação U23,D. Dutra,Leixões U23,21,CB,76.45,33.84,56.64,51.16,55.52,70.54,59.3,0,7,B,,
2024/25,Liga Revelação U23,Kauã Oliveira,Academico Viseu U23,21,CB,54.94,49.74,43.52,36.43,52.03,41.47,31.69,0,34,D,,
2024/25,Liga Revelação U23,Diogo Costa,Gil Vicente U23,21,CB,25.29,54.85,40.37,49.22,53.78,68.41,45.06,0,20,C,,
2024/25,Liga Revelação U23,Tomás Sério,Academico Viseu U23,22,CB,87.5,33.84,63.79,51.55,32.56,65.12,53.78,0,13,C,,
2024/25,Liga Revelação U23,José Müller,Famalicão U23,22,CB,44.77,33.84,30.73,16.67,59.01,82.17,52.03,0,17,C,,
2024/25,Liga Revelação U23,P. Prado,Torreense U23,22,CB,25.29,33.84,43.69,72.87,45.35,77.91,69.19,0,10,C,,
2024/25,Liga Revelação U23,Cauet Werner,Santa Clara U23,22,CB,45.93,55.94,51.99,42.64,41.86,43.02,38.95,0,32,D,,
2024/25,Liga Revelação U23,Ricardo Sousa,Portimonense U23,23,CB,25.29,33.84,23.26,25.19,67.73,62.4,35.17,0,29,D,,
2024/25,Liga Revelação U23,K. Ibouka,Mafra U23,24,CB,88.95,61.94,60.96,34.5,40.41,70.35,70.35,0,4,B,,
2024/25,Liga Revelação U23,Salvador Blopa,Sporting CP U23,17,FB & WB,90.97,36.79,63.29,45.37,31.6,49.77,56.25,0,18,C,,
2024/25,Liga Revelação U23,Filipe Vieira,Portimonense U23,18,FB & WB,63.89,75.77,71.03,66.67,47.92,53.47,53.12,0,7,B,,
2024/25,Liga Revelação U23,Hélder Fernandes,Estrela Amadora U23,18,FB & WB,82.29,39.08,55.95,38.89,25.69,24.77,32.64,0,30,E,,
2024/25,Liga Revelação U23,Pedro Andrade,Estoril U23,18,FB & WB,26.04,28.55,29.56,37.96,26.39,65.28,41.32,0,32,E,,
2024/25,Liga Revelação U23,Rodrigo Guerreiro,Torreense U23,18,FB & WB,49.31,51.69,58.53,62.96,57.99,48.61,57.99,0,14,C,,
2024/25,Liga Revelação U23,Guilherme Peixoto,Benfica U23,18,FB & WB,81.94,37.81,69.84,53.7,47.22,59.49,38.89,0,15,C,,
2024/25,Liga Revelação U23,Luís Fernandes,Sporting Braga U23,18,FB & WB,22.92,88.58,30.56,23.15,37.85,39.58,11.46,0,35,F,,
2024/25,Liga Revelação U23,G. António,Estrela Amadora U23,19,FB & WB,77.08,33.72,58.93,62.04,7.29,22.22,52.43,0,26,E,,
2024/25,Liga Revelação U23,Duarte Furtado,Farense U23,19,FB & WB,18.75,60.18,41.47,71.3,55.21,82.41,82.29,0,4,A,,
2024/25,Liga Revelação U23,Chadai,Vizela U23,19,FB & WB,43.75,48.25,68.06,92.59,38.19,61.34,65.97,0,6,B,,
2024/25,Liga Revelação U23,Gu Costa,Academico Viseu U23,19,FB & WB,85.76,37.26,61.51,47.22,17.71,64.58,37.5,0,21,C,,
2024/25,Liga Revelação U23,Paulinho,Mafra U23,19,FB & WB,50.69,44.19,40.28,18.52,46.53,63.89,28.47,0,27,E,,
2024/25,Liga Revelação U23,Gonçalo Barros,Mafra U23,19,FB & WB,51.04,49.38,49.6,58.33,43.06,55.79,81.25,0,11,C,,
2024/25,Liga Revelação U23,Carlos Amaral,Santa Clara U23,19,FB & WB,34.03,56.7,40.08,29.63,29.51,49.77,45.49,0,28,E,,
2024/25,Liga Revelação U23,Guilherme Barbosa,Sporting Braga U23,19,FB & WB,20.14,34.56,22.62,31.94,81.6,28.94,35.76,0,33,F,,
2024/25,Liga Revelação U23,Rayhan Momade,Sporting CP U23,19,FB & WB,64.58,69.64,59.33,50.93,46.18,14.81,36.11,0,25,D,,
2024/25,Liga Revelação U23,António Infante,Vizela U23,20,FB & WB,80.21,73.92,69.44,46.3,79.51,65.97,40.97,0,3,A,,
2024/25,Liga Revelação U23,Daniel Marques,Leixões U23,20,FB & WB,47.22,48.81,63.49,81.94,38.19,38.19,72.57,0,12,C,,
2024/25,Liga Revelação U23,Afonso Martins,Portimonense U23,20,FB & WB,31.25,17.9,27.38,28.24,62.15,33.8,35.07,0,34,F,,
2024/25,Liga Revelação U23,Gonçalo Ribeiro,Leixões U23,20,FB & WB,18.06,59.46,31.75,36.11,31.94,60.42,35.76,0,29,E,,
2024/25,Liga Revelação U23,Hélder Silva,Famalicão U23,20,FB & WB,59.72,30.4,49.8,58.8,59.03,75.93,67.71,0,8,B,,
2024/25,Liga Revelação U23,Cláudinho,Mafra U23,20,FB & WB,82.64,34.64,50.99,29.63,79.17,39.12,43.06,0,20,C,,
2024/25,Liga Revelação U23,J. Karseladze,Rio Ave U23,20,FB & WB,39.93,44.94,58.93,76.39,78.82,62.96,76.74,0,2,A,,
2024/25,Liga Revelação U23,Luís Martins,Gil Vicente U23,20,FB & WB,77.78,77.47,70.04,68.98,23.96,34.26,51.74,0,16,C,,
2024/25,Liga Revelação U23,Dudu,Famalicão U23,20,FB & WB,36.11,68.76,50.79,56.48,64.93,38.89,62.85,0,17,C,,
2024/25,Liga Revelação U23,Lucas D'agrella,Farense U23,20,FB & WB,26.04,46.41,36.71,47.69,79.17,81.48,60.76,0,9,B,,
2024/25,Liga Revelação U23,Tiago Parente,Estoril U23,21,FB & WB,68.06,72.32,69.44,62.96,49.65,49.31,70.14,0,5,A,,
2024/25,Liga Revelação U23,Tiago Freitas,Academico Viseu U23,21,FB & WB,70.49,75.41,55.56,26.85,49.31,35.65,34.03,0,23,D,,
2024/25,Liga Revelação U23,Sylvestre Costa,Vizela U23,21,FB & WB,59.03,22.53,30.95,21.76,76.39,54.4,51.04,0,24,D,,
2024/25,Liga Revelação U23,Vasco Sousa,Torreense U23,21,FB & WB,69.44,72.52,62.7,40.74,59.72,41.2,27.78,0,19,C,,
2024/25,Liga Revelação U23,Joaquim Marques,Rio Ave U23,21,FB & WB,17.36,25.57,14.48,18.98,79.86,56.71,46.18,0,31,E,,
2024/25,Liga Revelação U23,S. Diatara,Sporting Braga U23,21,FB & WB,29.17,63.21,63.29,88.89,66.67,79.86,84.72,0,1,S,,
2024/25,Liga Revelação U23,Marcos Fernández,Gil Vicente U23,21,FB & WB,34.03,56.56,56.15,82.41,65.62,35.65,59.03,0,13,C,,
2024/25,Liga Revelação U23,T. Fernandes,Portimonense U23,22,FB & WB,29.51,51.23,52.18,68.52,38.54,73.84,67.71,0,10,B,,
2024/25,Liga Revelação U23,Ian Custódio,Famalicão U23,22,FB & WB,90.28,42.33,62.3,34.72,79.51,34.49,18.4,0,22,C,,
2024/25,Liga Revelação U23,Rodrigo Abreu,Sporting Braga U23,18,MF,53.31,84.64,55.25,51.96,95.59,59.8,58.82,0,5,A,,
2024/25,Liga Revelação U23,Rodrigo Ribeiro,Famalicão U23,18,MF,79.04,83.04,76.68,68.63,76.47,24.02,39.71,0,7,B,,
2024/25,Liga Revelação U23,Gui Figueiredo,Gil Vicente U23,18,MF,50.37,58.39,34.03,21.08,26.47,52.94,30.88,0,26,E,,
2024/25,Liga Revelação U23,Tiago Freitas,Benfica U23,18,MF,87.87,64.91,85.71,79.41,34.56,30.39,49.26,0,11,B,,
2024/25,Liga Revelação U23,João Casimiro,Portimonense U23,19,MF,26.84,67.36,38.87,36.27,45.96,11.03,19.85,0,31,F,,
2024/25,Liga Revelação U23,João Cruz,Benfica U23,19,MF,68.75,69.6,64.92,62.75,52.21,41.42,51.1,0,13,C,,
2024/25,Liga Revelação U23,Francisco Machado,Academico Viseu U23,19,MF,74.26,40.79,85.08,91.18,32.72,47.06,77.94,0,8,B,,
2024/25,Liga Revelação U23,Gonçalo Maia,Gil Vicente U23,19,MF,98.16,60.8,89.08,78.43,45.59,59.31,54.41,0,4,A,,
2024/25,Liga Revelação U23,Martim Ferreira,Benfica U23,19,MF,48.9,66.81,30.25,14.71,83.09,70.34,39.71,0,18,C,,
2024/25,Liga Revelação U23,Luis Silva,Rio Ave U23,19,MF,11.76,24.66,22.27,32.84,33.46,60.78,40.07,0,30,F,,
2024/25,Liga Revelação U23,Rodrigo Carvalho,Vizela U23,19,MF,14.71,18.78,10.71,7.84,44.12,85.54,37.13,0,29,F,,
2024/25,Liga Revelação U23,Matteo Lorenzi,Farense U23,19,MF,11.03,18.78,11.13,13.73,43.38,63.73,42.65,0,32,F,,
2024/25,Liga Revelação U23,M. Ondoa,Estoril U23,19,MF,85.66,49.09,81.51,87.25,27.21,14.95,52.57,0,20,C,,
2024/25,Liga Revelação U23,Tiago Brito,Estoril U23,20,MF,89.34,57.01,64.92,41.18,54.78,63.48,48.9,0,9,B,,
2024/25,Liga Revelação U23,Martim Boloto,Vizela U23,20,MF,30.88,86.92,60.5,82.35,88.24,54.17,77.21,0,3,A,,
2024/25,Liga Revelação U23,Martim Almeida,Famalicão U23,20,MF,32.35,38.93,51.26,68.63,57.72,67.89,67.65,0,12,C,,
2024/25,Liga Revelação U23,Pedro Teixeira,Rio Ave U23,20,MF,68.01,40.84,32.56,9.8,23.16,66.67,28.68,0,27,E,,
2024/25,Liga Revelação U23,João Freitas,Famalicão U23,20,MF,49.63,29.07,37.18,33.82,48.16,58.09,39.34,0,23,D,,
2024/25,Liga Revelação U23,Mariano Regal,Rio Ave U23,20,MF,37.5,33,46.43,46.57,44.49,41.18,44.12,0,24,D,,
2024/25,Liga Revelação U23,Diogo Magalhães,Academico Viseu U23,20,MF,46.32,70.12,56.51,62.75,43.38,43.63,58.09,0,19,C,,
2024/25,Liga Revelação U23,Tiago Octávio,Santa Clara U23,20,MF,16.91,75.69,46.43,57.84,66.18,54.9,62.5,0,16,C,,
2024/25,Liga Revelação U23,A. De Armas,Leixões U23,20,MF,35.29,18.78,20.8,23.53,27.21,52.7,34.56,0,33,F,,
2024/25,Liga Revelação U23,João Assunção,Sporting CP U23,20,MF,48.16,47.7,48.95,51.47,56.62,72.55,59.19,0,14,C,,
2024/25,Liga Revelação U23,Guilherme Santos,Sporting CP U23,20,MF,44.12,65.35,69.33,74.02,69.85,26.96,42.65,0,15,C,,
2024/25,Liga Revelação U23,Ricardo Matias,Estrela Amadora U23,21,MF,52.57,51.73,43.91,59.8,14.34,33.33,56.62,0,25,E,,
2024/25,Liga Revelação U23,Tiago Augusto,Torreense U23,21,MF,79.04,60.8,83.4,83.82,74.26,58.58,80.88,0,2,S,,
2024/25,Liga Revelação U23,André Simões,Torreense U23,21,MF,76.47,74.66,86.34,95.1,77.94,48.28,77.94,0,1,S,,
2024/25,Liga Revelação U23,Afonso Soares,Portimonense U23,21,MF,54.41,29.07,36.97,22.06,66.18,57.35,40.44,0,22,D,,
2024/25,Liga Revelação U23,Andrey,Mafra U23,21,MF,39.34,21.72,39.71,51.96,23.53,33.58,58.46,0,28,E,,
2024/25,Liga Revelação U23,João Faria,Sporting Braga U23,21,MF,61.4,54.52,66.6,67.65,44.85,57.11,66.18,0,10,B,,
2024/25,Liga Revelação U23,Carlos Avelino,Leixões U23,22,MF,61.03,72.26,65.55,60.78,66.54,57.6,50.74,0,6,B,,
2024/25,Liga Revelação U23,Gabriel Araújo,Academico Viseu U23,22,MF,68.75,36.87,46.85,40.2,74.26,49.02,53.31,0,17,C,,
2024/25,Liga Revelação U23,Idrissa Camará,Estrela Amadora U23,22,MF,38.97,43.85,42.02,47.55,34.93,64.71,61.03,0,21,D,,
2024/25,Liga Revelação U23,Francisco França,Sporting Braga U23,18,AM & W,41.94,36.22,40.32,34.95,48.79,71.77,47.18,0,22,D,,
2024/25,Liga Revelação U23,Joy,Vizela U23,18,AM & W,47.98,65.93,46.31,46.77,47.58,75.81,52.02,0,15,C,,
2024/25,Liga Revelação U23,Messias,Vizela U23,19,AM & W,51.21,44.86,34.1,37.1,72.98,86.02,60.08,0,16,C,,
2024/25,Liga Revelação U23,Olívio Tomé,Benfica U23,19,AM & W,79.44,89.48,94.7,97.85,29.03,38.17,75.4,0,1,S,,
2024/25,Liga Revelação U23,Adam Arvelo,Sporting CP U23,19,AM & W,26.61,22.21,35.02,43.01,49.6,35.22,49.6,0,27,E,,
2024/25,Liga Revelação U23,Renato Valente,Vizela U23,19,AM & W,67.34,67.12,48.85,35.48,64.11,60.75,53.23,0,12,B,,
2024/25,Liga Revelação U23,Gustavo Veiga,Santa Clara U23,19,AM & W,59.27,39.63,52.76,55.38,21.77,47.85,80.65,0,20,C,,
2024/25,Liga Revelação U23,Afonso Duarte,Sporting Braga U23,19,AM & W,47.58,69.76,55.99,45.7,68.95,21.24,33.47,0,18,C,,
2024/25,Liga Revelação U23,Uri Lima,Farense U23,19,AM & W,13.71,35.52,35.71,61.29,22.18,23.66,43.95,0,28,F,,
2024/25,Liga Revelação U23,Tomás Marques,Torreense U23,19,AM & W,38.71,72.92,68.89,92.47,54.84,75.54,96.77,0,2,S,,
2024/25,Liga Revelação U23,Tiago Queiroz,Santa Clara U23,19,AM & W,6.45,17.37,16.59,26.34,52.02,57.8,30.65,0,30,F,,
2024/25,Liga Revelação U23,Martim Freitas,Mafra U23,19,AM & W,12.9,35.32,11.52,12.37,55.65,62.9,32.66,0,29,F,,
2024/25,Liga Revelação U23,Pedro Oliveira,Academico Viseu U23,19,AM & W,58.47,60.92,56.68,32.26,67.34,68.28,53.23,0,11,B,,
2024/25,Liga Revelação U23,Jaime Godinho,Farense U23,19,AM & W,44.35,41.56,58.06,73.66,18.55,84.95,66.94,0,14,C,,
2024/25,Liga Revelação U23,Gonçalo Moreira,Benfica U23,19,AM & W,79.44,82.44,64.98,37.1,93.55,31.99,23.79,0,8,B,,
2024/25,Liga Revelação U23,Rodrigo Rêgo,Benfica U23,20,AM & W,78.23,60.78,67.97,56.99,67.74,49.73,33.87,0,7,B,,
2024/25,Liga Revelação U23,Isnaba Mané,Estoril U23,20,AM & W,56.85,20.6,55.3,72.58,16.13,38.17,37.9,0,25,D,,
2024/25,Liga Revelação U23,Gustavo Almeida,Academico Viseu U23,20,AM & W,67.34,45.33,62.44,75.27,51.61,61.56,79.03,0,5,A,,
2024/25,Liga Revelação U23,Fábio Ferreira,Leixões U23,20,AM & W,35.08,43.12,33.87,23.66,66.53,60.22,46.37,0,24,D,,
2024/25,Liga Revelação U23,David,Torreense U23,20,AM & W,77.82,69.84,70.28,55.91,66.13,45.43,43.55,0,6,B,,
2024/25,Liga Revelação U23,Valentim Sousa,Rio Ave U23,20,AM & W,41.53,36.22,53.92,70.97,60.48,60.22,79.03,0,10,B,,
2024/25,Liga Revelação U23,Peixinho,Gil Vicente U23,20,AM & W,37.9,76.36,46.77,50.54,40.73,45.7,45.16,0,19,C,,
2024/25,Liga Revelação U23,Lourenco Teixeira,Famalicão U23,20,AM & W,67.34,57.91,45.85,20.43,42.34,47.04,29.84,0,23,D,,
2024/25,Liga Revelação U23,M. Patiras,Rio Ave U23,20,AM & W,75,57.27,64.06,47.31,52.42,25.54,37.1,0,17,C,,
2024/25,Liga Revelação U23,André Gonçalves,Estoril U23,21,AM & W,56.85,69.96,73.73,80.65,40.32,20.97,59.27,0,9,B,,
2024/25,Liga Revelação U23,Diogo Cabral,Famalicão U23,21,AM & W,77.42,58.23,85.94,90.32,74.6,21.77,53.23,0,3,A,,
2024/25,Liga Revelação U23,Roka,Leixões U23,21,AM & W,66.94,58.01,67.28,63.98,56.45,61.56,63.31,0,4,A,,
2024/25,Liga Revelação U23,Juan Herrera,Estoril U23,22,AM & W,56.05,72.42,40.09,24.73,84.68,70.43,43.55,0,13,B,,
2024/25,Liga Revelação U23,Jucélio,Gil Vicente U23,22,AM & W,41.53,28.37,26.73,32.8,54.44,65.05,49.6,0,26,D,,
2024/25,Liga Revelação U23,André Candeias,Farense U23,22,AM & W,70.97,24.32,47.93,42.47,35.48,57.53,54.44,0,21,D,,
2024/25,Liga Revelação U23,Linson Chiquemba,Mafra U23,17,CF,26.56,49.14,16.37,13.19,13.02,18.06,23.96,0,24,F,,
2024/25,Liga Revelação U23,José Rodrigues,Sporting Braga U23,19,CF,84.9,18.24,51.49,24.31,25,59.38,32.29,0,20,C,,
2024/25,Liga Revelação U23,K. Mustmaa,Benfica U23,19,CF,91.67,43.45,67.86,56.94,10.42,26.04,44.79,0,12,B,,
2024/25,Liga Revelação U23,Tiago Trindade,Mafra U23,19,CF,6.25,67.58,36.9,58.33,79.17,72.22,69.79,0,13,B,,
2024/25,Liga Revelação U23,Arielson,Torreense U23,20,CF,98.96,63.65,70.83,34.72,36.46,47.92,28.12,0,7,B,,
2024/25,Liga Revelação U23,Gabriel Cardoso,Farense U23,20,CF,81.77,55.32,58.04,38.89,48.96,50.69,51.04,0,9,B,,
2024/25,Liga Revelação U23,Nuno Gaspar,Portimonense U23,20,CF,49.48,38.24,46.13,58.33,54.69,76.39,77.08,0,8,B,,
2024/25,Liga Revelação U23,Afonso Carvalho,Estrela Amadora U23,20,CF,34.9,34.9,41.67,56.94,38.54,32.64,46.35,0,22,D,,
2024/25,Liga Revelação U23,Taewon Kim,Portimonense U23,20,CF,31.25,55.32,43.75,45.14,72.92,54.86,34.9,0,17,C,,
2024/25,Liga Revelação U23,Martim Fortes,Santa Clara U23,20,CF,59.38,46.69,57.14,47.22,36.98,58.68,75.52,0,10,B,,
2024/25,Liga Revelação U23,Leonardo Oliveira,Famalicão U23,20,CF,40.62,62.26,57.44,56.25,58.33,58.68,47.4,0,11,B,,
2024/25,Liga Revelação U23,Fernando Ferreira,Rio Ave U23,20,CF,11.98,70.6,51.79,77.08,73.96,76.39,60.94,0,6,B,,
2024/25,Liga Revelação U23,Rudi Almeida,Famalicão U23,20,CF,36.98,46.99,61.61,75,80.21,73.61,75,0,5,A,,
2024/25,Liga Revelação U23,João Costa,Sporting Braga U23,20,CF,84.9,64.42,71.13,62.5,46.35,63.19,60.42,0,2,S,,
2024/25,Liga Revelação U23,Afonso Sousa,Academico Viseu U23,20,CF,29.69,31.29,37.8,61.81,50.52,40.97,53.65,0,21,C,,
2024/25,Liga Revelação U23,Pedro Ramos,Vizela U23,20,CF,44.27,94.22,63.69,72.22,93.75,44.44,60.42,0,3,A,,
2024/25,Liga Revelação U23,Gustavo Lobo,Leixões U23,21,CF,52.6,26.19,55.36,63.19,32.81,42.01,41.15,0,16,C,,
2024/25,Liga Revelação U23,Ruben Richards,Estoril U23,21,CF,64.58,66.85,49.7,29.86,45.31,34.38,32.81,0,19,C,,
2024/25,Liga Revelação U23,S. Omrani,Portimonense U23,21,CF,35.94,21.99,29.76,38.89,56.77,93.75,58.33,0,18,C,,
2024/25,Liga Revelação U23,Francisco Canário,Sporting CP U23,21,CF,64.06,64.63,39.58,13.19,60.94,13.19,17.71,0,23,D,,
2024/25,Liga Revelação U23,A. Alvarado,Vizela U23,21,CF,46.88,76.39,69.35,78.47,92.71,66.32,77.6,0,1,S,,
2024/25,Liga Revelação U23,Pedro Medeiros,Famalicão U23,21,CF,42.71,37.26,52.98,65.97,41.15,48.96,62.5,0,15,C,,
2024/25,Liga Revelação U23,Mario Genovés,Gil Vicente U23,22,CF,68.75,77.14,52.68,32.64,48.96,45.83,33.85,0,14,B,,
2024/25,Liga Revelação U23,C. Igbokwe,Rio Ave U23,22,CF,60.94,37.26,66.96,88.89,52.08,51.39,84.38,0,4,A,,
2024/25,Liga Revelação U23,T. Znuderl,Sporting Braga U23,18,GK,0,0,0,0,0,0,0,33.82,14,E,,
2024/25,Liga Revelação U23,A. Voitinovičius,Benfica U23,18,GK,0,0,0,0,0,0,0,48.04,10,C,,
2024/25,Liga Revelação U23,João Afonso,Santa Clara U23,18,GK,0,0,0,0,0,0,0,23.53,17,F,,
2024/25,Liga Revelação U23,Heloine Correia,Estrela Amadora U23,19,GK,0,0,0,0,0,0,0,36.27,13,E,,
2024/25,Liga Revelação U23,Ž. Vitorovic,Estoril U23,19,GK,0,0,0,0,0,0,0,26.47,16,F,,
2024/25,Liga Revelação U23,Francisco Silva,Sporting CP U23,19,GK,0,0,0,0,0,0,0,69.12,4,A,,
2024/25,Liga Revelação U23,Guilherme Pires,Sporting CP U23,20,GK,0,0,0,0,0,0,0,74.51,2,S,,
2024/25,Liga Revelação U23,Thiago Pereira,Vizela U23,20,GK,0,0,0,0,0,0,0,54.41,9,C,,
2024/25,Liga Revelação U23,S. Bjerre,Torreense U23,20,GK,0,0,0,0,0,0,0,78.43,1,S,,
2024/25,Liga Revelação U23,Diogo Dias,Estoril U23,21,GK,0,0,0,0,0,0,0,63.73,5,B,,
2024/25,Liga Revelação U23,João Teopisto,Leixões U23,21,GK,0,0,0,0,0,0,0,30.39,15,E,,
2024/25,Liga Revelação U23,F. Gerth,Academico Viseu U23,21,GK,0,0,0,0,0,0,0,48.04,11,C,,
2024/25,Liga Revelação U23,A. Picornell,Gil Vicente U23,21,GK,0,0,0,0,0,0,0,56.37,8,C,,
2024/25,Liga Revelação U23,Guilherme Christino,Mafra U23,22,GK,0,0,0,0,0,0,0,58.82,7,B,,
2024/25,Liga Revelação U23,M. Gudžulić,Estrela Amadora U23,22,GK,0,0,0,0,0,0,0,46.08,12,C,,
2024/25,Liga Revelação U23,Gabriel Cabral,Famalicão U23,22,GK,0,0,0,0,0,0,0,72.55,3,A,,
2024/25,Liga Revelação U23,Kauan Firmino,Farense U23,23,GK,0,0,0,0,0,0,0,62.75,6,B,,
2023/24,Liga Portugal,António Silva,Benfica,20,CB,67.61,47.37,58.33,62.37,65.34,48.74,73.48,0,13,A,,
2023/24,Liga Portugal,O. Diomandé,Sporting CP,20,CB,82.77,60.94,71.86,59.09,59.09,38.38,77.08,0,11,A,,
2023/24,Liga Portugal,Alemão,Portimonense,21,CB,52.46,45.28,46.75,49.24,25.38,72.22,53.22,0,32,B,,
2023/24,Liga Portugal,S. Saatçı,SC Braga,21,CB,38.26,50.33,45.56,54.04,40.53,76.39,66.29,0,16,B,2500000,
2023/24,Liga Portugal,Gonçalo Inácio,Sporting CP,22,CB,51.52,50.68,55.41,70.71,83.33,30.56,58.14,0,31,B,,
2023/24,Liga Portugal,Manu,Vitória SC,22,CB,78.98,32.4,51.95,29.29,58.71,62.5,30.87,0,34,C,,
2023/24,Liga Portugal,Bruno Rodrigues,Chaves,22,CB,26.14,32.4,31.17,36.62,25,35.61,55.3,0,63,E,,
2023/24,Liga Portugal,Otávio,Porto,22,CB,62.12,57.65,60.61,57.83,67.99,67.42,49.81,0,6,A,,12000000
2023/24,Liga Portugal,Eduardo Quaresma,Sporting CP,22,CB,53.41,46.28,46.75,62.63,61.93,49.49,65.53,0,28,B,,
2023/24,Liga Portugal,Jota Gonçalves,Vizela,23,CB,24.62,32.4,39.07,57.07,58.52,56.69,39.58,0,45,C,,
2023/24,Liga Portugal,Bernardo Vital,Estoril,23,CB,40.72,32.4,47.08,66.92,45.83,46.84,50.38,0,44,C,600000,
2023/24,Liga Portugal,S. Niakaté,SC Braga,24,CB,34.85,62.84,48.48,45.96,51.89,43.31,68.37,0,37,C,,
2023/24,Liga Portugal,Pedro Álvaro,Estoril,24,CB,38.83,63.21,43.83,36.36,33.71,32.32,32.77,0,59,D,,
2023/24,Liga Portugal,Gabriel Pereira,Gil Vicente,24,CB,81.63,54.42,70.45,59.09,33.33,58.33,50.76,0,22,B,,
2023/24,Liga Portugal,Volnei Feltes,Estoril,24,CB,38.45,73.33,58.98,72.22,58.9,43.43,35.61,0,33,C,,
2023/24,Liga Portugal,Filipe Relvas,Portimonense,24,CB,63.83,80.16,68.51,70.96,40.53,62.5,66.1,0,4,A,,
2023/24,Liga Portugal,J. De Haas,Famalicão,24,CB,66.67,43.4,51.84,38.38,62.12,44.82,33.52,0,42,C,,
2023/24,Liga Portugal,Miguel Nóbrega,Rio Ave,24,CB,59.85,51.85,74.03,86.87,61.55,55.68,66.29,0,3,A,,
2023/24,Liga Portugal,Riccieli,Famalicão,25,CB,42.8,32.4,24.46,15.4,36.74,47.73,43.56,0,60,D,,
2023/24,Liga Portugal,Tomás Ribeiro,Vitória SC,25,CB,61.55,32.4,53.46,50.76,42.8,38.76,43.75,0,50,C,,
2023/24,Liga Portugal,Javi Montero,Arouca,25,CB,44.13,66.79,48.27,63.89,70.45,52.9,44.7,0,27,B,,
2023/24,Liga Portugal,E. Mihaj,Famalicão,25,CB,27.46,32.4,27.38,26.01,58.33,63.01,35.61,0,51,C,,
2023/24,Liga Portugal,J. Omurwa,Estrela Amadora,25,CB,30.3,32.4,42.21,56.82,63.07,71.21,70.08,0,18,B,,
2023/24,Liga Portugal,D. Tchamba,Casa Pia AC,25,CB,79.17,65.73,64.61,41.41,30.68,47.47,48.48,0,35,C,,
2023/24,Liga Portugal,R. Pantalon,Rio Ave,26,CB,49.81,32.4,36.58,41.92,38.64,32.2,26.14,0,62,E,,
2023/24,Liga Portugal,T. Borevković,Vitória SC,26,CB,53.22,45.28,47.19,25,29.17,44.82,43.75,0,56,D,,
2023/24,Liga Portugal,Kialonda Gaspar,Estrela Amadora,26,CB,64.77,50.36,71,72.73,45.83,76.52,67.05,0,2,S,,
2023/24,Liga Portugal,Patrick William,Rio Ave,26,CB,35.98,67.82,67.53,86.11,76.52,35.61,62.69,0,20,B,,
2023/24,Liga Portugal,Zé Pedro,Porto,26,CB,81.44,46.28,70.35,76.26,83.14,30.05,74.62,0,9,A,,
2023/24,Liga Portugal,C. Awaziem,Boavista,27,CB,36.55,48.06,33.33,27.78,55.49,55.43,44.89,0,47,C,500000,
2023/24,Liga Portugal,João Basso,Estoril,27,CB,79.17,32.4,77.06,87.63,72.73,27.9,58.52,0,25,B,2500000,
2023/24,Liga Portugal,Jorge Fernandes,Vitória SC,27,CB,42.42,44.78,54.11,79.8,35.98,63.76,78.6,0,14,A,,
2023/24,Liga Portugal,Joao Escoval,Vizela,27,CB,44.51,45.28,65.15,78.54,52.27,48.36,70.83,0,24,B,,
2023/24,Liga Portugal,Bruno Wilson,Vizela,27,CB,57.58,44.58,53.57,46.97,73.11,43.69,27.65,0,41,C,,
2023/24,Liga Portugal,Pedrão,Portimonense,27,CB,61.55,57.65,59.74,66.16,64.77,48.23,62.31,0,15,B,1300000,
2023/24,Liga Portugal,J. Pius,Chaves,28,CB,18.18,51.85,57.58,89.39,43.94,63.26,67.05,0,19,B,,200000
2023/24,Liga Portugal,João Nunes,Casa Pia AC,28,CB,63.64,45.28,62.55,68.94,61.74,54.8,52.46,0,17,B,,
2023/24,Liga Portugal,Ygor Nogueira,Chaves,29,CB,35.42,32.4,37.34,38.64,22.35,70.2,58.33,0,43,C,300000,
2023/24,Liga Portugal,Carlos Ponck,Moreirense,29,CB,39.39,38.57,35.28,28.54,46.97,70.45,55.68,0,36,C,500000,
2023/24,Liga Portugal,Anderson,Vizela,29,CB,36.36,45.28,38.53,27.27,42.05,51.14,27.08,0,57,D,,
2023/24,Liga Portugal,Matheus Reis,Sporting CP,29,CB,37.12,96.88,72.51,93.69,86.55,21.09,48.67,0,23,B,,
2023/24,Liga Portugal,N. Zolotić,Casa Pia AC,30,CB,42.99,41.54,41.02,51.77,36.36,58.84,56.82,0,38,C,,
2023/24,Liga Portugal,Maracás,Moreirense,30,CB,70.83,32.4,50,45.2,35.23,47.22,63.64,0,39,C,,
2023/24,Liga Portugal,Z. Muscat,Farense,30,CB,79.17,43.4,45.56,21.46,32.58,56.44,31.63,0,49,C,,
2023/24,Liga Portugal,Fábio Cardoso,Porto,30,CB,78.6,74.32,74.68,65.4,86.17,34.85,48.3,0,10,A,,
2023/24,Liga Portugal,R. Abascal,Boavista,30,CB,66.1,56.93,58.23,46.46,54.92,59.6,45.08,0,26,B,,
2023/24,Liga Portugal,Mansur,Estrela Amadora,31,CB,32.01,71.29,63.1,83.84,66.29,51.26,58.33,0,12,A,,
2023/24,Liga Portugal,Paulo Oliveira,SC Braga,32,CB,17.05,50.33,22.62,28.79,63.26,58.96,31.06,0,52,C,,
2023/24,Liga Portugal,N. Galović,Arouca,32,CB,23.3,51.85,18.94,11.87,50,33.33,45.08,0,64,E,,
2023/24,Liga Portugal,Josué Sá,Rio Ave,32,CB,18.37,67.5,58.66,91.67,61.17,52.9,79.17,0,7,A,,
2023/24,Liga Portugal,E. Mangala,Estoril,33,CB,59.66,32.4,28.57,11.36,31.44,17.05,12.88,0,66,F,,
2023/24,Liga Portugal,Gonçalo Silva,Farense,33,CB,48.48,44.78,35.61,26.52,44.32,60.23,41.48,0,46,C,,
2023/24,Liga Portugal,S. Coates,Sporting CP,33,CB,92.42,58.38,62.23,40.15,57.2,61.11,64.39,0,5,A,0,
2023/24,Liga Portugal,V. Sasso,Boavista,33,CB,93.75,56.39,77.71,51.77,23.48,61.99,45.64,0,21,B,,
2023/24,Liga Portugal,Rúben Lima,Estrela Amadora,34,CB,12.12,77.35,50.54,76.52,49.24,24.49,34.66,0,55,D,,
2023/24,Liga Portugal,Marcelo,Moreirense,34,CB,65.91,53.91,38.85,20.96,37.69,76.01,45.45,0,30,B,,
2023/24,Liga Portugal,Igor Rossi,Farense,35,CB,23.3,32.4,24.35,24.49,33.52,42.68,55.11,0,61,D,,
2023/24,Liga Portugal,Aderllan Santos,Rio Ave,35,CB,64.02,50.36,39.39,10.86,43.56,81.82,43.18,0,29,B,,
2023/24,Liga Portugal,N. Otamendi,Benfica,36,CB,77.65,69.84,77.6,72.73,52.27,62.88,85.04,0,1,S,,
2023/24,Liga Portugal,Fernando Varela,Casa Pia AC,36,CB,12.12,60.94,21.43,19.7,29.73,40.03,27.27,0,65,E,,
2023/24,Liga Portugal,Miguel Lopes,Estrela Amadora,37,CB,36.74,72.64,50.32,44.95,38.26,51.39,30.87,0,48,C,,
2023/24,Liga Portugal,S. Vitória,Chaves,37,CB,72.54,32.4,44.59,17.42,23.48,47.47,39.39,0,58,D,,
2023/24,Liga Portugal,Vasco Fernandes,Chaves,37,CB,22.54,37.48,35.17,50.76,23.86,53.28,52.46,0,54,D,,
2023/24,Liga Portugal,Rúben Fernandes,Gil Vicente,38,CB,49.81,60.98,47.84,37.12,48.11,39.65,32.77,0,53,C,,
2023/24,Liga Portugal,José Fonte,SC Braga,40,CB,35.98,45.28,44.48,41.67,66.29,49.75,46.21,0,40,C,0,
2023/24,Liga Portugal,Pepe,Porto,41,CB,69.32,70.28,68.07,51.26,94.51,42.93,48.48,0,8,A,0,
2023/24,Liga Portugal,Rodrigo Gomes,Estoril,20,FB & WB,94.2,73.18,86.1,77.08,29.46,36.76,64.51,0,9,B,,
2023/24,Liga Portugal,Guga,Portimonense,20,FB & WB,57.37,29.66,38.52,27.38,18.53,54.02,32.37,0,51,E,500000,
2023/24,Liga Portugal,Wagner Pina,Estoril,21,FB & WB,45.76,40.9,41.33,36.61,16.96,59.82,56.03,0,40,D,,
2023/24,Liga Portugal,Leonardo Buta,Gil Vicente,21,FB & WB,17.19,31.45,33.67,59.82,39.51,68.6,80.58,0,27,C,,
2023/24,Liga Portugal,J. Mendes,SC Braga,21,FB & WB,27.9,87.88,60.84,85.12,62.95,61.61,75,0,3,B,,
2023/24,Liga Portugal,Miguel Maga,Vitória SC,21,FB & WB,39.51,16.27,27.42,15.48,49.55,40.48,37.95,0,53,F,,
2023/24,Liga Portugal,Nathan,Famalicão,22,FB & WB,20.31,25.24,39.67,69.64,31.03,49.85,70.98,0,35,D,,
2023/24,Liga Portugal,Morato,Benfica,22,FB & WB,41.29,57.06,36.86,24.7,65.85,61.16,53.79,0,31,D,11000000,
2023/24,Liga Portugal,Pedro Malheiro,Boavista,23,FB & WB,60.94,39.48,47.7,38.99,44.42,40.77,31.03,0,42,D,2650000,
2023/24,Liga Portugal,Geny Catamo,Sporting CP,23,FB & WB,95.54,80.75,79.72,66.96,37.95,22.17,52.01,0,21,C,,
2023/24,Liga Portugal,Dinis Pinto,Moreirense,23,FB & WB,19.42,62.38,19.13,19.94,27.68,38.84,38.62,0,54,F,,
2023/24,Liga Portugal,Fábio Ronaldo,Rio Ave,23,FB & WB,68.08,67.35,63.27,48.21,39.29,36.31,63.17,0,26,C,,
2023/24,Liga Portugal,Hevertton Santos,Estrela Amadora,23,FB & WB,38.62,57.34,34.06,11.9,52.68,50.3,26.79,0,48,E,,
2023/24,Liga Portugal,Weverson,Arouca,23,FB & WB,47.77,31.1,39.41,46.43,54.46,70.83,69.42,0,25,C,,
2023/24,Liga Portugal,Matheus Pereira,Vizela,23,FB & WB,88.17,41.86,79.46,86.31,39.96,38.24,50,0,15,C,500000,
2023/24,Liga Portugal,Tiago Araújo,Estoril,23,FB & WB,72.99,41.31,78.19,82.44,59.6,32.74,69.2,0,11,B,1300000,
2023/24,Liga Portugal,Sandro Cruz,Chaves,23,FB & WB,53.79,27.52,31.63,24.4,37.28,75.89,43.97,0,39,D,,
2023/24,Liga Portugal,Gonçalo Costa,Portimonense,24,FB & WB,45.76,62.1,63.27,72.62,52.01,60.12,69.2,0,12,B,200000,
2023/24,Liga Portugal,Víctor Gómez,SC Braga,24,FB & WB,28.57,57.68,53.57,65.77,88.17,71.13,58.71,0,8,B,,
2023/24,Liga Portugal,Fabiano,Moreirense,24,FB & WB,40.62,44.79,36.61,42.56,67.19,35.27,31.47,0,44,E,,700000
2023/24,Liga Portugal,Pastor,Farense,24,FB & WB,17.86,38.06,26.79,39.88,22.1,53.72,50.89,0,50,E,,
2023/24,Liga Portugal,Costinha,Rio Ave,24,FB & WB,66.96,79.56,71.17,75.6,50.67,74.4,54.46,0,2,B,,
2023/24,Liga Portugal,Leonardo Lelo,Casa Pia AC,24,FB & WB,47.77,34.12,44.77,39.58,43.3,40.77,39.51,0,45,E,,
2023/24,Liga Portugal,Benny,Chaves,24,FB & WB,65.62,72.29,73.72,70.24,40.4,10.86,37.05,0,32,D,,
2023/24,Liga Portugal,João Mário,Porto,24,FB & WB,75.22,42.8,79.72,92.26,78.79,29.61,66.07,0,5,B,,
2023/24,Liga Portugal,Tomás Silva,Vizela,24,FB & WB,37.28,67.6,55.61,63.99,49.33,65.18,53.35,0,22,C,,
2023/24,Liga Portugal,Francisco Moura,Famalicão,24,FB & WB,51.56,68.41,58.55,58.63,77.68,43.01,53.35,0,19,C,5000000,
2023/24,Liga Portugal,G. Frimpong,Moreirense,25,FB & WB,57.37,66.26,39.29,27.08,46.21,52.83,37.05,0,37,D,,
2023/24,Liga Portugal,Zé Carlos,Gil Vicente,25,FB & WB,46.88,46.62,32.53,29.17,47.77,62.65,50.89,0,36,D,,
2023/24,Liga Portugal,Igor Formiga,Portimonense,25,FB & WB,47.32,45.69,48.34,70.24,36.61,77.68,69.64,0,17,C,,
2023/24,Liga Portugal,O. Lebedenko,Vizela,25,FB & WB,73.21,45.27,57.4,50.89,46.21,64.88,65.62,0,18,C,,
2023/24,Liga Portugal,B. Onyemaechi,Boavista,25,FB & WB,49.33,54.71,70.66,80.95,34.15,59.67,75.89,0,10,B,,
2023/24,Liga Portugal,Alex Pinto,Gil Vicente,25,FB & WB,26.12,26.68,38.65,49.11,42.19,64.29,64.29,0,34,D,,
2023/24,Liga Portugal,Pedro Amador,Moreirense,25,FB & WB,17.86,68.75,43.11,67.26,51.56,43.3,59.38,0,28,C,,
2023/24,Liga Portugal,Talys,Farense,25,FB & WB,21.21,32.34,38.01,48.51,37.72,57.14,33.48,0,46,E,,
2023/24,Liga Portugal,Gaizka Larrazabal,Casa Pia AC,26,FB & WB,60.94,26.09,57.4,66.96,34.38,43.9,58.26,0,30,C,,
2023/24,Liga Portugal,Bruno Langa,Chaves,26,FB & WB,54.24,26.68,55.99,64.88,68.75,62.2,64.06,0,16,C,1200000,
2023/24,Liga Portugal,Ricardo Mangas,Vitória SC,26,FB & WB,72.54,61.25,68.88,60.42,28.57,39.73,67.63,0,23,C,,
2023/24,Liga Portugal,A. Bah,Benfica,26,FB & WB,84.6,71.57,65.43,45.54,52.9,74.26,56.92,0,6,B,,
2023/24,Liga Portugal,B. Milovanov,Arouca,26,FB & WB,19.87,19.24,21.94,25.89,40.4,60.27,16.52,0,55,F,,
2023/24,Liga Portugal,João Correia,Chaves,27,FB & WB,83.48,37.1,83.29,88.69,17.63,29.02,56.92,0,24,C,200000,
2023/24,Liga Portugal,Martín Aguirregabiria,Famalicão,28,FB & WB,18.3,33.17,32.27,44.64,72.77,42.41,45.54,0,41,D,,
2023/24,Liga Portugal,M. Seck,Portimonense,28,FB & WB,23.21,23.34,27.81,38.1,35.04,58.33,40.18,0,49,E,,
2023/24,Liga Portugal,F. Aursnes,Benfica,28,FB & WB,81.47,81.64,75.38,63.69,83.04,36.61,56.25,0,4,B,,
2023/24,Liga Portugal,Tiago Esgaio,Arouca,28,FB & WB,72.54,55,40.94,18.45,65.85,89.88,55.36,0,20,C,,
2023/24,Liga Portugal,Nuno Santos,Sporting CP,29,FB & WB,89.96,94.63,79.59,55.06,87.5,25.45,29.24,0,14,B,,
2023/24,Liga Portugal,Wendell,Porto,30,FB & WB,86.61,60.68,78.95,83.93,84.82,71.28,94.2,0,1,S,0,
2023/24,Liga Portugal,Jean Felipe,Estrela Amadora,30,FB & WB,65.85,71.03,48.21,15.77,72.1,35.12,24.78,0,38,D,,
2023/24,Liga Portugal,Ricardo Esgaio,Sporting CP,31,FB & WB,45.31,84.38,51.53,36.31,80.13,49.55,14.96,0,29,C,,
2023/24,Liga Portugal,Carraça,Chaves,31,FB & WB,29.91,40.97,35.33,22.02,43.97,38.54,26.56,0,52,F,,
2023/24,Liga Portugal,Bruno Gaspar,Vitória SC,31,FB & WB,78.79,74.38,68.75,58.04,79.46,49.26,48.44,0,7,B,,
2023/24,Liga Portugal,C. Borja,SC Braga,31,FB & WB,46.43,72.75,58.8,64.29,85.27,40.92,66.07,0,13,B,0,
2023/24,Liga Portugal,João Reis,Estrela Amadora,32,FB & WB,18.53,26.09,17.73,23.51,63.17,72.62,51.34,0,43,D,,
2023/24,Liga Portugal,Salvador Agra,Boavista,32,FB & WB,70.54,70.03,67.35,56.85,49.11,17.86,27.23,0,33,D,,
2023/24,Liga Portugal,Filipe Ferreira,Boavista,33,FB & WB,18.53,14.18,15.56,17.86,53.12,44.35,29.91,0,56,F,,
2023/24,Liga Portugal,Talocha,Farense,34,FB & WB,22.99,41.29,30.1,33.33,32.81,63.54,33.93,0,47,E,0,
2023/24,Liga Portugal,Mateus Fernandes,Estoril,19,MF,37.01,56.42,62.75,89.54,73.53,44.44,74.02,0,10,B,15000000,
2023/24,Liga Portugal,João Neves,Benfica,19,MF,75.25,53.8,70.59,71.9,81.37,66.99,58.33,0,3,A,65920000,
2023/24,Liga Portugal,Dário Essugo,Chaves,19,MF,14.22,38.24,27.31,45.75,26.72,78.43,74.02,0,35,D,,
2023/24,Liga Portugal,Martim Neto,Gil Vicente,21,MF,33.33,54.5,58.12,74.51,53.43,36.44,69.85,0,20,C,,
2023/24,Liga Portugal,Diogo Nascimento,Vizela,21,MF,41.18,75.27,62.32,69.93,67.4,8.99,36.76,0,23,C,,2000000
2023/24,Liga Portugal,A. Varela,Porto,22,MF,49.51,67.51,49.16,39.54,66.42,60.13,31.62,0,21,C,,
2023/24,Liga Portugal,Beni,Casa Pia AC,22,MF,12.25,46.54,26.33,46.08,36.27,49.02,67.65,0,42,E,,
2023/24,Liga Portugal,Nico González,Porto,22,MF,79.17,64.68,65.69,45.75,52.94,54.58,43.14,0,17,C,,
2023/24,Liga Portugal,O. Kökçü,Benfica,23,MF,94.61,87.79,92.3,87.58,86.27,18.63,56.37,0,2,A,,
2023/24,Liga Portugal,Tomás Händel,Vitória SC,23,MF,53.43,46.61,57.56,64.71,33.58,34.8,64.95,0,28,D,,
2023/24,Liga Portugal,M. Gbane,Gil Vicente,23,MF,52.7,18.8,37.25,29.74,24.75,64.71,48.77,0,44,E,,
2023/24,Liga Portugal,Vinícius Zanocelo,Estoril,23,MF,58.33,27.99,41.6,31.37,39.22,34.8,38.24,0,46,E,,
2023/24,Liga Portugal,Pedro Santos,Arouca,23,MF,48.53,53.59,59.38,78.43,88.24,42.81,66.67,0,9,B,,
2023/24,Liga Portugal,F. Cáseres,Farense,23,MF,9.31,17.86,7.7,6.54,18.38,76.47,42.65,0,51,F,,
2023/24,Liga Portugal,M. Topić,Famalicão,23,MF,26.96,30.6,42.02,57.84,42.65,58.5,86.27,0,25,D,,1000000
2023/24,Liga Portugal,Gonçalo Franco,Moreirense,23,MF,51.96,62.47,47.48,37.91,33.33,54.9,43.87,0,33,D,2100000,
2023/24,Liga Portugal,Pedro Ortiz,Vizela,23,MF,18.14,29.77,24.51,28.76,46.32,66.5,47.3,0,43,E,,
2023/24,Liga Portugal,Pablo Roberto,Casa Pia AC,24,MF,75.98,84.52,84.31,86.93,54.66,15.36,52.45,0,11,B,,
2023/24,Liga Portugal,J. Holsgrove,Estoril,24,MF,54.9,80.05,54.9,52.61,77.94,68.95,47.79,0,8,B,,
2023/24,Liga Portugal,M. Hjulmand,Sporting CP,24,MF,69.61,46.28,39.92,21.9,58.33,55.23,27.21,0,32,D,,
2023/24,Liga Portugal,Rodrigo Zalazar,SC Braga,24,MF,95.59,88.77,99.44,99.99,84.8,50,70.83,0,1,S,,
2023/24,Liga Portugal,Florentino,Benfica,24,MF,38.24,33.22,28.01,15.36,82.35,86.93,48.04,0,22,C,,
2023/24,Liga Portugal,Z. Youssouf,Famalicão,24,MF,43.14,43.02,53.78,60.13,44.61,47.06,62.25,0,24,C,,
2023/24,Liga Portugal,Daniel Bragança,Sporting CP,24,MF,93.63,93.14,83.89,73.86,54.41,35.95,57.6,0,5,B,,
2023/24,Liga Portugal,K. Nwakali,Chaves,25,MF,24.75,74.03,47.06,54.9,58.58,25.98,60.05,0,29,D,,250000
2023/24,Liga Portugal,L. Ofori,Moreirense,25,MF,25.49,30.6,41.32,68.3,57.6,18.79,56.37,0,38,D,,
2023/24,Liga Portugal,I. Vukotić,Boavista,25,MF,61.52,32.89,49.44,47.71,34.31,42.48,45.1,0,36,D,,500000
2023/24,Liga Portugal,Lucas Ventura,Portimonense,26,MF,36.52,29.62,25.21,17.97,3.68,69.28,37.5,0,50,F,,
2023/24,Liga Portugal,E. Kouassi,Arouca,26,MF,26.96,26.03,24.65,14.38,45.83,61.11,37.99,0,47,E,,
2023/24,Liga Portugal,Guga,Rio Ave,26,MF,66.67,53.66,80.11,86.27,35.29,38.07,72.79,0,15,C,,
2023/24,Liga Portugal,G. Makouta,Boavista,26,MF,71.81,44.95,73.81,90.52,28.68,43.14,85.29,0,13,C,,
2023/24,Liga Portugal,Vitor Carvalho,SC Braga,27,MF,64.46,34.2,40.34,30.39,49.26,58.66,38.97,0,34,D,,
2023/24,Liga Portugal,Stephen Eustáquio,Porto,27,MF,80.64,63.94,65.13,40.85,48.53,78.76,47.79,0,12,C,,
2023/24,Liga Portugal,Léo Cordeiro,Estrela Amadora,28,MF,68.38,26.35,51.54,44.44,26.96,38.89,56.86,0,40,D,,
2023/24,Liga Portugal,Guima,Chaves,28,MF,21.08,46.94,33.61,38.56,38.73,64.22,49.51,0,37,D,,
2023/24,Liga Portugal,Samu,Vizela,28,MF,72.55,63.45,76.33,67.32,64.71,59.64,53.68,0,6,B,,
2023/24,Liga Portugal,Aloísio Souza,Estrela Amadora,28,MF,25.49,51.69,22.55,14.38,48.53,60.29,33.33,0,45,E,,
2023/24,Liga Portugal,João Graça,Rio Ave,29,MF,33.82,27.99,60.5,86.93,44.85,32.52,55.39,0,26,D,,
2023/24,Liga Portugal,Cláudio Falcão,Farense,29,MF,78.68,35.51,46.08,20.26,26.96,63.4,33.33,0,39,D,,
2023/24,Liga Portugal,Raphael Guzzo,Chaves,29,MF,81.86,37.79,78.71,72.55,31.13,48.69,45.59,0,19,C,,
2023/24,Liga Portugal,Mattheus Oliveira,Farense,29,MF,80.39,66.87,76.61,59.48,34.56,55.23,47.06,0,16,C,,
2023/24,Liga Portugal,H. Morita,Sporting CP,29,MF,78.92,81.66,66.81,44.77,73.77,67.65,62.01,0,4,B,,
2023/24,Liga Portugal,A. Oudrhiri,Rio Ave,31,MF,37.99,25.08,18.07,16.99,49.75,34.8,39.22,0,49,F,,
2023/24,Liga Portugal,S. Pérez,Boavista,31,MF,24.02,25.08,22.83,22.22,58.58,70.26,34.31,0,41,E,,
2023/24,Liga Portugal,Tiago Silva,Vitória SC,31,MF,47.3,90.55,57,65.36,76.47,24.18,33.33,0,18,C,,
2023/24,Liga Portugal,Neto,Casa Pia AC,32,MF,26.72,23.09,20.73,14.71,56.62,50,17.89,0,48,F,,
2023/24,Liga Portugal,Dener,Portimonense,32,MF,63.24,40.74,47.62,35.29,48.53,50.16,46.32,0,30,D,,
2023/24,Liga Portugal,Fabrício Isidoro,Farense,32,MF,79.66,40.68,66.67,64.38,11.52,44.77,39.46,0,31,D,,
2023/24,Liga Portugal,David Simão,Arouca,34,MF,12.75,79.62,29.13,34.31,74.75,58.99,33.82,0,27,D,,
2023/24,Liga Portugal,Pedro Tiba,Gil Vicente,35,MF,49.02,70.77,56.3,73.2,58.33,50.98,59.56,0,14,C,,
2023/24,Liga Portugal,João Moutinho,SC Braga,37,MF,32.35,74.74,45.52,56.86,85.54,78.43,60.78,0,7,B,,
2023/24,Liga Portugal,Gustavo Sá,Famalicão,19,AM & W,37.05,64.99,37.14,24.24,57.73,85,54.32,0,23,C,,
2023/24,Liga Portugal,Tiago Morais,Boavista,20,AM & W,72.95,54.67,70.13,72.12,60.45,50,57.05,0,12,B,3000000,
2023/24,Liga Portugal,Francisco Conceicão,Porto,21,AM & W,69.55,79.12,87.92,88.48,74.09,56.52,67.73,0,2,S,32000000,
2023/24,Liga Portugal,M. Belloumi,Farense,21,AM & W,64.77,37.51,50,48.79,45,78.94,54.32,0,19,C,5500000,
2023/24,Liga Portugal,M. Lacava,Vizela,21,AM & W,13.18,67.11,43.51,58.79,42.05,60.91,48.41,0,28,C,,
2023/24,Liga Portugal,T. Touré,Gil Vicente,21,AM & W,61.36,31.55,65.97,70.91,22.73,40,57.27,0,27,C,,
2023/24,Liga Portugal,João Marques,Estoril,22,AM & W,46.59,44.02,30.52,28.18,50.45,81.82,58.41,0,33,D,3500000,
2023/24,Liga Portugal,Hélio Varela,Portimonense,22,AM & W,50.23,34.7,66.1,90.91,19.77,46.52,73.64,0,18,C,3150000,
2023/24,Liga Portugal,S. Jasper,Portimonense,22,AM & W,32.95,29.26,47.27,73.94,12.5,35.61,48.64,0,45,E,,
2023/24,Liga Portugal,Félix Correia,Gil Vicente,23,AM & W,52.27,45.36,51.3,56.06,74.32,76.21,60.23,0,15,C,,
2023/24,Liga Portugal,Ronald,Estrela Amadora,23,AM & W,18.64,33.02,37.27,54.55,25,36.21,54.55,0,48,E,,
2023/24,Liga Portugal,R. N'do,Estrela Amadora,23,AM & W,40.23,38.97,49.48,56.67,56.59,49.7,43.41,0,32,D,,
2023/24,Liga Portugal,K. Fujimoto,Gil Vicente,24,AM & W,29.77,39.75,17.01,11.82,52.27,59.7,52.05,0,50,E,,
2023/24,Liga Portugal,Nuno Moreira,Casa Pia AC,24,AM & W,38.18,40.15,32.47,17.58,65.23,70.91,37.73,0,41,D,,
2023/24,Liga Portugal,Alan,Moreirense,24,AM & W,21.36,54.72,26.49,19.09,66.36,25.45,24.32,0,51,E,,
2023/24,Liga Portugal,Jota Silva,Vitória SC,24,AM & W,80,50.46,71.69,69.7,29.55,67.88,60.45,0,13,B,,
2023/24,Liga Portugal,Chiquinho,Famalicão,24,AM & W,69.09,44.23,63.77,57.58,4.55,71.67,49.09,0,25,C,,
2023/24,Liga Portugal,Madson,Moreirense,24,AM & W,72.73,20.73,70.65,84.85,27.27,37.27,59.55,0,20,C,,
2023/24,Liga Portugal,Álvaro Djaló,SC Braga,24,AM & W,82.5,81.62,80.13,70.3,38.18,73.18,62.27,0,6,A,15000000,
2023/24,Liga Portugal,Francisco Trincão,Sporting CP,24,AM & W,83.18,85.22,79.22,72.73,66.59,46.97,74.55,0,4,A,,
2023/24,Liga Portugal,Elves Baldé,Farense,24,AM & W,17.5,50.9,49.87,79.09,33.64,54.85,63.86,0,26,C,,
2023/24,Liga Portugal,K. Kodisang,Moreirense,24,AM & W,35,39.41,47.14,56.97,32.27,38.94,55.45,0,39,D,2500000,
2023/24,Liga Portugal,Leandro Sanca,Chaves,24,AM & W,25.45,20.6,52.08,75.76,28.86,42.73,50.91,0,40,D,,
2023/24,Liga Portugal,M. Edwards,Sporting CP,25,AM & W,70.68,84.32,79.35,78.79,55.45,19.09,61.59,0,9,B,,
2023/24,Liga Portugal,Miguel Reisinho,Boavista,25,AM & W,29.32,13.93,4.81,1.82,45.91,81.82,29.09,0,54,F,,
2023/24,Liga Portugal,Alberto Soro,Vizela,25,AM & W,78.64,40.02,49.09,24.24,53.86,39.85,27.73,0,38,D,,
2023/24,Liga Portugal,J. Rodríguez,Famalicão,25,AM & W,12.05,56.19,40.13,62.42,18.18,58.64,65,0,37,D,2000000,
2023/24,Liga Portugal,Nuno Santos,Vitória SC,25,AM & W,43.86,71.96,47.01,38.18,87.73,44.55,22.05,0,21,C,,
2023/24,Liga Portugal,Pedro Gonçalves,Sporting CP,25,AM & W,83.41,87.88,67.66,37.88,68.18,67.73,57.5,0,8,B,,
2023/24,Liga Portugal,R. Guitane,Estoril,25,AM & W,39.77,42.53,54.29,75.76,60.68,22.73,69.32,0,22,C,,250000
2023/24,Liga Portugal,Léo Jabá,Estrela Amadora,25,AM & W,60,69.66,72.73,82.12,42.73,42.58,65.23,0,11,B,,
2023/24,Liga Portugal,M. Sylla,Arouca,25,AM & W,17.27,51.52,24.29,30,82.73,67.88,45.45,0,35,D,,
2023/24,Liga Portugal,Galeno,Porto,26,AM & W,79.32,68.05,80.13,77.88,38.18,77.88,93.41,0,3,A,,
2023/24,Liga Portugal,Bruno Lourenço,Boavista,26,AM & W,38.64,22.27,17.27,16.06,29.32,43.33,31.59,0,55,F,,
2023/24,Liga Portugal,Heriberto Tavares,Estoril,27,AM & W,42.05,27.7,53.12,67.88,32.73,26.06,51.36,0,42,D,,
2023/24,Liga Portugal,Pepê,Porto,27,AM & W,42.73,49.03,44.68,46.67,81.36,63.48,66.36,0,16,C,,
2023/24,Liga Portugal,Y. Soma,Casa Pia AC,27,AM & W,56.82,30.01,45.45,58.18,25.91,18.48,50.45,0,46,E,,
2023/24,Liga Portugal,David Neres,Benfica,27,AM & W,87.5,96.76,93.12,92.73,57.95,56.52,78.18,0,1,S,28000000,
2023/24,Liga Portugal,Joca,Rio Ave,28,AM & W,48.41,20.9,28.18,26.67,51.82,49.85,47.27,0,47,E,,
2023/24,Liga Portugal,Rafael Barbosa,Farense,28,AM & W,17.73,28.2,23.12,29.7,50.91,53.18,19.32,0,52,E,,
2023/24,Liga Portugal,M. Dominguez,Gil Vicente,28,AM & W,45.23,47.93,31.3,20,75.68,75.15,33.18,0,34,D,,
2023/24,Liga Portugal,Jason,Arouca,29,AM & W,54.55,61.32,56.23,49.39,48.64,31.97,32.95,0,31,C,,
2023/24,Liga Portugal,Ricardo Horta,SC Braga,29,AM & W,79.09,73.48,54.29,20,86.82,52.42,18.18,0,17,C,,
2023/24,Liga Portugal,João Mendes,Vitória SC,29,AM & W,79.09,69.05,71.95,61.21,67.05,48.48,41.14,0,10,B,,
2023/24,Liga Portugal,Bruma,SC Braga,29,AM & W,77.05,60.91,67.27,53.64,67.27,33.48,60.68,0,14,B,,
2023/24,Liga Portugal,Murilo,Gil Vicente,29,AM & W,39.55,58.8,41.04,38.18,24.77,50.76,42.27,0,43,D,,
2023/24,Liga Portugal,Carlinhos,Portimonense,30,AM & W,36.82,53.03,28.7,26.06,72.27,33.33,43.64,0,44,D,,
2023/24,Liga Portugal,João Camacho,Moreirense,30,AM & W,43.41,42.18,52.21,67.27,33.64,52.12,72.73,0,24,C,,
2023/24,Liga Portugal,Paulinho,Sporting CP,31,AM & W,99.32,41.02,55.06,16.36,46.36,51.06,50,0,29,C,7750000,
2023/24,Liga Portugal,João Mário,Benfica,31,AM & W,42.5,27.96,39.61,44.85,77.73,54.39,60.91,0,30,C,3000000,
2023/24,Liga Portugal,Rafa Silva,Benfica,31,AM & W,95,83.51,84.03,68.79,59.77,28.79,67.05,0,7,A,0,
2023/24,Liga Portugal,Pizzi,SC Braga,34,AM & W,35.91,79.88,36.23,18.79,87.05,37.88,14.32,0,36,D,,
2023/24,Liga Portugal,Marco Matias,Farense,35,AM & W,28.86,40.6,34.42,31.21,25.91,57.12,36.14,0,49,E,,
2023/24,Liga Portugal,Á. Di María,Benfica,36,AM & W,71.59,89.18,79.48,71.52,93.18,37.42,51.36,0,5,A,,
2023/24,Liga Portugal,Rúben Ribeiro,Chaves,36,AM & W,9.32,22.14,16.62,26.67,64.77,35,26.36,0,53,F,,
2023/24,Liga Portugal,Luís Asué,Moreirense,22,CF,7.14,50.53,40.31,61.31,62.05,84.82,76.34,0,13,C,,
2023/24,Liga Portugal,André Luiz,Estrela Amadora,22,CF,47.32,35.52,71.68,95.24,52.68,78.87,93.75,0,3,B,,
2023/24,Liga Portugal,Alejandro Marqués,Estoril,23,CF,62.05,21.83,30.61,10.12,11.61,32.14,17.41,0,28,F,,
2023/24,Liga Portugal,Paulo Victor,Chaves,23,CF,15.18,58,51.53,78.57,53.57,83.63,66.07,0,10,C,,
2023/24,Liga Portugal,R. Boženík,Boavista,24,CF,44.64,44.3,45.66,43.45,50.45,52.38,48.66,0,18,D,,
2023/24,Liga Portugal,Evanilson,Porto,24,CF,80.36,73.66,75.51,66.07,79.46,61.9,67.86,0,2,A,37000000,
2023/24,Liga Portugal,Abel Ruiz,SC Braga,24,CF,43.75,58.48,51.02,56.55,55.8,28.57,48.21,0,16,D,9000000,
2023/24,Liga Portugal,Rafa Mújica,Arouca,25,CF,81.25,60.52,71.94,54.17,50.89,51.19,58.48,0,7,B,10000000,
2023/24,Liga Portugal,Clayton,Casa Pia AC,25,CF,49.11,37.3,51.79,62.5,69.64,27.38,40.18,0,15,D,,
2023/24,Liga Portugal,Kikas,Estrela Amadora,25,CF,49.11,60.52,64.29,75.6,47.32,25.3,52.68,0,12,C,,
2023/24,Liga Portugal,A. Yakubu,Rio Ave,25,CF,38.84,62.3,37.76,41.67,37.05,37.8,30.8,0,24,E,,
2023/24,Liga Portugal,Felippe Cardoso,Casa Pia AC,25,CF,43.75,28.97,42.35,44.05,44.64,47.02,53.57,0,19,D,,
2023/24,Liga Portugal,S. Essende,Vizela,26,CF,71.88,26.15,50.51,38.69,11.61,26.19,38.39,0,23,E,4000000,
2023/24,Liga Portugal,Ronaldo Tavares,Estrela Amadora,26,CF,41.96,35.52,67.09,91.67,63.84,48.81,83.04,0,8,B,,
2023/24,Liga Portugal,V. Gyökeres,Sporting CP,26,CF,96.43,89.75,97.45,98.81,68.75,40.77,81.25,0,1,S,,
2023/24,Liga Portugal,Cristo González,Arouca,26,CF,47.32,91.33,74.74,87.5,82.14,37.2,63.84,0,4,B,6000000,
2023/24,Liga Portugal,Arthur Cabral,Benfica,26,CF,66.96,54.9,70.15,65.48,36.61,66.37,65.18,0,6,B,,
2023/24,Liga Portugal,R. Carrillo,Portimonense,27,CF,33.04,39.68,25.26,10.12,49.11,59.52,19.64,0,26,F,,
2023/24,Liga Portugal,André Silva,Vitória SC,27,CF,67.86,54.57,63.27,52.98,89.29,53.87,37.5,0,9,C,,
2023/24,Liga Portugal,S. Banza,SC Braga,27,CF,96.43,54.57,56.12,22.02,43.3,40.18,29.91,0,14,C,,
2023/24,Liga Portugal,Héctor Hernández,Chaves,28,CF,41.07,30.76,18.88,11.9,51.79,41.37,32.14,0,27,F,,
2023/24,Liga Portugal,E. Boateng,Rio Ave,28,CF,56.25,49.6,49.74,44.64,45.98,41.37,49.55,0,17,D,,
2023/24,Liga Portugal,J. Cádiz,Famalicão,28,CF,62.5,26.93,42.86,32.14,42.41,39.88,39.29,0,21,E,,
2023/24,Liga Portugal,Bruno Duarte,Farense,28,CF,45.54,50.4,52.81,76.19,78.12,55.36,44.64,0,11,C,2000000,
2023/24,Liga Portugal,Jô,Chaves,29,CF,21.88,63.49,33.67,29.76,12.5,58.63,44.2,0,25,E,,
2023/24,Liga Portugal,André Luis,Moreirense,30,CF,35.27,50.99,23.47,22.62,46.43,73.51,60.71,0,22,E,,
2023/24,Liga Portugal,M. Taremi,Porto,31,CF,49.11,81.89,54.85,54.76,91.07,82.74,69.2,0,5,B,0,
2023/24,Liga Portugal,Cassiano,Estoril,35,CF,54.02,57.54,34.69,21.43,21.88,73.21,37.5,0,20,D,100000,
2023/24,Liga Portugal,Andrew,Gil Vicente,22,GK,0,0,0,0,0,0,0,47.92,12,C,,
2023/24,Liga Portugal,A. Trubin,Benfica,22,GK,0,0,0,0,0,0,0,68.33,4,A,,
2023/24,Liga Portugal,Luiz Júnior,Famalicão,23,GK,0,0,0,0,0,0,0,74.17,2,S,12000000,
2023/24,Liga Portugal,João Gonçalves,Boavista,23,GK,0,0,0,0,0,0,0,31.67,18,E,,
2023/24,Liga Portugal,Diogo Costa,Porto,24,GK,0,0,0,0,0,0,0,66.67,5,A,,
2023/24,Liga Portugal,Ricardo Velho,Farense,25,GK,0,0,0,0,0,0,0,72.08,3,S,,
2023/24,Liga Portugal,Hugo Souza,Chaves,25,GK,0,0,0,0,0,0,0,44.17,13,C,,200000
2023/24,Liga Portugal,Daniel Figueira,Estoril,25,GK,0,0,0,0,0,0,0,20.83,20,F,,
2023/24,Liga Portugal,F. Buntić,Vizela,27,GK,0,0,0,0,0,0,0,27.5,19,E,350000,
2023/24,Liga Portugal,I. De Arruabarrena,Arouca,27,GK,0,0,0,0,0,0,0,58.33,8,B,,
2023/24,Liga Portugal,Bruno Varela,Vitória SC,29,GK,0,0,0,0,0,0,0,58.33,9,B,,
2023/24,Liga Portugal,Kewin,Moreirense,29,GK,0,0,0,0,0,0,0,63.33,6,A,,
2023/24,Liga Portugal,K. Nakamura,Portimonense,29,GK,0,0,0,0,0,0,0,43.75,15,C,,
2023/24,Liga Portugal,Vinícius,Portimonense,30,GK,0,0,0,0,0,0,0,34.17,17,E,,
2023/24,Liga Portugal,Matheus,SC Braga,32,GK,0,0,0,0,0,0,0,44.17,14,C,,
2023/24,Liga Portugal,Jhonatan,Rio Ave,33,GK,0,0,0,0,0,0,0,76.25,1,S,,
2023/24,Liga Portugal,Bruno Brígido,Estrela Amadora,33,GK,0,0,0,0,0,0,0,49.17,11,C,,
2023/24,Liga Portugal,Marcelo Carné,Estoril,34,GK,0,0,0,0,0,0,0,62.5,7,A,,
2023/24,Liga Portugal,Antonio Adán,Sporting CP,37,GK,0,0,0,0,0,0,0,39.17,16,D,0,
2023/24,Liga Portugal,Ricardo Batista,Casa Pia AC,37,GK,0,0,0,0,0,0,0,50.83,10,C,,
2023/24,Liga 2,M. Elimbi,Torreense,20,CB,12.05,31.55,44.77,87.5,57.14,27.98,75.89,0,38,D,500000,
2023/24,Liga 2,Gabriel Brás,Porto B,20,CB,68.75,45.11,50.38,33.33,59.6,37.05,29.91,0,44,D,,
2023/24,Liga 2,Rafael Silva,Leixões,21,CB,23.88,52.98,64.8,97.02,54.02,37.05,71.43,0,25,C,700000,
2023/24,Liga 2,Paulo Vitor,Nacional,22,CB,38.62,55.1,46.56,38.99,66.29,63.99,57.81,0,19,B,,
2023/24,Liga 2,G. Marques,Benfica B,22,CB,58.04,66.82,57.4,44.94,50,56.99,53.12,0,20,B,,1500000
2023/24,Liga 2,A. Bajrami,Benfica B,22,CB,52.23,31.55,51.02,69.64,60.71,31.55,55.8,0,35,C,,
2023/24,Liga 2,Guilherme Soares,UD Oliveirense,23,CB,46.43,42.56,41.45,39.58,36.61,68.45,62.05,0,28,C,,
2023/24,Liga 2,Arthur Chaves,Académico de Viseu F.C.,23,CB,86.83,54.53,65.69,51.79,34.82,67.26,66.29,0,8,A,6000000,
2023/24,Liga 2,Cláudio Silva,Feirense,23,CB,51.34,73.9,78.32,89.29,65.62,40.18,67.86,0,7,A,,
2023/24,Liga 2,T. Shimaga,Feirense,24,CB,12.5,42.56,26.28,32.74,13.39,74.4,68.97,0,37,D,,
2023/24,Liga 2,Vasco Oliveira,União de Leiria,24,CB,73.21,64.88,70.79,68.45,85.27,35.12,47.77,0,13,B,,
2023/24,Liga 2,João Goulart,Mafra,24,CB,16.07,42.56,43.75,68.75,56.25,63.69,69.2,0,21,B,,
2023/24,Liga 2,Romain Correia,Porto B,24,CB,60.04,47.47,59.31,61.61,91.74,45.39,67.86,0,11,A,,
2023/24,Liga 2,Ulisses,Nacional,24,CB,45.31,53.72,57.4,63.69,39.29,44.79,48.88,0,32,C,,
2023/24,Liga 2,Clayton,AVS (Vilafranquense),24,CB,21.65,36.46,37.76,58.33,54.46,70.54,62.5,0,24,B,1200000,
2023/24,Liga 2,Erivaldo Almeida,Marítimo,24,CB,65.18,75.3,68.37,59.82,67.41,61.46,70.54,0,3,S,,
2023/24,Liga 2,Iago Fabricio,UD Oliveirense,24,CB,16.96,31.55,24.49,33.63,38.39,39.58,31.03,0,53,F,,
2023/24,Liga 2,D. Collard,Marítimo,24,CB,50.89,58.96,35.84,14.88,50,59.67,47.1,0,33,C,,
2023/24,Liga 2,Guilherme Oliveira,Feirense,24,CB,55.36,63.99,46.43,33.63,47.99,78.72,40.62,0,16,B,,
2023/24,Liga 2,Pedro Ganchas,Paços de Ferreira,24,CB,70.31,41.32,54.21,55.36,19.2,37.95,46.88,0,46,D,400000,
2023/24,Liga 2,Anthony Correia,AVS (Vilafranquense),24,CB,47.1,80.76,47.96,41.07,70.76,41.67,30.36,0,31,C,,
2023/24,Liga 2,Duarte Valente,CF Os Belenenses,24,CB,34.15,48.55,54.72,70.24,51.34,45.83,48.21,0,30,C,,
2023/24,Liga 2,Diogo Brito,Penafiel,24,CB,54.46,31.55,39.41,18.45,15.18,34.97,22.77,0,54,F,,
2023/24,Liga 2,K. John,UD Oliveirense,25,CB,53.57,31.55,34.82,32.44,40.18,67.71,44.87,0,34,C,,
2023/24,Liga 2,E. Ferigra,Paços de Ferreira,25,CB,50,31.55,45.15,47.62,70.31,63.24,65.18,0,17,B,,
2023/24,Liga 2,Rodrigo Borges,Marítimo,25,CB,97.32,31.55,72.45,64.58,49.11,47.02,45.54,0,22,B,,
2023/24,Liga 2,Léo Bolgado,Leixões,25,CB,60.27,55.66,54.97,51.19,58.93,64.29,70.54,0,9,A,500000,
2023/24,Liga 2,André Serra,CF Os Belenenses,25,CB,79.24,48.81,57.78,37.2,32.37,78.12,41.96,0,15,B,,
2023/24,Liga 2,João Batista,Vilaverdense,26,CB,41.74,62.75,45.15,45.54,49.33,35.42,50.67,0,41,D,,
2023/24,Liga 2,Rúben Pereira,Penafiel,26,CB,68.75,58.58,48.72,17.26,20.54,78.27,45.09,0,27,C,,
2023/24,Liga 2,Filipe Almeida,Feirense,26,CB,55.36,42.56,69.39,86.01,69.2,65.62,44.87,0,6,A,,
2023/24,Liga 2,Zé Pedro,Porto B,26,CB,54.46,31.55,50.26,67.26,72.77,62.8,51.12,0,14,B,,
2023/24,Liga 2,Leandro Teixeira,Penafiel,26,CB,14.29,79.47,40.69,49.11,61.83,41.67,38.62,0,39,D,,
2023/24,Liga 2,Pedro Pacheco,Santa Clara,27,CB,85.94,66.29,76.15,66.96,68.75,49.85,78.12,0,2,S,,
2023/24,Liga 2,Sidney Lima,Santa Clara,27,CB,45.76,69.05,59.95,73.21,37.05,55.95,61.61,0,18,B,,
2023/24,Liga 2,Gustavo França,Tondela,27,CB,56.25,31.55,40.18,17.86,37.05,46.28,19.42,0,51,E,,
2023/24,Liga 2,Pedro Barcelos,Mafra,28,CB,38.62,31.55,52.17,69.35,77.68,81.4,64.73,0,5,A,,
2023/24,Liga 2,V. Lystsov,União de Leiria,28,CB,22.99,69.35,40.82,46.43,63.39,30.06,47.77,0,45,D,,
2023/24,Liga 2,Matheus Costa,Marítimo,29,CB,91.74,52.98,83.55,68.45,66.74,61.31,79.02,0,1,S,,
2023/24,Liga 2,André Almeida,Académico de Viseu F.C.,29,CB,87.05,50,44.9,7.44,36.16,79.46,41.07,0,23,B,,
2023/24,Liga 2,Danrlei,Leixões,29,CB,76.34,60.57,72.45,67.86,48.88,55.8,54.46,0,12,B,,
2023/24,Liga 2,C. Nduwarugira,Académico de Viseu F.C.,29,CB,33.04,71.43,41.07,29.46,34.82,18.15,14.96,0,55,F,,
2023/24,Liga 2,Tiago Ferreira,União de Leiria,30,CB,76.12,51.29,56.51,54.46,39.73,11.61,42.41,0,48,E,,
2023/24,Liga 2,C. Akas,CF Os Belenenses,30,CB,42.63,55.66,47.07,48.21,27.68,50.3,43.97,0,40,D,,
2023/24,Liga 2,João Miguel,Penafiel,30,CB,18.75,36.46,22.32,26.19,27.01,50.89,33.93,0,52,E,,
2023/24,Liga 2,Laércio Morais,Vilaverdense,31,CB,62.05,50.4,44.9,44.64,33.71,50.15,69.87,0,29,C,,
2023/24,Liga 2,Renê Santos,Marítimo,32,CB,53.35,71.73,69.01,73.21,62.28,47.77,66.96,0,10,A,,
2023/24,Liga 2,Ricardo Alves,Tondela,33,CB,62.72,60.57,65.05,77.38,79.02,57.44,68.3,0,4,A,,
2023/24,Liga 2,Rui Correia,CF Os Belenenses,33,CB,33.04,51.19,29.72,24.4,52.68,62.8,27.01,0,43,D,,
2023/24,Liga 2,A. Ba,Tondela,33,CB,78.35,42.92,45.03,16.37,22.77,57.74,40.18,0,42,D,,
2023/24,Liga 2,João Afonso,Torreense,34,CB,65.62,41.32,48.98,46.13,37.95,48.36,43.53,0,36,C,,
2023/24,Liga 2,Marco Baixinho,União de Leiria,34,CB,14.29,31.55,28.44,46.43,61.61,42.86,35.71,0,49,E,,
2023/24,Liga 2,Joãozinho,Torreense,34,CB,13.84,55.66,49.36,71.73,63.84,20.24,34.15,0,47,E,,
2023/24,Liga 2,Bura,União de Leiria,35,CB,83.48,48.81,56.76,32.14,67.41,51.93,33.48,0,26,C,,
2023/24,Liga 2,Luís Rocha,Santa Clara,37,CB,52.9,65.43,40.69,23.51,29.24,28.42,40.62,0,50,E,,
2023/24,Liga 2,Martim Fernandes,Porto B,18,FB & WB,74.18,43.53,77.17,77.05,52.66,81.83,78.69,0,2,S,,
2023/24,Liga 2,O. Diao,Mafra,19,FB & WB,60.86,25.62,31.97,20.49,70.08,72.81,58.4,0,33,C,3000000,
2023/24,Liga 2,Dudu,Feirense,20,FB & WB,90.16,69.58,80.56,63.93,49.18,15.03,45.08,0,21,B,,
2023/24,Liga 2,P. Texel,Mafra,20,FB & WB,22.75,25.77,19.44,14.48,38.52,35.25,16.6,0,61,F,,
2023/24,Liga 2,V. Bak Jensen,Mafra,20,FB & WB,21.52,18.67,14.64,12.02,62.91,70.9,36.68,0,55,D,,
2023/24,Liga 2,João Tomé,Benfica B,21,FB & WB,27.46,81.42,51.29,60.38,66.8,24.18,44.26,0,38,C,,
2023/24,Liga 2,Pedro Carvalho,CF Os Belenenses,21,FB & WB,81.15,60.63,76.11,82.51,28.69,21.31,56.76,0,18,B,,
2023/24,Liga 2,Rodrigo Pinheiro,Porto B,21,FB & WB,80.94,75.3,76.11,71.58,51.02,52.73,77.05,0,6,A,,
2023/24,Liga 2,Gonçalo Negrão,UD Oliveirense,21,FB & WB,54.71,47.45,50.82,70.77,34.22,49.18,48.98,0,31,C,,
2023/24,Liga 2,Tiago Almeida,Tondela,22,FB & WB,31.97,50.57,28.22,22.68,44.47,31.69,46.11,0,58,E,,
2023/24,Liga 2,Rafael Rodrigues,Benfica B,22,FB & WB,57.38,46.69,39.81,32.79,70.9,51.23,41.39,0,42,C,,
2023/24,Liga 2,André Lopes,Mafra,22,FB & WB,48.57,31.78,57.73,63.39,82.79,27.19,31.15,0,40,C,,
2023/24,Liga 2,E. Maviram,Vilaverdense,23,FB & WB,44.06,47.54,36.42,36.34,72.54,61.61,66.19,0,26,C,,
2023/24,Liga 2,Simão Rocha,Paços de Ferreira,23,FB & WB,48.16,71.4,66.98,71.04,53.69,69.95,89.34,0,4,S,,
2023/24,Liga 2,Picas,Feirense,23,FB & WB,63.32,21.67,72.6,88.52,30.74,36.2,68.03,0,22,B,,
2023/24,Liga 2,Paulite,Leixões,23,FB & WB,95.08,42.77,82.32,78.14,21.11,15.85,52.46,0,28,C,,
2023/24,Liga 2,Jójó,Paços de Ferreira,23,FB & WB,82.17,46.06,64.05,55.74,49.18,73.91,63.11,0,9,A,,
2023/24,Liga 2,João Pinto,Académico de Viseu F.C.,23,FB & WB,31.97,39.16,26.81,6.01,76.64,58.06,31.56,0,49,D,,
2023/24,Liga 2,Tiago Gonçalves,CF Os Belenenses,23,FB & WB,33.81,61.56,60.19,74.32,29.1,27.32,54.92,0,43,C,,
2023/24,Liga 2,Mt,Santa Clara,23,FB & WB,56.76,75.71,73.3,75.41,34.22,27.87,59.43,0,17,B,,
2023/24,Liga 2,João Mendes,Porto B,24,FB & WB,64.34,84.34,72.13,75.68,73.16,44.4,71.93,0,5,S,,
2023/24,Liga 2,Valdir Júnior,União de Leiria,24,FB & WB,85.86,57.46,60.66,31.69,22.34,36.2,27.05,0,48,D,,
2023/24,Liga 2,Kazu,UD Oliveirense,24,FB & WB,44.47,21.67,52.46,66.67,51.02,36.48,66.6,0,37,C,,
2023/24,Liga 2,Vasco Gadelho,UD Oliveirense,24,FB & WB,27.25,44.35,35.6,50.27,29.71,38.8,29.1,0,56,E,,
2023/24,Liga 2,Tiago Manso,CF Os Belenenses,24,FB & WB,45.49,72.45,57.73,57.38,29.71,48.77,47.13,0,34,C,,
2023/24,Liga 2,Z. Ouattara,União de Leiria,24,FB & WB,62.5,55.81,56.44,66.12,51.43,33.61,61.27,0,25,B,,
2023/24,Liga 2,Aldair,Paços de Ferreira,24,FB & WB,82.99,60.47,89.7,95.63,74.18,31.42,63.11,0,3,S,,
2023/24,Liga 2,Keffel,Torreense,24,FB & WB,50.61,51.41,62.3,83.33,53.07,33.88,56.35,0,16,B,150000,
2023/24,Liga 2,Lucas Barros,Tondela,24,FB & WB,19.47,18.67,43.33,81.69,28.07,66.26,79.3,0,30,C,,
2023/24,Liga 2,Léo Alaba,AVS (Vilafranquense),24,FB & WB,36.27,57.1,39.58,33.88,62.09,74.59,35.66,0,36,C,,
2023/24,Liga 2,Miguel Maga,Penafiel,25,FB & WB,21.93,60.74,28.1,22.4,28.07,58.33,28.28,0,57,E,,
2023/24,Liga 2,Zé Ricardo,AVS (Vilafranquense),25,FB & WB,50.61,36.68,42.62,45.36,26.64,70.08,58.61,0,41,C,,
2023/24,Liga 2,Armando Lopes,Vilaverdense,25,FB & WB,41.6,41.07,39.23,35.52,54.1,77.05,38.52,0,39,C,,
2023/24,Liga 2,Diogo Casimiro,UD Oliveirense,25,FB & WB,23.77,55.55,23.07,12.02,31.56,68.99,27.05,0,59,E,,
2023/24,Liga 2,Tomás Domingos,Marítimo,25,FB & WB,41.19,76.26,52.46,49.18,51.02,49.45,50.82,0,27,C,,
2023/24,Liga 2,Andre Martins Sousa,Nacional,26,FB & WB,17.42,61.77,19.79,19.13,51.23,62.57,22.34,0,54,D,,
2023/24,Liga 2,Lucas Soares,Santa Clara,26,FB & WB,47.75,54.33,49.3,41.26,44.26,39.62,47.54,0,45,C,,200000
2023/24,Liga 2,João Silva,Penafiel,26,FB & WB,77.46,47.9,63.93,38.25,59.22,47.81,57.79,0,20,B,,
2023/24,Liga 2,Pedro Empis,União de Leiria,27,FB & WB,78.28,70.49,69.44,55.74,57.38,40.16,35.45,0,14,B,,
2023/24,Liga 2,Sérgio Conceição,Feirense,27,FB & WB,74.18,76.32,73.65,66.39,40.78,28.55,42.42,0,23,B,,
2023/24,Liga 2,Paulo Henrique,Santa Clara,27,FB & WB,77.66,30.14,51.29,33.88,43.24,35.52,48.36,0,46,C,,
2023/24,Liga 2,Fernando Fonseca,AVS (Vilafranquense),27,FB & WB,14.55,21.67,24.94,42.35,64.55,62.84,52.66,0,47,D,,
2023/24,Liga 2,Igor Milioransa,Académico de Viseu F.C.,27,FB & WB,22.34,53.73,40.05,63.11,57.38,64.21,75.61,0,13,B,,
2023/24,Liga 2,José Gomes,Nacional,27,FB & WB,87.91,65.19,78.45,67.49,37.91,59.84,71.52,0,8,A,,
2023/24,Liga 2,Simãozinho,Leixões,28,FB & WB,68.24,67.3,72.01,70.77,59.84,42.08,51.02,0,10,B,,
2023/24,Liga 2,Henrique Gomes,Académico de Viseu F.C.,28,FB & WB,19.06,42.05,23.3,25.14,78.69,90.98,57.17,0,29,C,,
2023/24,Liga 2,Miguel Bandarra,Académico de Viseu F.C.,28,FB & WB,26.84,77.3,36.77,36.07,71.11,70.22,52.25,0,24,B,,
2023/24,Liga 2,Igor Julião,Marítimo,29,FB & WB,76.43,55.55,57.26,40.16,31.76,51.5,49.8,0,35,C,,
2023/24,Liga 2,Vítor Costa,Marítimo,29,FB & WB,33.81,54.75,39.7,43.72,79.92,81.01,65.98,0,11,B,,
2023/24,Liga 2,Carlos Freitas,Vilaverdense,30,FB & WB,18.24,26,13.93,16.39,76.23,67.08,30.33,0,53,D,,
2023/24,Liga 2,Rafael Viegas,Vilaverdense,30,FB & WB,23.77,40.8,42.15,62.84,17.21,27.32,55.53,0,52,D,,
2023/24,Liga 2,Fábio China,Marítimo,31,FB & WB,23.57,30.14,27.87,37.16,39.14,48.22,55.94,0,51,D,,
2023/24,Liga 2,Bruno Silva,Feirense,31,FB & WB,77.46,37.67,39.93,11.75,33.4,74.45,42.42,0,44,C,,
2023/24,Liga 2,João Amorim,Leixões,31,FB & WB,33.4,31.72,34.31,34.97,47.34,26.64,38.11,0,60,E,,
2023/24,Liga 2,Nuno Campos,Torreense,31,FB & WB,64.34,58.4,70.14,78.14,73.98,54.78,62.3,0,7,A,,
2023/24,Liga 2,Edson Farias,AVS (Vilafranquense),32,FB & WB,89.14,70.85,84.78,80.05,63.52,65.85,59.63,0,1,S,,
2023/24,Liga 2,Paulinho,Leixões,32,FB & WB,37.7,53.03,42.97,43.44,16.19,50.27,31.35,0,50,D,,
2023/24,Liga 2,Gui Ferreira,Mafra,33,FB & WB,74.59,44.3,53.75,31.69,86.27,57.92,38.52,0,19,B,,
2023/24,Liga 2,Bebeto,Tondela,34,FB & WB,17.83,61.42,42.15,60.66,64.34,69.95,61.89,0,12,B,,
2023/24,Liga 2,João Aurélio,Nacional,35,FB & WB,50,71.61,49.53,48.63,52.25,71.17,43.03,0,15,B,,
2023/24,Liga 2,Antunes,Paços de Ferreira,37,FB & WB,62.7,18.67,56.67,66.39,67.21,37.02,44.06,0,32,C,,
2023/24,Liga 2,P. Bravo,Mafra,19,MF,12.5,26.09,20.02,34.7,25.2,85.52,64.55,0,53,D,,
2023/24,Liga 2,Rafael Luís,Benfica B,19,MF,31.76,70.01,49.41,56.83,88.93,31.83,31.76,0,25,B,,
2023/24,Liga 2,Diogo Prioste,Benfica B,20,MF,35.86,50.75,44.38,62.02,75,42.62,41.6,0,28,C,,
2023/24,Liga 2,Nuno Félix,Benfica B,20,MF,84.84,49.33,69.67,63.11,57.17,61.48,66.8,0,7,A,,
2023/24,Liga 2,Ž. Jevšenak,Benfica B,21,MF,35.25,28.47,9.25,6.28,59.43,61.34,41.19,0,58,E,700000,
2023/24,Liga 2,D. D'avilla,União de Leiria,21,MF,24.59,23.69,43.68,68.85,58.4,40.16,62.5,0,38,C,,
2023/24,Liga 2,J. Gorby,Paços de Ferreira,21,MF,73.77,46.75,77.87,89.62,45.08,42.35,73.36,0,11,A,,
2023/24,Liga 2,Matchoi Djaló,Paços de Ferreira,21,MF,93.03,73.96,97.31,93.72,49.59,14.34,57.58,0,6,A,,
2023/24,Liga 2,Schürrle,UD Oliveirense,22,MF,73.98,48.77,65.46,53.01,55.12,44.95,48.16,0,20,B,,
2023/24,Liga 2,Henrique Jocú,Feirense,22,MF,67.42,24.18,35.95,20.22,52.05,63.93,39.75,0,44,C,,
2023/24,Liga 2,M. Sako,Vilaverdense,22,MF,57.99,23.69,39.58,31.42,20.9,62.43,33.81,0,56,D,,
2023/24,Liga 2,S. Koné,Académico de Viseu F.C.,22,MF,52.66,64.84,53.75,48.36,31.97,72.4,70.49,0,19,B,,
2023/24,Liga 2,Bernardo Folha,Porto B,22,MF,55.12,67.05,65.46,75.41,75.2,39.48,68.44,0,8,A,,
2023/24,Liga 2,Rodrigo Fernandes,Porto B,23,MF,18.24,84.83,41.33,50.27,75.41,44.95,48.77,0,27,C,,
2023/24,Liga 2,S. Messeguem,Académico de Viseu F.C.,23,MF,41.39,60.02,45.9,46.72,23.98,62.7,56.76,0,39,C,,
2023/24,Liga 2,Braima Sambú,Porto B,23,MF,11.27,38.64,20.02,36.34,67.62,53.42,35.04,0,52,D,130000,
2023/24,Liga 2,Adriano Firmino,Santa Clara,24,MF,32.58,48.32,44.15,52.73,33.4,29.51,51.23,0,54,D,,
2023/24,Liga 2,Serginho,Santa Clara,24,MF,65.37,82.02,77.28,84.97,69.88,27.32,62.3,0,4,A,,250000
2023/24,Liga 2,Klismahn,Santa Clara,24,MF,60.66,83.79,76.11,84.15,29.92,43.72,72.95,0,13,A,,300000
2023/24,Liga 2,Diogo Batista,Penafiel,24,MF,48.57,68.22,58.67,54.1,71.31,38.52,68.24,0,17,B,,
2023/24,Liga 2,Rafael Freitas,Leixões,24,MF,23.98,90.52,52.93,69.67,84.22,70.63,67.62,0,2,S,,
2023/24,Liga 2,Danny Tavares,CF Os Belenenses,24,MF,34.02,45.54,58.67,84.7,45.9,47.13,57.79,0,23,B,,
2023/24,Liga 2,C. Kouakou,Mafra,24,MF,22.95,45.54,50,79.23,64.75,35.93,58.61,0,29,C,,
2023/24,Liga 2,Lénio Neves,Vilaverdense,24,MF,67.21,51.79,69.67,64.48,36.68,44.26,51.02,0,26,C,,
2023/24,Liga 2,V. Danilović,Nacional,24,MF,80.33,59.72,63.93,52.46,81.15,58.88,53.07,0,3,A,,
2023/24,Liga 2,S. Sithole,Tondela,25,MF,83.2,72.21,70.84,66.39,51.84,42.21,58.61,0,12,A,,
2023/24,Liga 2,Welton,Paços de Ferreira,25,MF,74.59,76.57,90.4,97.27,38.73,11.61,53.69,0,14,B,,
2023/24,Liga 2,G. Romano,CF Os Belenenses,25,MF,48.77,86.77,45.67,26.23,57.58,25.27,15.37,0,47,D,,
2023/24,Liga 2,I. Guirassy,Marítimo,25,MF,54.71,23.69,43.91,39.62,29.3,68.17,58.4,0,41,C,,
2023/24,Liga 2,Miguel Sousa,Mafra,25,MF,86.48,86.23,90.52,94.81,73.36,27.05,62.09,0,1,S,,
2023/24,Liga 2,Luís Esteves,Nacional,26,MF,67.21,78.28,72.13,66.67,81.15,19.54,31.97,0,15,B,,
2023/24,Liga 2,Bernardo Martins,AVS (Vilafranquense),26,MF,86.07,78.34,85.36,76.23,62.5,23.91,47.34,0,10,A,,
2023/24,Liga 2,Marcos Silva,União de Leiria,26,MF,75.2,41.83,72.6,66.39,54.92,41.12,54.1,0,18,B,,
2023/24,Liga 2,Paulinho,Leixões,26,MF,30.94,50.6,46.02,49.18,18.65,70.9,57.17,0,40,C,,
2023/24,Liga 2,Pedro Ferreira,Santa Clara,26,MF,61.27,56.5,48.59,41.53,29.3,72.68,54.51,0,32,C,,
2023/24,Liga 2,Diogo Mendes,Marítimo,26,MF,71.52,45.55,47.19,39.62,28.89,47.54,55.94,0,43,C,200000,
2023/24,Liga 2,Jorge Pereira,Feirense,26,MF,44.06,28.46,34.31,37.7,50.2,73.36,61.89,0,36,C,,
2023/24,Liga 2,Cícero Alves,Tondela,27,MF,23.16,33.52,23.89,24.59,44.06,70.22,55.74,0,50,D,,
2023/24,Liga 2,J. Balanta,Torreense,27,MF,26.64,35.16,41.33,60.38,62.7,13.8,45.29,0,51,D,,
2023/24,Liga 2,Yannick Semedo,Santa Clara,28,MF,44.88,66.05,54.22,65.03,85.86,52.87,72.54,0,5,A,,
2023/24,Liga 2,Sori Mané,Académico de Viseu F.C.,28,MF,32.58,38.95,35.25,27.05,52.66,38.52,36.27,0,57,D,,
2023/24,Liga 2,Neneco,Torreense,28,MF,76.84,27.47,61.12,54.92,21.52,79.37,60.66,0,22,B,,
2023/24,Liga 2,Reko,Penafiel,28,MF,60.04,58.88,68.38,65.57,44.88,33.06,46.31,0,30,C,,
2023/24,Liga 2,André Ceitil,Tondela,29,MF,67.83,28.46,53.98,48.36,23.16,76.64,64.55,0,31,C,,
2023/24,Liga 2,Filipe Cardoso,Penafiel,29,MF,34.02,23.69,20.84,22.95,34.02,57.51,47.34,0,59,E,,
2023/24,Liga 2,Hélio Cruz,CF Os Belenenses,30,MF,22.34,23.69,27.52,34.15,26.84,30.6,37.3,0,60,F,,
2023/24,Liga 2,Jonatan Lucca,AVS (Vilafranquense),30,MF,80.74,60.34,62.06,37.7,35.04,67.76,41.8,0,24,B,,
2023/24,Liga 2,Leandro Silva,União de Leiria,30,MF,46.72,83.23,47.89,41.26,85.45,17.62,21.52,0,35,C,,
2023/24,Liga 2,Luís Silva,AVS (Vilafranquense),31,MF,65.57,54.56,61.12,39.34,46.31,52.46,35.45,0,34,C,,
2023/24,Liga 2,Filipe Alves,UD Oliveirense,32,MF,68.44,40.08,37.59,11.2,56.35,45.9,32.79,0,49,D,,
2023/24,Liga 2,João Oliveira,Penafiel,32,MF,97.95,41.2,83.49,78.96,35.04,55.33,67.01,0,9,A,,
2023/24,Liga 2,André Sousa,Nacional,33,MF,69.67,89.91,56.21,40.71,65.78,42.08,20.29,0,21,B,,
2023/24,Liga 2,Cuca,União de Leiria,33,MF,45.9,18.77,17.56,9.56,36.27,36.07,13.93,0,61,F,,
2023/24,Liga 2,Diogo Amado,União de Leiria,34,MF,13.52,30.24,25.53,34.7,60.66,67.76,44.88,0,46,D,,
2023/24,Liga 2,Hélder Tavares,Tondela,34,MF,18.85,54.29,49.41,72.13,26.02,56.83,58.61,0,37,C,,
2023/24,Liga 2,H. Zagbayou,Leixões,34,MF,26.43,30.24,24.94,16.12,31.76,83.33,47.34,0,55,D,,
2023/24,Liga 2,André Simões,Leixões,34,MF,43.24,34.67,42.62,41.53,76.43,85.79,51.64,0,16,B,,
2023/24,Liga 2,Fábio Pacheco,AVS (Vilafranquense),35,MF,66.8,23.69,33.26,13.39,25.61,96.99,51.23,0,42,C,,
2023/24,Liga 2,Washington Santana,Feirense,35,MF,22.13,30.81,34.07,49.73,46.52,80.33,75,0,33,C,,
2023/24,Liga 2,Ericson,Vilaverdense,36,MF,37.91,34.03,29.16,10.66,61.48,69.13,44.26,0,45,D,,
2023/24,Liga 2,Luiz Carlos,Paços de Ferreira,39,MF,18.44,56.5,30.56,34.97,60.86,46.86,33.81,0,48,D,,
2023/24,Liga 2,Rodrigo Mora,Porto B,17,AM & W,78.73,52.77,67.42,63.45,62.28,45.47,58.11,0,10,B,,
2023/24,Liga 2,João Rêgo,Benfica B,18,AM & W,48.46,43.26,45.99,43.86,43.64,85.23,64.04,0,22,C,,
2023/24,Liga 2,A. Nibe,Mafra,20,AM & W,56.58,59.96,34.84,19.88,71.27,50.73,45.18,0,36,C,,
2023/24,Liga 2,Luan Farias,Tondela,21,AM & W,73.68,47.04,57.14,57.89,37.28,41.23,72.81,0,20,C,,
2023/24,Liga 2,Pedro Santos,Benfica B,21,AM & W,56.58,30.13,29.45,10.53,39.91,50,21.93,0,55,E,,
2023/24,Liga 2,J. Mercado,AVS (Vilafranquense),21,AM & W,58.99,56.78,72.43,83.04,24.56,55.41,82.89,0,9,B,,
2023/24,Liga 2,Vasco Sousa,Porto B,21,AM & W,42.98,34.88,30.33,21.35,69.08,70.61,45.83,0,42,D,,
2023/24,Liga 2,Gerson Sousa,Benfica B,22,AM & W,37.5,46.43,46.49,60.82,30.26,49.56,73.68,0,33,C,,
2023/24,Liga 2,Henrique Pereira,Benfica B,22,AM & W,78.51,33.03,58.4,49.12,12.72,16.37,38.16,0,50,D,,
2023/24,Liga 2,Famana Quizera,Académico de Viseu F.C.,22,AM & W,44.74,61.63,55.14,53.22,81.14,43.42,33.33,0,17,C,,
2023/24,Liga 2,Lucas Gabriel,Mafra,22,AM & W,81.36,50.01,56.27,33.33,47.59,64.18,37.5,0,23,C,,
2023/24,Liga 2,Marquinho,Académico de Viseu F.C.,22,AM & W,43.64,31.33,21.3,10.23,62.72,16.96,14.25,0,56,F,,
2023/24,Liga 2,Gui Guedes,Porto B,22,AM & W,37.72,72.12,39.72,33.63,28.07,64.91,42.11,0,40,D,,
2023/24,Liga 2,Gabriel Silva,Santa Clara,22,AM & W,79.82,67.98,78.82,62.87,16.23,27.92,58.11,0,16,C,,
2023/24,Liga 2,G. Ott,Académico de Viseu F.C.,22,AM & W,25.88,73.3,65.04,93.27,34.87,34.06,75.66,0,14,B,,
2023/24,Liga 2,Costinha,Paços de Ferreira,23,AM & W,22.15,36.24,48.62,64.91,69.52,65.06,46.49,0,26,C,,
2023/24,Liga 2,Zé Leite,UD Oliveirense,24,AM & W,36.84,48.47,61.15,79.53,48.68,72.37,71.93,0,12,B,,
2023/24,Liga 2,M. Keita,CF Os Belenenses,24,AM & W,75.44,45.59,63.91,45.91,63.16,47.95,27.19,0,21,C,,
2023/24,Liga 2,André Silva,Penafiel,24,AM & W,83.11,13.14,56.77,46.78,26.54,29.39,33.77,0,48,D,,
2023/24,Liga 2,Rúben Pina,CF Os Belenenses,24,AM & W,39.47,47.3,46.49,44.15,67.54,52.92,58.99,0,30,C,,
2023/24,Liga 2,Lucas Silva,Marítimo,24,AM & W,89.91,35.29,79.7,85.09,37.28,57.16,91.23,0,5,A,,
2023/24,Liga 2,M. Ayomide,Porto B,24,AM & W,82.02,80.38,72.68,55.85,80.26,65.2,71.71,0,3,S,,
2023/24,Liga 2,Vasco Lopes,AVS (Vilafranquense),24,AM & W,47.15,36.83,66.54,84.21,26.75,35.09,67.54,0,25,C,,
2023/24,Liga 2,Gustavo,Nacional,24,AM & W,95.61,75.19,88.6,78.36,16.67,87.43,75.44,0,2,S,,
2023/24,Liga 2,Boubacar Hanne,Vilaverdense,25,AM & W,19.96,20.75,40.35,62.87,35.31,47.51,45.61,0,51,E,,
2023/24,Liga 2,J. Van Der Gaag,União de Leiria,25,AM & W,41.67,69.75,69.3,84.8,54.39,31.58,65.35,0,11,B,,
2023/24,Liga 2,Zidane Banjaqui,Feirense,25,AM & W,33.11,45.39,25.19,13.45,58.55,75,45.39,0,46,D,,
2023/24,Liga 2,João Caiado,Vilaverdense,25,AM & W,57.46,16.07,33.83,20.18,33.55,75.29,44.52,0,53,E,,
2023/24,Liga 2,Ricardinho,Santa Clara,25,AM & W,27.19,45.34,53.01,71.64,42.54,49.42,59.87,0,31,C,,
2023/24,Liga 2,Vinícius Lopes,Santa Clara,25,AM & W,62.94,28.13,45.74,40.06,22.15,48.83,44.08,0,47,D,,
2023/24,Liga 2,Midana Sambú,CF Os Belenenses,25,AM & W,62.72,39.2,43.36,29.53,33.99,44.3,50.44,0,45,D,,
2023/24,Liga 2,Miguel Tavares,CF Os Belenenses,25,AM & W,24.12,30.55,57.52,97.08,60.96,50.58,77.19,0,15,B,,
2023/24,Liga 2,Bruno Xadas,Marítimo,26,AM & W,26.32,76.69,33.21,24.85,74.34,58.63,39.47,0,34,C,,
2023/24,Liga 2,Bruno Silva,Vilaverdense,26,AM & W,55.7,40.87,45.11,46.2,35.53,73.98,78.07,0,27,C,,
2023/24,Liga 2,Robinho,Penafiel,26,AM & W,23.68,65.4,36.47,46.2,71.93,80.99,50.88,0,18,C,,
2023/24,Liga 2,Xavi Fernandes,CF Os Belenenses,26,AM & W,7.02,33.61,12.66,12.87,63.82,42.84,17.11,0,57,F,,
2023/24,Liga 2,Leandro Antunes,União de Leiria,26,AM & W,81.14,62.85,51.63,10.23,74.34,47.66,39.25,0,28,C,,
2023/24,Liga 2,Rui Gomes,Tondela,26,AM & W,77.63,61.28,69.17,66.96,54.39,63.74,49.78,0,7,A,,
2023/24,Liga 2,B. Cipenga,Paços de Ferreira,26,AM & W,64.47,71.15,75.19,80.7,53.73,56.87,83.77,0,4,A,,
2023/24,Liga 2,André Rodrigues,Torreense,26,AM & W,63.16,24.2,46.24,38.6,69.3,73.83,59.21,0,24,C,,
2023/24,Liga 2,F. Cann,Marítimo,26,AM & W,6.58,49.52,35.34,71.35,52.41,39.18,62.72,0,39,D,,
2023/24,Liga 2,Jaime Pinto,UD Oliveirense,26,AM & W,51.32,33.03,45.11,48.54,13.82,62.13,55.7,0,43,D,,
2023/24,Liga 2,Michel,UD Oliveirense,27,AM & W,64.91,43.92,55.76,52.63,74.78,66.67,54.82,0,13,B,,
2023/24,Liga 2,Bruno Almeida,Santa Clara,27,AM & W,85.53,55.54,67.54,55.85,49.56,28.8,32.24,0,19,C,,
2023/24,Liga 2,Witi,Nacional,27,AM & W,92.11,96.32,91.98,84.21,45.61,48.54,63.16,0,1,S,,
2023/24,Liga 2,Benny,Torreense,27,AM & W,66.67,65.43,57.27,48.54,82.46,56.73,56.14,0,8,B,,
2023/24,Liga 2,Zé Pedro,UD Oliveirense,27,AM & W,26.97,61.39,50.75,64.33,60.31,23.83,46.93,0,32,C,,
2023/24,Liga 2,Yuri Araújo,Académico de Viseu F.C.,28,AM & W,35.53,52.1,45.36,46.78,19.52,31.29,44.74,0,52,E,,
2023/24,Liga 2,Rúben Alves,Feirense,29,AM & W,18.2,68.58,35.21,47.95,79.82,35.96,34.21,0,37,C,,
2023/24,Liga 2,Euller,Marítimo,29,AM & W,51.54,81.73,54.51,55.56,70.83,73.1,55.48,0,6,A,,
2023/24,Liga 2,Fabinho,Leixões,29,AM & W,36.4,55.54,33.33,26.9,68.64,70.91,29.82,0,38,D,,
2023/24,Liga 2,Costinha,Tondela,31,AM & W,41.89,68.3,30.08,23.39,69.08,62.43,37.5,0,35,C,,
2023/24,Liga 2,J. Correa,Torreense,31,AM & W,48.46,57,59.02,66.08,41.23,36.4,44.3,0,29,C,,
2023/24,Liga 2,Zé Uilton,Paços de Ferreira,31,AM & W,42.32,25.42,44.61,57.31,41.67,31.43,35.96,0,49,D,,
2023/24,Liga 2,António Xavier,Tondela,31,AM & W,4.39,76.75,34.84,46.49,47.81,19.88,18.86,0,54,E,,
2023/24,Liga 2,André Soares,Vilaverdense,34,AM & W,55.92,33.64,39.6,34.8,68.86,36.11,32.68,0,44,D,,
2023/24,Liga 2,Arsénio,União de Leiria,34,AM & W,26.1,65.48,38.47,41.81,76.75,26.9,36.84,0,41,D,,
2023/24,Liga 2,Cauê,Benfica B,21,CF,78.68,49.55,60.92,47.55,65.44,68.63,59.19,0,6,B,,
2023/24,Liga 2,Adriano Amorim,Leixões,22,CF,32.35,61.42,60.71,87.75,70.59,49.75,56.99,0,9,B,,
2023/24,Liga 2,O. Ochowechi,Feirense,22,CF,49.26,56.59,69.33,80.39,70.22,28.19,68.38,0,8,B,,
2023/24,Liga 2,Wendel,Porto B,23,CF,93.01,94.76,89.08,81.37,83.09,42.89,77.21,0,1,S,,
2023/24,Liga 2,Diogo Almeida,Mafra,23,CF,56.62,54.56,58.61,54.9,64.71,32.6,41.91,0,18,C,,
2023/24,Liga 2,B. Sangaré,UD Oliveirense,24,CF,54.04,51.14,52.73,47.55,39.71,45.34,52.94,0,21,C,,
2023/24,Liga 2,Ricardo Matos,CF Os Belenenses,24,CF,50.37,17.8,25.84,12.25,33.09,28.92,26.84,0,34,F,,
2023/24,Liga 2,Gonçalo Teixeira,Vilaverdense,24,CF,7.35,79.9,50,79.41,63.24,44.12,60.29,0,17,C,,
2023/24,Liga 2,João Marcos,Leixões,24,CF,29.04,43.78,39.92,53.92,31.25,48.28,66.91,0,25,D,,
2023/24,Liga 2,L. Vega,União de Leiria,25,CF,30.51,78.08,40.76,38.24,93.38,77.94,44.12,0,16,C,,
2023/24,Liga 2,Gabriel Barbosa,Penafiel,25,CF,76.47,39.6,41.81,11.27,29.41,56.86,36.4,0,26,D,,
2023/24,Liga 2,Mésaque Djú,Mafra,25,CF,40.44,49.77,72.06,95.59,44.85,28.43,55.51,0,13,C,,
2023/24,Liga 2,Andre Clóvis,Académico de Viseu F.C.,26,CF,72.43,27.05,47.27,23.04,13.97,26.96,17.28,0,32,E,,
2023/24,Liga 2,Jair Da Silva,União de Leiria,26,CF,42.65,55.33,69.96,94.12,59.56,47.06,76.47,0,2,B,,
2023/24,Liga 2,J. Ramírez,Nacional,26,CF,79.04,58.67,54.41,38.24,28.68,25.49,37.5,0,22,D,660000,
2023/24,Liga 2,João Paulo,UD Oliveirense,27,CF,41.91,67.2,50.84,60.78,67.28,76.47,58.82,0,10,C,,
2023/24,Liga 2,Daniel Dos Anjos,Tondela,28,CF,36.4,38.76,23.11,25.49,61.76,65.2,53.31,0,28,E,,
2023/24,Liga 2,João Paredes,Feirense,28,CF,20.22,27.83,30.46,44.12,15.07,47.3,65.44,0,33,E,,
2023/24,Liga 2,A. Carter,UD Oliveirense,29,CF,44.12,59.83,39.5,42.16,20.96,34.56,41.18,0,29,E,,
2023/24,Liga 2,Alisson Safira,Santa Clara,29,CF,74.63,36.98,53.36,35.78,60.66,73.04,42.65,0,14,C,,500000
2023/24,Liga 2,Carlos Daniel,Nacional,29,CF,51.84,83.94,59.45,64.22,67.28,68.87,56.99,0,4,B,,
2023/24,Liga 2,B. Róchez,União de Leiria,29,CF,97.79,75.07,55.04,14.22,61.76,66.67,41.54,0,11,C,,
2023/24,Liga 2,Patrick,Torreense,30,CF,41.91,60.73,61.13,74.51,61.03,73.28,76.47,0,3,B,,
2023/24,Liga 2,Adílio Santos,Penafiel,30,CF,36.76,47.7,63.45,82.35,53.31,64.22,81.25,0,7,B,,
2023/24,Liga 2,Welthon,Torreense,32,CF,64.34,44.76,58.61,62.75,35.29,28.92,46.32,0,19,C,,
2023/24,Liga 2,C. Antoine,Feirense,32,CF,61.76,68.29,69.12,70.59,44.49,50.49,67.65,0,5,B,,
2023/24,Liga 2,Avto,Leixões,32,CF,9.56,83.39,52.73,84.31,63.6,67.65,61.76,0,12,C,,
2023/24,Liga 2,Platiny,Marítimo,33,CF,51.84,37.44,45.8,50,33.09,55.39,48.53,0,23,D,,
2023/24,Liga 2,Ricardo Valente,Leixões,33,CF,58.46,17.8,55.88,60.78,54.04,64.46,61.4,0,15,C,,
2023/24,Liga 2,Rui Fonte,Paços de Ferreira,34,CF,36.4,35.81,26.68,14.22,57.72,63.73,30.51,0,30,E,,
2023/24,Liga 2,Roberto,Tondela,35,CF,72.43,28.86,39.5,24.51,65.07,49.02,36.03,0,24,D,,
2023/24,Liga 2,Hugo Firmino,Penafiel,35,CF,7.72,60.94,43.7,63.73,77.21,65.2,50,0,20,C,,
2023/24,Liga 2,Rafael Martins,Santa Clara,35,CF,60.66,28.58,40.13,15.2,40.81,32.6,29.78,0,31,E,,
2023/24,Liga 2,Nenê,AVS (Vilafranquense),40,CF,88.97,28.09,48.11,14.71,18.38,51.47,22.43,0,27,D,,
2023/24,Liga 2,Diego Callai,Feirense,19,GK,0,0,0,0,0,0,0,29.17,23,F,,
2023/24,Liga 2,André Gomes,Benfica B,19,GK,0,0,0,0,0,0,0,47.92,17,C,,
2023/24,Liga 2,Francisco Meixedo,Porto B,22,GK,0,0,0,0,0,0,0,34.03,21,E,,
2023/24,Liga 2,D. Gril,Académico de Viseu F.C.,22,GK,0,0,0,0,0,0,0,65.28,5,A,,
2023/24,Liga 2,L. Kokubo,Benfica B,23,GK,0,0,0,0,0,0,0,35.42,20,E,,
2023/24,Liga 2,Nuno Macedo,UD Oliveirense,24,GK,0,0,0,0,0,0,0,50.35,15,C,,
2023/24,Liga 2,E. Ólafsson,Mafra,24,GK,0,0,0,0,0,0,0,68.75,2,S,,
2023/24,Liga 2,Arthur Augusto,UD Oliveirense,24,GK,0,0,0,0,0,0,0,60.42,8,B,,
2023/24,Liga 2,Rogério Santos,Vilaverdense,25,GK,0,0,0,0,0,0,0,26.39,24,F,,
2023/24,Liga 2,Ricardo Silva,Tondela,25,GK,0,0,0,0,0,0,0,37.5,19,E,,
2023/24,Liga 2,Samú Silva,Marítimo,25,GK,0,0,0,0,0,0,0,54.51,10,B,,
2023/24,Liga 2,Gabriel Batista,Santa Clara,26,GK,0,0,0,0,0,0,0,52.78,13,C,,
2023/24,Liga 2,Pedro Silva,Penafiel,27,GK,0,0,0,0,0,0,0,29.51,22,F,,
2023/24,Liga 2,David Grilo,CF Os Belenenses,27,GK,0,0,0,0,0,0,0,45.14,18,C,,
2023/24,Liga 2,Pedro Mateus,Feirense,27,GK,0,0,0,0,0,0,0,48.61,16,C,,
2023/24,Liga 2,Lucas França,Nacional,28,GK,0,0,0,0,0,0,0,65.97,4,A,,
2023/24,Liga 2,Andorinha,Feirense,28,GK,0,0,0,0,0,0,0,61.81,6,A,,
2023/24,Liga 2,A. Abedzadeh,Marítimo,31,GK,0,0,0,0,0,0,0,67.01,3,A,,
2023/24,Liga 2,Ricardo Ribeiro,Leixões,34,GK,0,0,0,0,0,0,0,54.17,11,B,,
2023/24,Liga 2,Pedro Trigueira,AVS (Vilafranquense),36,GK,0,0,0,0,0,0,0,72.22,1,S,,
2023/24,Liga 2,I. Stefanović,Leixões,36,GK,0,0,0,0,0,0,0,61.11,7,A,,
2023/24,Liga 2,Marafona,Paços de Ferreira,37,GK,0,0,0,0,0,0,0,59.38,9,B,,
2023/24,Liga 2,Vágner,Torreense,38,GK,0,0,0,0,0,0,0,53.82,12,C,,
2023/24,Liga 2,P. Kieszek,União de Leiria,40,GK,0,0,0,0,0,0,0,52.08,14,C,,
2023/24,Liga 3,João Muniz,Sporting CP B,18,CB,28.12,48.94,41.6,61.52,73.53,33.33,56.25,0,43,C,,
2023/24,Liga 3,Miguel Alves,Sporting CP B,18,CB,28.86,52.79,40.55,58.09,65.07,45.34,67.28,0,33,C,,
2023/24,Liga 3,Diogo Amaro,Académica,19,CB,57.9,39.79,43.17,24.75,68.2,38.97,30.7,0,54,D,,
2023/24,Liga 3,S. Commey,Trofense,19,CB,51.84,29.74,51.68,67.16,55.7,59.31,65.07,0,20,B,,
2023/24,Liga 3,Bernardo Antunes,Pêro Pinheiro,20,CB,19.85,53.95,26.26,36.76,29.78,53.43,42.46,0,60,D,,
2023/24,Liga 3,Afonso Silva,Felgueiras 1932,20,CB,62.13,65.52,51.58,29.41,66.54,41.79,24.45,0,46,C,,
2023/24,Liga 3,João Costa,Atlético CP,20,CB,94.67,46.9,80.57,70.34,53.31,53.06,71.88,0,5,A,,
2023/24,Liga 3,David Vinhas,Vianense,21,CB,67.46,39.79,59.87,50.98,31.62,64.22,67.65,0,19,B,,
2023/24,Liga 3,Mário Junior,SC Braga B,21,CB,27.57,35.32,35.61,48.28,47.79,31.5,35.85,0,64,E,,
2023/24,Liga 3,Alysson,Alverca,21,CB,63.6,62.58,44.64,23.28,50.74,42.16,41.73,0,48,C,,
2023/24,Liga 3,Eduardo Monteiro,Caldas,21,CB,80.51,58.42,83.82,88.73,48.53,27.08,51.84,0,28,C,,
2023/24,Liga 3,Rodrigo Beirão,SC Braga B,21,CB,13.6,44.32,40.97,69.36,78.12,51.1,46.51,0,35,C,,
2023/24,Liga 3,Luiz Neto,Sanjoanense,21,CB,17.83,46.9,34.87,42.4,37.68,46.2,34.56,0,62,E,,
2023/24,Liga 3,Chico Lamba,Sporting CP B,21,CB,62.68,68.23,51.26,51.23,81.99,31.13,52.94,0,30,C,,
2023/24,Liga 3,Ni,Vianense,21,CB,58.82,43.47,55.25,52.45,21.69,80.88,54.41,0,17,B,,
2023/24,Liga 3,Gonçalo Cunha,Anadia,21,CB,29.6,45.37,42.02,50.49,67.65,57.11,47.06,0,34,C,,
2023/24,Liga 3,Duarte Henriques,1º Dezembro,21,CB,48.9,54.99,68.8,72.06,73.16,40.44,50.55,0,24,B,,
2023/24,Liga 3,Diogo Nascimento,Oliveira Hospital,21,CB,66.73,46.9,41.49,13.24,38.05,40.69,11.21,0,65,E,,
2023/24,Liga 3,Junilson Cá,Anadia,21,CB,22.43,77.51,54.41,81.86,76.29,45.34,53.31,0,18,B,,
2023/24,Liga 3,Diogo Fonseca,SC Braga B,21,CB,69.12,58.88,70.06,67.16,82.35,70.71,81.43,0,1,S,,
2023/24,Liga 3,Duarte Maneta,Amora,21,CB,33.64,76.8,47.79,43.38,44.85,86.03,51.47,0,8,B,,
2023/24,Liga 3,Richard Santos,Fafe,22,CB,45.77,29.74,33.4,18.87,20.22,45.71,52.94,0,63,E,,
2023/24,Liga 3,José Pedro,SC Braga B,22,CB,63.6,58.17,42.96,10.29,50.18,55.15,38.97,0,45,C,,
2023/24,Liga 3,Francisco Saldanha,Trofense,23,CB,64.71,51.8,84.35,98.53,86.03,26.72,71.32,0,7,A,,
2023/24,Liga 3,Chicão,Fafe,23,CB,79.41,53.51,69.64,67.89,54.78,55.27,38.79,0,13,B,,
2023/24,Liga 3,M. Adams,Sporting Covilhã,23,CB,71.32,70.8,49.05,24.02,13.24,49.26,44.3,0,51,D,,
2023/24,Liga 3,Bernardo Fontes,Sanjoanense,23,CB,69.85,44.45,40.34,20.1,37.5,46.69,23.9,0,59,D,,
2023/24,Liga 3,Afonso Simão,Oliveira Hospital,23,CB,67.28,60.62,74.47,82.6,12.5,56.86,75.18,0,11,B,,
2023/24,Liga 3,Rodrigo Luís,1º Dezembro,23,CB,26.84,29.74,26.16,27.21,41.91,66.42,34.38,0,56,D,,
2023/24,Liga 3,Miguel Montenegro,Amora,23,CB,65.07,39.79,62.92,62.5,44.67,70.34,42.46,0,14,B,,
2023/24,Liga 3,Bruno Almeida,Atlético CP,23,CB,43.75,29.74,51.26,63.24,23.71,43.38,44.12,0,57,D,,
2023/24,Liga 3,Pedro Venaque,Alverca,24,CB,56.07,45,43.49,53.92,43.93,44.12,69.12,0,39,C,,
2023/24,Liga 3,Tiago Simões,1º Dezembro,24,CB,48.16,34.75,38.03,44.85,52.39,80.51,63.42,0,12,B,,
2023/24,Liga 3,Tomás Loureiro,Pêro Pinheiro,24,CB,26.1,29.74,27.31,30.88,29.41,65.44,49.63,0,55,D,,
2023/24,Liga 3,Welisson Santos,Trofense,24,CB,51.47,46.9,60.29,56.86,41.18,58.7,65.99,0,23,B,,
2023/24,Liga 3,Gustavo Fernandes,Sanjoanense,24,CB,83.64,84.28,58.51,26.47,48.35,60.54,32.17,0,22,B,,
2023/24,Liga 3,João Sidónio,Varzim,25,CB,32.17,39.79,52.84,72.3,56.62,56.62,65.26,0,25,B,,
2023/24,Liga 3,Filipe Maio,Amora,25,CB,45.59,84.57,72.27,98.28,69.12,15.81,49.82,0,32,C,,
2023/24,Liga 3,Pedro Casagrande,Sporting Covilhã,25,CB,75.74,29.74,46.22,31.37,40.07,63.48,48.9,0,37,C,,
2023/24,Liga 3,Rui Bruno,Fafe,25,CB,55.88,63.79,54.52,57.35,72.06,56.86,60.48,0,9,B,,
2023/24,Liga 3,Nuca,Fafe,25,CB,22.79,43.21,48.53,84.8,64.71,84.19,84.74,0,3,A,,
2023/24,Liga 3,Jorge Silva,Canelas 2010,25,CB,54.96,39.79,47.69,29.9,51.1,81.74,48.53,0,16,B,,
2023/24,Liga 3,Aloísio Soares,Académica,26,CB,78.31,67.73,77.52,81.86,79.04,46.69,72.24,0,4,A,,
2023/24,Liga 3,Pedro Marques,Amora,26,CB,23.9,29.74,45.48,76.23,50,68.38,50.55,0,29,C,,
2023/24,Liga 3,Ronaldo Rodrigues,Anadia,26,CB,54.23,68.22,49.05,22.06,67.1,48.04,44.85,0,38,C,,
2023/24,Liga 3,Dénis Martins,Varzim,26,CB,24.63,77.04,42.65,42.16,71.32,35.78,37.87,0,49,C,0,
2023/24,Liga 3,Luís Marcelino,Caldas,26,CB,86.76,41.73,55.04,31.86,12.13,46.2,39.71,0,53,D,,
2023/24,Liga 3,João Hilário,Pêro Pinheiro,27,CB,59.93,34.75,51.58,60.78,36.76,45.22,38.97,0,50,D,,
2023/24,Liga 3,D. Lytvyn,Lusitania FC Lourosa,27,CB,27.21,39.79,39.18,47.06,49.82,56.99,50.55,0,44,C,,
2023/24,Liga 3,J. Bonilla,Varzim,27,CB,77.76,56.21,67.75,68.87,46.14,26.1,50,0,41,C,0,
2023/24,Liga 3,Nuno Tomás,Sporting Covilhã,28,CB,65.62,29.74,49.79,47.06,42.65,56,47.43,0,40,C,,
2023/24,Liga 3,Emanuel,Canelas 2010,28,CB,43.93,29.74,52.63,66.18,43.38,65.44,49.26,0,31,C,,
2023/24,Liga 3,Zé Oliveira,Alverca,28,CB,13.79,76.01,21.11,10.78,41.91,21.08,21.51,0,68,F,,
2023/24,Liga 3,João Cunha,Anadia,28,CB,15.62,51.8,32.14,34.07,65.07,46.81,62.68,0,47,C,,
2023/24,Liga 3,Y. Valencia,Caldas,29,CB,24.45,65.17,60.19,84.56,50.18,45.83,72.24,0,21,B,,
2023/24,Liga 3,Romário Carvalho,Oliveira Hospital,30,CB,64.52,51.06,47.79,35.78,30.51,46.32,66.73,0,42,C,,
2023/24,Liga 3,Marcos Valente,Lusitania FC Lourosa,30,CB,82.17,62.38,63.87,39.22,22.98,63.97,65.26,0,15,B,,
2023/24,Liga 3,João Sousa,Amora,30,CB,13.6,39.79,21.95,25,53.31,27.45,30.7,0,67,F,,
2023/24,Liga 3,João Freitas,Atlético CP,31,CB,65.62,77.65,77.73,83.09,80.7,57.11,69.3,0,2,S,,
2023/24,Liga 3,Agostinho Carvalho,Canelas 2010,31,CB,65.81,54,73.63,75.49,44.67,41.54,55.33,0,27,C,,
2023/24,Liga 3,Miguel Lourenço,Pêro Pinheiro,31,CB,21.88,29.74,23.95,28.68,67.83,47.18,29.78,0,61,D,,
2023/24,Liga 3,Rui Rampa,Felgueiras 1932,31,CB,46.69,51.06,36.34,14.46,70.96,21.81,19.85,0,66,E,,
2023/24,Liga 3,Thomas Militão,Caldas,32,CB,26.47,72.98,50.21,66.67,60.66,63.48,62.68,0,10,B,,
2023/24,Liga 3,Xandão,Varzim,34,CB,75.37,38.77,48.63,36.52,48.35,58.46,65.81,0,26,B,0,
2023/24,Liga 3,Vítor Bastos,Canelas 2010,34,CB,43.75,46.16,47.27,53.92,31.62,65.69,48.35,0,36,C,,
2023/24,Liga 3,Hugo Ventosa,Atlético CP,35,CB,66.18,29.74,41.81,35.54,35.11,48.9,43.2,0,52,D,,
2023/24,Liga 3,Tiago Moreira,Sporting Covilhã,36,CB,41.73,62.97,67.54,97.55,66.18,49.75,68.38,0,6,A,,
2023/24,Liga 3,Daniel Almeida,Atlético CP,40,CB,84.01,58.99,54.62,19.36,35.29,26.1,43.75,0,58,D,,
2023/24,Liga 3,Francisco Chissumba,SC Braga B,18,FB & WB,75.79,58.65,65.65,58.2,39.88,49.6,66.67,0,16,B,,
2023/24,Liga 3,Leonardo Barroso,Sporting CP B,18,FB & WB,28.77,71.27,63.49,89.15,30.56,64.95,88.29,0,9,B,,
2023/24,Liga 3,Pedro Bondo,Sporting CP B,19,FB & WB,62.5,40.94,69.16,78.04,39.68,71.43,94.84,0,5,A,,
2023/24,Liga 3,Stitch,Académica,20,FB & WB,45.63,23.45,31.75,22.49,35.32,51.19,42.66,0,58,E,,
2023/24,Liga 3,Vasco Sousa,Amora,20,FB & WB,75,26.09,49.66,28.57,32.14,50.79,18.85,0,55,D,,
2023/24,Liga 3,David Monteiro,Sporting CP B,20,FB & WB,68.65,35.16,56.01,60.85,64.48,30.29,64.29,0,25,C,,
2023/24,Liga 3,André Ferreira,SC Braga B,21,FB & WB,26.79,67.95,37.19,37.57,22.62,60.58,30.56,0,54,D,,
2023/24,Liga 3,Pedro Martins,Sanjoanense,22,FB & WB,71.83,43.02,46.15,26.19,31.94,44.84,37.9,0,51,D,,
2023/24,Liga 3,R. Kodama,Fafe,22,FB & WB,91.87,32.44,60.32,43.39,16.87,29.76,40.48,0,50,D,,
2023/24,Liga 3,Y. Lobo,1º Dezembro,22,FB & WB,31.15,64.98,38.1,25.66,67.86,64.29,20.83,0,45,D,,
2023/24,Liga 3,Rivaldo,Oliveira Hospital,23,FB & WB,27.58,41.44,46.03,60.85,42.06,57.41,50.4,0,36,C,,
2023/24,Liga 3,Eirô,SC Braga B,23,FB & WB,77.38,23.45,66.1,62.43,56.35,55.42,64.68,0,15,B,,
2023/24,Liga 3,João Oliveira,Sanjoanense,23,FB & WB,64.68,67.83,61.79,61.11,37.9,37.17,48.61,0,28,C,,
2023/24,Liga 3,Miguel Rodeia,Pêro Pinheiro,23,FB & WB,46.83,22.25,21.88,20.37,22.42,46.96,50.99,0,59,E,,
2023/24,Liga 3,Guga,Varzim,23,FB & WB,76.59,50.16,70.63,73.54,37.5,62.57,83.33,0,7,A,0,
2023/24,Liga 3,Luiz Gustavo,Sanjoanense,24,FB & WB,53.77,40.68,46.15,49.47,23.81,55.03,61.51,0,38,C,,
2023/24,Liga 3,Breno Pais,Anadia,24,FB & WB,71.23,50.7,61.56,61.9,83.33,49.6,52.18,0,11,B,,
2023/24,Liga 3,Eba Viegas,Amora,24,FB & WB,67.06,34.95,61.79,67.99,21.03,16.4,58.53,0,46,D,,
2023/24,Liga 3,Abel Folha,Fafe,24,FB & WB,84.72,48.58,64.06,45.5,74.01,53.84,23.41,0,22,C,,
2023/24,Liga 3,Léo Teixeira,Varzim,24,FB & WB,72.42,60.53,81.86,82.28,61.71,72.62,87.3,0,2,S,0,
2023/24,Liga 3,Luís Pinheiro,Pêro Pinheiro,24,FB & WB,16.47,29,32.31,56.08,40.48,68.12,65.08,0,41,C,,
2023/24,Liga 3,Miguel Vilela,SC Braga B,24,FB & WB,16.87,41.49,36.85,53.7,86.51,39.95,46.03,0,40,C,,
2023/24,Liga 3,Pedro Araújo,Vianense,24,FB & WB,44.25,34.03,50.11,44.44,49.8,82.14,62.7,0,21,C,,
2023/24,Liga 3,Miguel Silva,Amora,25,FB & WB,25.99,61.43,31.29,35.45,22.82,19.71,13.1,0,62,F,,
2023/24,Liga 3,Francisco Ferreira,Académica,25,FB & WB,58.93,52.54,61.22,76.72,58.33,53.17,77.38,0,10,B,,
2023/24,Liga 3,Nassur Bacém,Oliveira Hospital,25,FB & WB,29.76,26.09,29.71,35.19,24.8,66.67,44.64,0,56,D,,
2023/24,Liga 3,Michel Camargos,Sporting Covilhã,25,FB & WB,29.17,63,45.12,52.91,58.13,65.74,67.46,0,19,C,,
2023/24,Liga 3,Gonçalo Lixa,Canelas 2010,25,FB & WB,34.13,36.67,57.82,79.63,45.44,59.66,61.51,0,20,C,,
2023/24,Liga 3,Nandinho,Lusitania FC Lourosa,27,FB & WB,71.23,68.93,55.1,32.8,69.05,49.07,29.76,0,29,C,,
2023/24,Liga 3,Tiago André,Trofense,27,FB & WB,85.52,78.34,74.49,55.03,47.22,42.2,32.54,0,18,C,,
2023/24,Liga 3,Joãozinho,Varzim,27,FB & WB,79.17,80.27,79.37,70.37,62.3,38.1,70.44,0,6,A,0,
2023/24,Liga 3,E. Banguera,Felgueiras 1932,27,FB & WB,77.18,46.78,75.17,80.42,89.29,78.44,83.33,0,1,S,,
2023/24,Liga 3,Elvis,Oliveira Hospital,27,FB & WB,31.94,56.52,44.9,52.38,31.94,48.28,62.3,0,42,C,,
2023/24,Liga 3,Álvaro Milhazes,Varzim,27,FB & WB,39.48,41.28,33.33,22.22,52.38,64.55,41.67,0,48,D,,
2023/24,Liga 3,Gonçalo Pimenta,Varzim,27,FB & WB,43.06,45.92,53.51,67.72,30.56,67.06,79.96,0,17,B,,
2023/24,Liga 3,Diogo Castro,Fafe,27,FB & WB,80.95,61.09,72.9,64.02,55.75,44.44,52.78,0,12,B,,
2023/24,Liga 3,Gonçalo Tavares,Amora,27,FB & WB,17.26,26.09,18.03,24.6,48.61,43.92,38.29,0,60,E,,
2023/24,Liga 3,Nuno Januário,Caldas,28,FB & WB,20.44,63.48,42.63,55.29,67.06,52.12,47.62,0,30,C,,
2023/24,Liga 3,Leandro Silva,Trofense,28,FB & WB,52.18,37.2,66.67,80.42,58.93,85.71,86.11,0,3,A,,
2023/24,Liga 3,João Lucas,Alverca,28,FB & WB,50.2,86.2,59.18,66.14,62.5,42.72,58.73,0,14,B,,
2023/24,Liga 3,Diogo Clemente,Caldas,28,FB & WB,22.42,66.97,37.76,35.19,86.11,62.43,33.13,0,31,C,,
2023/24,Liga 3,Rui Silva,Alverca,28,FB & WB,34.92,39.01,52.49,68.78,72.02,28.44,70.44,0,27,C,,
2023/24,Liga 3,Miguel Pereira,Lusitania FC Lourosa,28,FB & WB,55.56,73.51,68.37,76.46,81.35,66.93,57.74,0,4,A,,
2023/24,Liga 3,Luís Simão,Canelas 2010,28,FB & WB,17.66,23.45,35.15,55.56,18.06,53.17,42.06,0,57,E,,
2023/24,Liga 3,Bruno Sousa,Fafe,28,FB & WB,24.21,71.86,47.62,54.76,76.59,36.64,24.4,0,39,C,,
2023/24,Liga 3,David Dinamite,Atlético CP,29,FB & WB,69.25,45.14,56.12,40.21,59.13,64.68,35.52,0,26,C,,
2023/24,Liga 3,Gildo,Sporting Covilhã,29,FB & WB,66.27,63.83,55.78,42.86,10.71,43.25,36.11,0,47,D,,
2023/24,Liga 3,Gaby Faria,Vianense,29,FB & WB,23.41,62.87,46.26,56.08,50.99,44.44,47.62,0,37,C,,
2023/24,Liga 3,David Santos,Canelas 2010,30,FB & WB,17.66,47.82,15.31,9.26,40.67,59.92,27.98,0,61,E,,
2023/24,Liga 3,Fábio Pala,Atlético CP,31,FB & WB,77.58,28.34,56.92,41.01,31.15,50.53,44.64,0,43,C,,
2023/24,Liga 3,Luís Farinha,Caldas,31,FB & WB,91.87,36.94,84.13,92.06,33.33,30.95,60.71,0,13,B,,
2023/24,Liga 3,João Varudo,Atlético CP,31,FB & WB,64.88,75.45,44.9,25.66,28.97,69.18,38.1,0,35,C,,
2023/24,Liga 3,Diogo Coelho,1º Dezembro,31,FB & WB,13.69,22.65,12.02,14.02,53.17,35.58,24.4,0,63,F,,
2023/24,Liga 3,Jorge Bernardo,1º Dezembro,32,FB & WB,37.1,69.61,26.87,22.22,82.94,60.98,43.25,0,33,C,,
2023/24,Liga 3,Paulinho,Atlético CP,32,FB & WB,53.57,51.74,39.34,24.6,63.49,40.08,22.82,0,53,D,,
2023/24,Liga 3,Jorge Miguel,Fafe,33,FB & WB,13.69,63.92,36.17,44.44,78.37,45.11,39.29,0,44,D,,
2023/24,Liga 3,Tiago Mesquita,Lusitania FC Lourosa,33,FB & WB,53.77,39,43.99,56.08,71.43,37.83,73.81,0,24,C,,
2023/24,Liga 3,Patrick Vieira,Anadia,33,FB & WB,28.77,45.57,34.92,52.91,73.81,58.99,77.18,0,23,C,,
2023/24,Liga 3,Diogo Viana,Trofense,34,FB & WB,65.28,41.17,62.13,58.2,59.52,28.17,38.49,0,34,C,,
2023/24,Liga 3,Vítor Bruno,Alverca,34,FB & WB,27.38,77.02,39.12,35.45,53.77,26.46,43.65,0,52,D,,
2023/24,Liga 3,André Perre,Caldas,34,FB & WB,75.6,90.28,82.2,73.54,70.04,31.61,48.41,0,8,B,,
2023/24,Liga 3,Mike Moura,Felgueiras 1932,34,FB & WB,68.85,34.77,41.16,12.17,62.5,56.75,26.59,0,49,D,,
2023/24,Liga 3,João Traquina,Sporting Covilhã,35,FB & WB,72.22,88.23,62.24,47.35,38.49,31.35,35.91,0,32,C,,
2023/24,Liga 3,Alexandre Brito,Sporting CP B,18,MF,67.77,20.91,32.48,13.02,41.8,40.89,22.27,0,59,F,,
2023/24,Liga 3,Manuel Mendonça,Sporting CP B,19,MF,87.7,87.66,82.81,69.53,35.74,29.56,55.47,0,14,B,,
2023/24,Liga 3,Marco Cruz,Sporting CP B,20,MF,88.87,61.54,76.12,60.16,29.88,39.32,48.63,0,26,B,,
2023/24,Liga 3,D. D'avilla,Académica,20,MF,27.73,28.73,40.29,52.86,38.87,65.89,76.95,0,38,C,,
2023/24,Liga 3,D. Soumaré,SC Braga B,21,MF,13.67,51.94,27.68,42.19,70.12,62.24,68.36,0,36,C,,
2023/24,Liga 3,Domingos Andrade,Felgueiras 1932,21,MF,37.89,44.1,46.54,63.02,64.65,80.99,81.45,0,10,A,250000,
2023/24,Liga 3,Miguel Menino,Sporting CP B,21,MF,87.89,91.14,87.5,78.39,51.95,27.08,42.38,0,8,A,,
2023/24,Liga 3,Diogo Abreu,Sporting CP B,21,MF,47.85,33.93,35.27,22.14,78.12,75.65,55.27,0,29,C,,
2023/24,Liga 3,Miguel Pires,Alverca,21,MF,21.68,38.88,41.41,53.39,64.45,61.98,69.92,0,32,C,,
2023/24,Liga 3,Hélder Oliveira,Sanjoanense,22,MF,27.93,28.73,27.9,23.7,19.53,62.37,33.4,0,60,F,,
2023/24,Liga 3,Tomás Azevedo,Amora,23,MF,29.69,33.93,48.77,75.26,67.38,60.68,56.45,0,20,B,,
2023/24,Liga 3,Lucas Henrique,Académica,23,MF,83.4,87.7,74,58.07,63.28,33.46,40.43,0,11,A,,
2023/24,Liga 3,Vasco Moreira,SC Braga B,23,MF,55.86,40.45,47.99,50.52,73.63,65.89,76.95,0,13,A,,
2023/24,Liga 3,Rodrigo Guedes,Vianense,23,MF,12.5,24.3,22.99,37.24,46.68,64.32,47.27,0,53,E,,
2023/24,Liga 3,Francisco Varela,Pêro Pinheiro,23,MF,31.84,29.46,33.37,43.75,24.8,57.42,66.99,0,51,E,,
2023/24,Liga 3,H. Doukouré,Canelas 2010,23,MF,57.62,24.3,26.67,13.02,18.75,60.03,25.98,0,61,F,,
2023/24,Liga 3,Pedro Bicalho,Alverca,23,MF,40.23,59.62,36.72,27.86,71.48,41.02,33.59,0,47,D,,
2023/24,Liga 3,M. Rouai,Anadia,23,MF,37.3,51.1,63.39,85.42,44.14,46.88,83.98,0,17,B,,
2023/24,Liga 3,Zé Gata,Amora,23,MF,48.63,38.15,55.25,72.92,27.73,61.59,68.36,0,31,C,,
2023/24,Liga 3,Vasco Gomes,Académica,23,MF,55.66,52.99,65.51,70.05,59.77,37.11,77.73,0,16,B,,
2023/24,Liga 3,Nuno Cunha,SC Braga B,23,MF,20.7,60.11,47.99,67.19,73.63,46.74,66.41,0,21,B,,
2023/24,Liga 3,Bernardo Fortunato,Fafe,23,MF,46.29,41.75,61.72,65.1,51.17,38.67,46.88,0,35,C,,
2023/24,Liga 3,Bruninho,Sporting Covilhã,24,MF,85.55,53.67,74,70.31,51.17,72.14,64.45,0,4,S,,
2023/24,Liga 3,Gabi Pereira,Felgueiras 1932,24,MF,38.67,81.77,58.37,68.75,65.04,43.62,43.36,0,18,B,,
2023/24,Liga 3,Paulo Moreira,Varzim,24,MF,88.48,65.17,88.73,89.58,47.66,9.9,53.52,0,15,B,0,
2023/24,Liga 3,Jony,Sanjoanense,24,MF,50.98,86.71,71.43,80.47,43.55,19.79,52.73,0,25,B,,
2023/24,Liga 3,J. Sinisterra,Varzim,24,MF,42.58,65.72,63.39,76.82,21.48,34.9,63.67,0,37,C,0,
2023/24,Liga 3,Pedro Pinto,Atlético CP,24,MF,86.91,64.92,80.58,75.26,35.55,61.2,47.66,0,9,A,,
2023/24,Liga 3,Diogo Ramalho,Vianense,24,MF,52.15,55.55,76.23,91.15,55.86,51.3,57.03,0,7,A,,
2023/24,Liga 3,David Veiga,Fafe,24,MF,59.57,63.67,66.96,73.96,42.19,26.82,46.48,0,33,C,,
2023/24,Liga 3,Aílson Tavares,Académica,25,MF,33.79,20.91,38.73,48.96,32.23,74.35,75.39,0,43,C,,
2023/24,Liga 3,Alexandre Sousa,1º Dezembro,25,MF,29.49,50.81,33.15,28.65,34.96,49.48,45.7,0,56,E,,
2023/24,Liga 3,O. Diagne,Trofense,25,MF,24.02,33.93,33.82,37.5,44.73,78.78,54.1,0,45,C,,
2023/24,Liga 3,Rúben Gonçalves,Lusitania FC Lourosa,25,MF,89.26,94.27,88.5,78.65,65.23,35.68,48.83,0,2,S,,
2023/24,Liga 3,Apolo Silva,Fafe,25,MF,20.51,40.9,30.58,34.64,39.65,81.25,61.52,0,46,D,,
2023/24,Liga 3,Renato Soares,Sporting Covilhã,25,MF,24.41,48.49,54.02,80.73,54.1,46.74,60.55,0,27,C,,
2023/24,Liga 3,Henrique Martins,Lusitania FC Lourosa,26,MF,54.88,43.83,30.58,15.62,53.32,77.86,49.22,0,40,C,,
2023/24,Liga 3,David Teles,Académica,26,MF,54.3,72.73,75.22,86.2,77.34,36.85,60.74,0,6,S,,
2023/24,Liga 3,L. Nkolo,Sanjoanense,27,MF,41.99,30.92,24.44,23.44,29.1,60.16,29.69,0,58,F,,
2023/24,Liga 3,Vítor Pisco,Anadia,27,MF,55.47,39.86,50.67,45.31,79.88,42.71,48.44,0,28,C,,
2023/24,Liga 3,André Pedrosa,Pêro Pinheiro,27,MF,48.83,20.91,19.2,6.51,32.42,61.98,20.9,0,64,F,,
2023/24,Liga 3,Rui Moreira,Sanjoanense,27,MF,58.59,73.04,46.76,34.38,58.4,56.25,27.73,0,34,C,,
2023/24,Liga 3,Diogo Pereira,Lusitania FC Lourosa,28,MF,58.59,80.23,74.11,89.84,89.06,26.69,63.87,0,3,S,,
2023/24,Liga 3,Leandro Vilas Boas,Vianense,28,MF,80.86,57.89,80.58,72.92,52.54,63.54,57.81,0,5,S,,
2023/24,Liga 3,Luan Sérgio,Canelas 2010,29,MF,68.75,63.92,51.12,29.69,33.4,50.91,52.15,0,44,C,,
2023/24,Liga 3,David Brás,Oliveira Hospital,29,MF,45.12,28.73,50.67,61.98,21.29,56.12,46.09,0,48,D,,
2023/24,Liga 3,Rúben Marques,1º Dezembro,29,MF,58.2,46.15,45.76,35.42,85.74,54.17,56.45,0,19,B,,
2023/24,Liga 3,Tiago Morgado,Atlético CP,30,MF,50.78,93.48,59.93,60.68,50.78,41.54,50.78,0,22,B,,
2023/24,Liga 3,Pepo,Caldas,30,MF,77.54,90.2,82.48,73.44,68.36,13.93,36.72,0,12,A,,
2023/24,Liga 3,Vasco Braga,Varzim,30,MF,84.18,48.73,68.19,53.12,85.94,23.96,19.92,0,23,B,0,
2023/24,Liga 3,Eurico,Anadia,30,MF,44.14,31.63,30.25,11.98,35.35,75.52,46.29,0,52,E,,
2023/24,Liga 3,Diogo Pires,Pêro Pinheiro,31,MF,31.45,43.57,42.08,37.24,44.92,28.52,38.87,0,57,E,,
2023/24,Liga 3,Landinho,Felgueiras 1932,31,MF,50.98,73.6,51,34.9,89.06,30.34,37.7,0,30,C,,
2023/24,Liga 3,Paulo Grilo,Oliveira Hospital,32,MF,66.41,34.83,48.88,46.09,50.59,44.79,47.07,0,39,C,,
2023/24,Liga 3,Nuno Valente,Trofense,32,MF,87.7,40.45,70.98,58.59,35.55,22.01,41.8,0,41,C,,
2023/24,Liga 3,Leandro Borges,Caldas,32,MF,48.44,34.83,41.74,35.16,36.72,70.83,65.43,0,42,C,,
2023/24,Liga 3,Didi,Atlético CP,32,MF,40.43,28.48,19.2,13.54,41.6,51.43,18.95,0,63,F,,
2023/24,Liga 3,Ricardo Dias,Alverca,33,MF,47.66,27.27,22.21,15.89,45.9,67.45,53.52,0,50,D,,
2023/24,Liga 3,Samu,Canelas 2010,33,MF,52.54,20.91,25.33,14.84,33.4,53.26,16.99,0,62,F,,
2023/24,Liga 3,Rafael Assis,Trofense,33,MF,9.57,53.45,14.62,21.61,44.34,73.57,39.06,0,54,E,,
2023/24,Liga 3,Diogo Rosado,Lusitania FC Lourosa,34,MF,47.07,84.27,64.51,63.8,79.88,73.7,56.45,0,1,S,,
2023/24,Liga 3,Vasco Rocha,Varzim,35,MF,42.19,37.46,43.64,55.73,74.8,54.82,64.45,0,24,B,0,
2023/24,Liga 3,Gilberto Silva,Sporting Covilhã,37,MF,31.25,46.67,19.08,21.35,49.8,69.79,36.72,0,49,D,,
2023/24,Liga 3,Bruno Monteiro,Fafe,39,MF,57.03,44.04,55.92,50.52,19.53,21.61,46.09,0,55,E,,
2023/24,Liga 3,Kauan Kelvin,SC Braga B,19,AM & W,60.26,74.76,50.92,37.18,69.23,17.95,21.47,0,25,C,,
2023/24,Liga 3,João Vasconcelos,SC Braga B,19,AM & W,53.53,50.64,46.34,47.86,58.33,28.42,46.15,0,27,C,,
2023/24,Liga 3,M. Opeyemi,Sporting Covilhã,20,AM & W,68.27,56.97,47.99,31.62,57.69,65.6,60.58,0,15,C,,
2023/24,Liga 3,Miguel Rebelo,Caldas,20,AM & W,90.38,60.59,69.78,51.28,18.27,70.94,68.59,0,8,B,,
2023/24,Liga 3,João Maga,Sanjoanense,21,AM & W,27.88,26.2,32.97,47.86,32.05,53.21,59.29,0,34,D,,
2023/24,Liga 3,Pedro Jesus,Alverca,21,AM & W,34.94,25.98,39.38,41.45,59.29,62.61,39.42,0,30,D,,
2023/24,Liga 3,Berna Couto,Trofense,21,AM & W,74.36,39.09,46.15,30.77,72.44,58.55,51.28,0,17,C,,
2023/24,Liga 3,Vando Félix,Sporting CP B,21,AM & W,55.77,63.65,60.26,74.36,44.23,23.08,54.17,0,16,C,,
2023/24,Liga 3,J. Herrera,1º Dezembro,22,AM & W,45.83,56.97,42.49,31.2,26.28,83.12,65.71,0,24,C,,
2023/24,Liga 3,Tiago Ferreira,Sporting CP B,22,AM & W,38.14,61.92,48.72,39.74,54.49,61.75,44.23,0,21,C,,
2023/24,Liga 3,M. Jean-Marie,SC Braga B,22,AM & W,74.36,36.46,77.66,87.61,28.53,37.61,67.63,0,10,B,,
2023/24,Liga 3,Diogo Ferreira,Sporting Covilhã,22,AM & W,57.05,43.57,41.58,35.9,38.46,64.32,25.32,0,29,D,,
2023/24,Liga 3,Luiz Miguel,Alverca,22,AM & W,71.15,53.07,37.73,18.8,40.38,64.53,43.59,0,28,D,,
2023/24,Liga 3,Ktatau,Felgueiras 1932,22,AM & W,31.09,55.68,49.27,56.84,70.19,72.65,44.23,0,14,C,,
2023/24,Liga 3,Tiago Veiga,Académica,23,AM & W,38.78,39.88,46.7,67.09,37.82,46.79,59.29,0,26,C,,
2023/24,Liga 3,Gabriel Chagas,Oliveira Hospital,23,AM & W,25.32,84.84,39.38,49.57,37.5,54.27,63.46,0,20,C,,
2023/24,Liga 3,Bruno Figueiredo,Sporting Covilhã,24,AM & W,32.69,41.11,43.22,54.7,32.69,43.8,47.12,0,31,D,,
2023/24,Liga 3,Ricardo Isabelinha,Oliveira Hospital,24,AM & W,58.65,50.76,70.15,84.19,24.36,51.92,63.14,0,11,C,,
2023/24,Liga 3,João Silva,Académica,24,AM & W,84.62,47.39,75.46,64.1,68.59,74.57,50.64,0,5,A,,
2023/24,Liga 3,Evandro Barros,Caldas,24,AM & W,41.67,53.98,75.82,94.87,24.36,65.17,77.56,0,6,B,,
2023/24,Liga 3,Bruninho,Felgueiras 1932,25,AM & W,94.23,86.68,93.04,86.32,85.26,57.91,58.33,0,1,S,,
2023/24,Liga 3,Valter Zacarias,Oliveira Hospital,26,AM & W,62.18,47.6,71.61,91.45,37.82,21.79,71.15,0,12,C,,
2023/24,Liga 3,Francisco Bastos,Pêro Pinheiro,26,AM & W,45.51,22.78,31.32,30.77,21.47,42.09,36.22,0,38,E,,
2023/24,Liga 3,Chiquinho,Pêro Pinheiro,26,AM & W,33.97,31.82,41.03,54.7,32.69,45.3,46.15,0,32,D,,
2023/24,Liga 3,Mika Borges,Lusitania FC Lourosa,26,AM & W,77.24,73.76,76.37,61.97,56.09,63.89,60.58,0,4,A,,
2023/24,Liga 3,Diogo Martins,Alverca,27,AM & W,12.5,46.19,32.6,49.15,92.31,63.46,42.63,0,23,C,,
2023/24,Liga 3,Pedro Matos,Fafe,27,AM & W,68.59,54.05,62.82,52.99,44.55,50.85,64.74,0,13,C,,
2023/24,Liga 3,Rui Batalha,1º Dezembro,27,AM & W,24.68,45.27,27.47,19.66,65.38,45.09,54.17,0,33,D,,
2023/24,Liga 3,Chico Sousa,Canelas 2010,27,AM & W,50.96,23.59,33.52,23.08,43.91,50.85,30.77,0,35,E,,
2023/24,Liga 3,João Cardoso,Vianense,27,AM & W,12.18,52.31,25.27,15.38,76.92,39.32,14.42,0,36,E,,
2023/24,Liga 3,Andrezinho,Anadia,28,AM & W,43.91,72.13,44.14,22.65,80.13,55.77,30.45,0,19,C,,
2023/24,Liga 3,Jefferson Nem,Lusitania FC Lourosa,28,AM & W,73.08,62.48,71.61,69.66,79.49,62.82,75.96,0,3,A,,
2023/24,Liga 3,André Galamba,Pêro Pinheiro,29,AM & W,19.87,36.3,9.16,3.85,24.68,49.15,25,0,39,F,,
2023/24,Liga 3,Léo Cá,Felgueiras 1932,29,AM & W,66.35,87.25,84.43,86.75,55.77,58.12,70.19,0,2,A,,
2023/24,Liga 3,Perdigão,Anadia,32,AM & W,35.58,31.21,47.07,73.5,51.92,46.15,68.59,0,22,C,,
2023/24,Liga 3,Alvarinho,Anadia,33,AM & W,75,62.56,63.55,50.43,59.62,47.22,54.17,0,9,B,,
2023/24,Liga 3,Hugo Seco,Académica,35,AM & W,40.71,26.82,49.82,79.49,42.63,47.86,81.41,0,18,C,,
2023/24,Liga 3,Zé Tiago,Sporting Covilhã,35,AM & W,31.73,31.71,26.74,14.53,67.63,35.47,31.41,0,37,E,,
2023/24,Liga 3,Feliz Vaz,Felgueiras 1932,35,AM & W,66.99,82.03,66.48,66.67,86.54,16.03,30.77,0,7,B,,
2023/24,Liga 3,Rafael Nel,Sporting CP B,19,CF,75.36,27.13,57.14,40.95,39.29,24.76,40.36,0,22,D,,
2023/24,Liga 3,S. Osei,Pêro Pinheiro,19,CF,47.14,28.14,31.63,35.71,22.5,35.48,48.93,0,29,E,,
2023/24,Liga 3,Yan Said,SC Braga B,21,CF,81.43,62.25,58.98,41.9,67.86,65.71,62.86,0,9,B,,
2023/24,Liga 3,Elijah Benedict,Sporting Covilhã,22,CF,60,69.22,70.61,61.9,17.5,40.48,53.57,0,16,C,,
2023/24,Liga 3,André Lacximicant,SC Braga B,22,CF,44.64,45.12,68.78,92.38,57.86,61.9,73.21,0,8,B,,
2023/24,Liga 3,Gabriel Tigrão,Canelas,22,CF,41.43,56.65,67.35,83.81,41.43,47.14,72.14,0,13,B,,
2023/24,Liga 3,Tiago Leite,Anadia,23,CF,61.07,41.89,46.73,35.24,56.07,45.48,56.07,0,19,D,,
2023/24,Liga 3,Nuno Barbosa,Vianense,23,CF,62.5,22.37,33.47,12.86,57.86,17.38,12.86,0,33,F,,
2023/24,Liga 3,Wilson Silva,Trofense,23,CF,31.79,43.69,43.47,51.43,60.71,41.67,56.43,0,23,D,,
2023/24,Liga 3,Tamble Monteiro,Felgueiras 1932,23,CF,97.14,89.58,72.04,37.14,42.5,59.29,51.43,0,6,B,,
2023/24,Liga 3,E. Ayiah,Trofense,24,CF,61.43,81.17,73.27,79.05,54.29,66.19,52.86,0,4,A,,
2023/24,Liga 3,João Costa,Alverca,24,CF,82.14,41.89,63.06,55.24,46.43,73.81,56.43,0,10,B,,
2023/24,Liga 3,J. Perea,Académica,24,CF,45.36,33.8,40.41,43.33,18.21,49.29,47.86,0,26,D,100000,
2023/24,Liga 3,Dinho,Sanjoanense,24,CF,17.86,43.9,45.92,67.62,45.36,49.29,60.71,0,21,D,,
2023/24,Liga 3,Umaro Baldé,1º Dezembro,24,CF,25.71,66.41,67.55,99.99,73.57,67.86,84.29,0,3,A,,
2023/24,Liga 3,M. Sangaré,Varzim,25,CF,53.21,73.8,77.55,88.57,29.29,43.1,72.86,0,7,B,175000,
2023/24,Liga 3,Miguel Pereira,Felgueiras 1932,25,CF,73.57,61.88,79.39,83.81,77.86,47.38,58.57,0,2,A,,
2023/24,Liga 3,Lucas Villela,Caldas,25,CF,82.14,44.53,69.8,59.05,67.14,40,36.43,0,14,C,,
2023/24,Liga 3,João Santos,Felgueiras 1932,25,CF,64.29,82.59,73.67,62.86,66.43,62.38,48.57,0,5,B,,
2023/24,Liga 3,Didi,Fafe,25,CF,20.71,55.22,51.84,80.48,27.5,40.71,52.5,0,20,D,,
2023/24,Liga 3,João Oliveira,Amora,25,CF,59.29,26.65,28.37,14.29,27.14,33.33,25.71,0,34,F,,
2023/24,Liga 3,K. Hachadi,Alverca,26,CF,36.79,68.56,36.94,18.57,44.64,45.71,28.57,0,27,E,,
2023/24,Liga 3,Jordão Cardoso,Vianense,27,CF,31.79,49.03,59.39,87.62,75.36,66.43,63.57,0,11,B,,
2023/24,Liga 3,Balotelli,Atlético CP,27,CF,58.57,26.65,48.57,38.57,23.57,44.76,52.5,0,25,D,,
2023/24,Liga 3,Mboulou Júnior,Amora,27,CF,15.71,50.53,40,69.05,51.43,34.29,64.64,0,24,D,,
2023/24,Liga 3,Marcelo Santos,Sanjoanense,28,CF,63.93,60.34,53.67,47.14,75,42.62,30,0,17,C,,
2023/24,Liga 3,David Silva,Atlético CP,29,CF,60.36,75.21,60.2,55.24,56.79,61.19,62.14,0,12,B,,
2023/24,Liga 3,João Vasco,Sporting Covilhã,29,CF,22.14,23.58,23.06,34.29,60.71,55.71,31.43,0,31,E,,
2023/24,Liga 3,Abdoulaye Daffé,Oliveira Hospital,29,CF,31.79,54.27,16.73,4.29,29.29,44.29,22.86,0,35,F,,
2023/24,Liga 3,João Tarzan,Caldas,29,CF,71.43,92.86,74.49,74.76,89.29,87.14,95,0,1,S,,
2023/24,Liga 3,Alex Tanque,Canelas 2010,30,CF,35,45.22,47.96,57.62,77.86,83.33,67.5,0,15,C,,
2023/24,Liga 3,Rui Areias,Varzim,30,CF,41.07,38.15,18.98,9.52,46.43,64.52,31.43,0,32,E,0,
2023/24,Liga 3,Fábio Fortes,Lusitania FC Lourosa,32,CF,71.79,54.27,54.69,34.29,49.64,50.48,36.43,0,18,C,,
2023/24,Liga 3,Joel Silva,Fafe,33,CF,43.21,41.3,29.18,20.95,73.21,35.48,35.71,0,28,E,,
2023/24,Liga 3,Diogo Ribeiro,Oliveira Hospital,33,CF,28.21,22.14,15.1,20.48,50,71.43,53.57,0,30,E,,
2023/24,Liga 3,Diego Callai,Sporting CP B,19,GK,0,0,0,0,0,0,0,54.01,13,C,,
2023/24,Liga 3,Bernardo Fontes,SC Braga B,21,GK,0,0,0,0,0,0,0,63.58,7,B,,
2023/24,Liga 3,Francisco Lemos,Atlético CP,21,GK,0,0,0,0,0,0,0,28.7,23,F,,
2023/24,Liga 3,Diogo Almeida,1º Dezembro,22,GK,0,0,0,0,0,0,0,60.19,8,B,,
2023/24,Liga 3,Bruno Miguel,Canelas 2010,22,GK,0,0,0,0,0,0,0,54.94,12,C,,
2023/24,Liga 3,Francisco Enes,Pêro Pinheiro,23,GK,0,0,0,0,0,0,0,25.31,26,F,,
2023/24,Liga 3,Rúben Rendeiro,Amora,24,GK,0,0,0,0,0,0,0,50,16,C,,
2023/24,Liga 3,João Gonçalo,Sporting Covilhã,24,GK,0,0,0,0,0,0,0,39.81,21,D,,
2023/24,Liga 3,Diogo Garrido,Caldas,24,GK,0,0,0,0,0,0,0,24.38,27,F,,
2023/24,Liga 3,Tiago Martins,Anadia,25,GK,0,0,0,0,0,0,0,64.81,5,B,,
2023/24,Liga 3,Nuno Silva,Trofense,26,GK,0,0,0,0,0,0,0,67.9,4,A,,
2023/24,Liga 3,João Bravim,Alverca,26,GK,0,0,0,0,0,0,0,79.01,1,S,,
2023/24,Liga 3,Carlos Alves,Académica,26,GK,0,0,0,0,0,0,0,59.88,9,B,,
2023/24,Liga 3,João Matos,Canelas 2010,27,GK,0,0,0,0,0,0,0,37.04,22,E,,
2023/24,Liga 3,Márcio Rosa,Anadia,27,GK,0,0,0,0,0,0,0,45.06,20,D,,
2023/24,Liga 3,Gabriel Souza,Fafe,27,GK,0,0,0,0,0,0,0,74.38,3,S,,
2023/24,Liga 3,Kadú,Oliveira Hospital,29,GK,0,0,0,0,0,0,0,55.25,11,C,,
2023/24,Liga 3,Guilherme Cioletti,Vianense,30,GK,0,0,0,0,0,0,0,64.2,6,B,,
2023/24,Liga 3,Nélson Pinhão,Atlético CP,30,GK,0,0,0,0,0,0,0,28.4,25,F,,
2023/24,Liga 3,José Costa,Lusitania FC Lourosa,30,GK,0,0,0,0,0,0,0,46.91,18,C,,
2023/24,Liga 3,Wilson Soares,Caldas,31,GK,0,0,0,0,0,0,0,28.7,24,F,,
2023/24,Liga 3,Bruno Pinto,Felgueiras 1932,31,GK,0,0,0,0,0,0,0,75.93,2,S,,
2023/24,Liga 3,Diogo Almeida,Sanjoanense,32,GK,0,0,0,0,0,0,0,57.72,10,B,,
2023/24,Liga 3,Luís Ribeiro,Alverca,32,GK,0,0,0,0,0,0,0,50.31,15,C,,
2023/24,Liga 3,C. Okoua,Sanjoanense,32,GK,0,0,0,0,0,0,0,52.78,14,C,,
2023/24,Liga 3,G. Makaridze,Sporting Covilhã,34,GK,0,0,0,0,0,0,0,46.91,19,C,,
2023/24,Liga 3,Ricardo Nunes,Varzim,41,GK,0,0,0,0,0,0,0,47.22,17,C,0,
2023/24,Liga Revelação U23,Lucas Taibo,Sporting CP U23,18,CB,29,47.34,52.14,82.67,77.5,37.33,86.5,0,14,B,,
2023/24,Liga Revelação U23,João Fonseca,Benfica U23,18,CB,50.25,34,57.29,66.33,49.25,55.17,78,0,15,B,,
2023/24,Liga Revelação U23,M. Lauritsen,Mafra U23,19,CB,40,34,45.57,52.67,68.75,27.67,53.5,0,40,D,,
2023/24,Liga Revelação U23,K. Käit,Rio Ave U23,19,CB,72.75,64.67,47,16.33,58.25,41.33,23,0,37,D,,
2023/24,Liga Revelação U23,Tiago Gabriel,Estrela Amadora U23,19,CB,86.5,54.39,67.14,53.67,49.75,79.67,68.5,0,2,S,,
2023/24,Liga Revelação U23,Gonçalo Barros,Mafra U23,19,CB,22,34,44.71,74.67,48.5,51.17,58,0,27,C,,
2023/24,Liga Revelação U23,Francisco Pinho,Famalicão U23,19,CB,37.25,61,40.14,32.67,28.5,52,34.5,0,42,D,,
2023/24,Liga Revelação U23,P. Lanquetin,Estoril U23,19,CB,73.5,93.34,82,86.33,71.5,54.83,44.5,0,3,S,,
2023/24,Liga Revelação U23,Lee Ye-Chan,Portimonense U23,19,CB,63,34,59.14,66.33,55,45.83,80.5,0,16,B,,
2023/24,Liga Revelação U23,Luís Sampaio,Famalicão U23,19,CB,63.75,34,34.29,19.33,31.75,44.5,18.5,0,47,E,,
2023/24,Liga Revelação U23,Jarleysom,Torreense U23,20,CB,51.75,76.72,59.71,71.67,49.75,66.83,68.25,0,5,A,,
2023/24,Liga Revelação U23,E. Ahouonon,Torreense U23,20,CB,77.5,51.05,78.14,76.33,48.25,71.5,63.75,0,4,S,,
2023/24,Liga Revelação U23,Manel Ezequiel,Portimonense U23,20,CB,36.75,62.06,48.71,56.67,70.75,63,57.25,0,12,B,,
2023/24,Liga Revelação U23,Matheus Gonçalves,Farense U23,20,CB,55,34,34.14,30.67,58.75,77.67,57.75,0,18,B,,
2023/24,Liga Revelação U23,Tiago Cóser,Benfica U23,20,CB,80.5,52.07,58.14,40.67,45.75,59.67,39.25,0,21,B,,
2023/24,Liga Revelação U23,Hugo Oliveira,Famalicão U23,20,CB,78.5,51.34,55.86,32.67,72.75,92.17,54.5,0,1,S,,
2023/24,Liga Revelação U23,Nuno Matos,Sporting Braga U23,20,CB,34.75,75.34,70.57,92.67,88.5,22.83,58.5,0,17,B,,
2023/24,Liga Revelação U23,Kauã Oliveira,Academico Viseu U23,20,CB,49.75,34,29.14,21,50.75,40.33,34.5,0,46,E,,
2023/24,Liga Revelação U23,Carlos Ventura,Gil Vicente U23,20,CB,76.25,40.05,54.57,34,51.75,49,34,0,31,C,,
2023/24,Liga Revelação U23,Afonso Pinto,Estrela Amadora U23,20,CB,70,62.9,59.57,55.67,31.75,74.5,57.75,0,9,A,,
2023/24,Liga Revelação U23,Diogo Morgado,Rio Ave U23,20,CB,21.75,34,36.14,55,27,56.17,59.5,0,38,D,,
2023/24,Liga Revelação U23,Martim Filipe,Estoril U23,20,CB,49.5,34,36,33.67,56.25,22.5,19.5,0,49,F,,
2023/24,Liga Revelação U23,Rui Carreira,Vizela U23,20,CB,74.75,51.34,61.57,51,49.25,38.83,36.25,0,28,C,,
2023/24,Liga Revelação U23,Fodé Pascoal,Sporting Braga U23,20,CB,76.25,45,62.57,52,75.75,60,60.5,0,7,A,,
2023/24,Liga Revelação U23,Tiago Costa,Leixões U23,20,CB,14.5,40.71,19,24.67,19.25,43.83,31,0,50,F,,
2023/24,Liga Revelação U23,Hugo Faria,Leixões U23,20,CB,67.25,56.67,59.86,45.33,27.5,60,55.5,0,24,C,,
2023/24,Liga Revelação U23,M. Injai,Vizela U23,21,CB,56,45,62.86,71,6.75,42.83,71,0,32,C,,
2023/24,Liga Revelação U23,João Sérgio,Vizela U23,21,CB,13,34,39.29,74,26.25,19.5,52.25,0,48,F,,
2023/24,Liga Revelação U23,António Oliveira,Gil Vicente U23,21,CB,54.25,34,40.43,34.33,72,51.67,36.5,0,30,C,,
2023/24,Liga Revelação U23,Kauan Ferreira,Santa Clara U23,21,CB,70.5,72.12,73.43,62,41.25,49.83,68,0,11,A,,
2023/24,Liga Revelação U23,Guilherme Magalhães,Estoril U23,21,CB,74.5,63.07,63,52.33,58.25,52.33,54,0,13,B,,
2023/24,Liga Revelação U23,Emanuel Fernandes,Sporting CP U23,21,CB,24.25,51.34,46.71,59,82.75,44,58.5,0,25,C,,
2023/24,Liga Revelação U23,Feliciano Mendes,Portimonense U23,21,CB,33.75,74.34,54,60,50.5,65,67.75,0,10,A,,
2023/24,Liga Revelação U23,Diogo Costa,Gil Vicente U23,21,CB,57,56.67,56.29,32.33,61.25,38.67,24.5,0,36,D,,
2023/24,Liga Revelação U23,Tomás Sério,Academico Viseu U23,21,CB,14,71,24.71,21.33,60.5,76.17,56.25,0,23,B,,
2023/24,Liga Revelação U23,Marco Torres,Sporting Braga U23,21,CB,20,51.49,45.14,67.33,81.75,21.83,45.5,0,39,D,,
2023/24,Liga Revelação U23,Gabriel Araújo,Academico Viseu U23,22,CB,26.5,81.72,52.43,69.33,71.75,55.67,69.5,0,8,A,,
2023/24,Liga Revelação U23,A. Mintongo,Farense U23,22,CB,68.5,38.29,62.43,71.67,60.25,42.67,50.5,0,22,B,,
2023/24,Liga Revelação U23,Pedro Pereira,Torreense U23,22,CB,48.5,43.38,36.29,19.67,46.75,43.33,32,0,44,E,,
2023/24,Liga Revelação U23,Daniel Alves,Santa Clara U23,22,CB,61.5,39.39,67.29,87.33,55.75,45.17,53.25,0,19,B,,
2023/24,Liga Revelação U23,Fernando Almeida,Leixões U23,22,CB,70.5,58.67,83.43,96,62.75,39,68,0,6,A,,
2023/24,Liga Revelação U23,H. Diallo,Farense U23,22,CB,24,69,34.43,30.67,58.25,52.83,36.5,0,33,C,,
2023/24,Liga Revelação U23,K. Rodrigue Kouassi,Leixões U23,22,CB,16,34,25,36.67,39.25,51.17,41.75,0,45,E,,
2023/24,Liga Revelação U23,Gabriel Passos,Mafra U23,22,CB,43.5,45,40,24,46.25,45,42.25,0,43,D,,
2023/24,Liga Revelação U23,Brendo Marins,Estrela Amadora U23,22,CB,75,34,57,55.33,21.25,48.83,55.25,0,29,C,,
2023/24,Liga Revelação U23,Davi Cabral,Vizela U23,22,CB,83.25,51.67,58.14,47,13.75,35,57.5,0,34,D,,
2023/24,Liga Revelação U23,Pablo Veloso,Estrela Amadora U23,23,CB,71,55.72,49.71,26,38.75,50.5,26.25,0,35,D,,
2023/24,Liga Revelação U23,H. Bility,Mafra U23,23,CB,30.25,46.06,24.71,17,46.75,64.83,31,0,41,D,,
2023/24,Liga Revelação U23,Cesinha,Santa Clara U23,23,CB,24.75,51.34,45.29,55,49.75,61.17,57.25,0,26,C,,
2023/24,Liga Revelação U23,Maycon Douglas,Santa Clara U23,23,CB,36.75,56.67,54.86,56,35,64.67,61.5,0,20,B,,
2023/24,Liga Revelação U23,Tiago Parente,Benfica U23,18,FB & WB,39.33,64.17,52.79,56.5,84.15,51.22,38.11,0,14,C,,
2023/24,Liga Revelação U23,Afonso Martins,Portimonense U23,19,FB & WB,65.55,53.3,51.92,41.87,69.21,33.13,51.52,0,22,C,,
2023/24,Liga Revelação U23,José Silva,Sporting CP U23,19,FB & WB,90.24,83.76,79.44,60.57,32.01,60.98,63.11,0,8,A,,
2023/24,Liga Revelação U23,B. Dje,Mafra U23,19,FB & WB,88.41,52.79,74.22,71.14,69.21,70.53,73.48,0,3,S,,
2023/24,Liga Revelação U23,Guilherme Costa,Sporting Braga U23,19,FB & WB,34.45,50.35,38.85,41.87,51.52,75.61,51.83,0,19,C,,
2023/24,Liga Revelação U23,Duarte Oliveira,Famalicão U23,19,FB & WB,29.57,25.52,33.97,47.56,33.54,48.78,45.43,0,35,E,,
2023/24,Liga Revelação U23,Gu Costa,Academico Viseu U23,19,FB & WB,29.57,64.02,31.18,23.17,45.73,68.5,27.74,0,32,D,,
2023/24,Liga Revelação U23,Luís Martins,Gil Vicente U23,20,FB & WB,59.45,41.06,60.63,73.17,45.73,32.52,59.76,0,17,C,,
2023/24,Liga Revelação U23,Euri Carvalho,Estrela Amadora U23,20,FB & WB,35.06,64.17,38.5,28.86,25,33.74,26.22,0,38,E,,
2023/24,Liga Revelação U23,Joaquim Marques,Leixões U23,20,FB & WB,86.59,40.97,53.31,27.64,29.57,53.25,33.54,0,27,D,,
2023/24,Liga Revelação U23,Gustavo Almeida,Academico Viseu U23,20,FB & WB,34.45,48.97,50.87,69.92,45.73,29.88,78.96,0,20,C,,
2023/24,Liga Revelação U23,António Infante,Vizela U23,20,FB & WB,64.02,85.38,52.44,25.2,46.95,52.85,34.76,0,23,C,,
2023/24,Liga Revelação U23,Tiago Parente,Sporting CP U23,20,FB & WB,79.88,71.7,75.26,61.79,62.5,59.15,53.66,0,7,A,,
2023/24,Liga Revelação U23,Mauro Ribeiro,Mafra U23,20,FB & WB,39.33,25.98,32.4,23.98,50.61,62.4,28.96,0,34,E,,
2023/24,Liga Revelação U23,José Macedo,Famalicão U23,20,FB & WB,26.52,54.47,48.61,71.54,36.28,36.99,65.85,0,24,C,,
2023/24,Liga Revelação U23,Tiago Freitas,Academico Viseu U23,20,FB & WB,77.74,22.36,56.97,47.97,37.8,26.22,41.46,0,30,D,,
2023/24,Liga Revelação U23,Diogo Spencer,Benfica U23,20,FB & WB,50.61,29.46,46.86,46.75,90.85,31.1,33.84,0,26,D,,
2023/24,Liga Revelação U23,Martim Cruz,Estrela Amadora U23,20,FB & WB,26.52,51.82,23,11.79,22.87,53.66,17.99,0,41,F,,
2023/24,Liga Revelação U23,Vitor Santos,Leixões U23,20,FB & WB,22.26,22.36,24.22,27.64,50.61,61.59,54.27,0,33,E,,
2023/24,Liga Revelação U23,Leandro Dias,Sporting Braga U23,21,FB & WB,74.09,90.21,70.03,59.76,79.88,24.39,54.27,0,11,B,,
2023/24,Liga Revelação U23,Sylvestre Costa,Vizela U23,21,FB & WB,65.85,76.87,52.26,39.84,45.73,41.46,54.57,0,18,C,,
2023/24,Liga Revelação U23,Diogo Ribeiro,Rio Ave U23,21,FB & WB,67.07,60.61,50.7,28.46,58.23,58.54,37.8,0,21,C,,
2023/24,Liga Revelação U23,Gonçalo Braga,Sporting CP U23,21,FB & WB,47.26,14.23,36.59,31.3,63.11,56.1,35.06,0,31,D,,
2023/24,Liga Revelação U23,Daniel Xavier,Farense U23,21,FB & WB,25.3,48.52,45.99,78.46,56.71,41.46,72.56,0,16,C,,
2023/24,Liga Revelação U23,Hwang In-Taek,Estoril U23,21,FB & WB,24.7,30.69,28.75,41.87,48.48,31.3,42.38,0,37,E,,
2023/24,Liga Revelação U23,Samuel Velho,Santa Clara U23,21,FB & WB,17.38,26.83,32.93,58.54,30.79,32.72,52.44,0,36,E,,
2023/24,Liga Revelação U23,Vicente Durand,Sporting Braga U23,21,FB & WB,21.34,48.02,37.8,60.57,73.78,73.98,69.51,0,12,B,,
2023/24,Liga Revelação U23,Fábio Alexandre,Leixões U23,21,FB & WB,33.23,54.47,42.33,37.8,70.43,81.91,54.57,0,13,C,,
2023/24,Liga Revelação U23,Diogo Costa,Famalicão U23,21,FB & WB,63.72,47.15,73.87,75.2,75.61,75,65.55,0,4,A,,
2023/24,Liga Revelação U23,Rodrigo Fajardo,Torreense U23,21,FB & WB,48.17,79.23,52.44,45.53,54.57,31.5,17.07,0,29,D,,
2023/24,Liga Revelação U23,Lucas Kawan,Santa Clara U23,21,FB & WB,57.62,64.63,70.38,88.62,60.37,63.01,71.95,0,5,A,,
2023/24,Liga Revelação U23,Dário Miranda,Farense U23,21,FB & WB,79.27,44.26,75.26,74.39,56.71,48.78,76.83,0,9,A,,
2023/24,Liga Revelação U23,Alvaro Oliveira,Gil Vicente U23,22,FB & WB,43.6,33.74,58.54,71.95,67.07,37.8,61.28,0,15,C,,
2023/24,Liga Revelação U23,Italo,Vizela U23,22,FB & WB,75.91,67.92,79.09,93.5,34.45,75.61,85.37,0,2,S,,
2023/24,Liga Revelação U23,Mario Rodrigues,Farense U23,22,FB & WB,70.12,88.76,76.66,76.83,54.57,55.49,66.77,0,6,A,,
2023/24,Liga Revelação U23,Ruca,Rio Ave U23,22,FB & WB,84.15,79,74.39,63.41,67.68,75.61,87.2,0,1,S,,
2023/24,Liga Revelação U23,B. Camara,Leixões U23,22,FB & WB,32.62,36.18,38.5,51.22,38.41,70.93,50.3,0,25,D,,
2023/24,Liga Revelação U23,Rui André,Rio Ave U23,22,FB & WB,70.43,50.81,62.72,57.32,53.35,11.99,29.88,0,28,D,,
2023/24,Liga Revelação U23,João Barros,Gil Vicente U23,23,FB & WB,58.84,29.67,64.63,65.85,47.26,70.73,77.44,0,10,B,,
2023/24,Liga Revelação U23,Tiago Carvalho,Portimonense U23,23,FB & WB,41.46,23.52,29.09,17.48,15.85,54.27,23.48,0,40,F,,
2023/24,Liga Revelação U23,Pedro,Estoril U23,24,FB & WB,18.29,52.03,21.6,23.17,17.07,45.33,33.23,0,39,F,,
2023/24,Liga Revelação U23,João Veloso,Benfica U23,19,MF,78.57,84.23,75,65.48,82.44,37.7,54.76,0,4,A,,
2023/24,Liga Revelação U23,P. Okon,Benfica U23,19,MF,47.32,53.07,26.87,18.65,66.37,70.63,43.75,0,25,C,,
2023/24,Liga Revelação U23,Henrique Arreiol,Sporting CP U23,19,MF,63.1,38.68,59.52,68.25,73.51,62.1,73.21,0,7,A,,
2023/24,Liga Revelação U23,G. Fraulo,Mafra U23,19,MF,48.21,58.59,71.26,84.52,70.54,13.69,50,0,13,B,,
2023/24,Liga Revelação U23,Geovanny Almeida,Farense U23,20,MF,67.26,38.35,56.97,55.95,38.99,50.99,61.01,0,19,C,,
2023/24,Liga Revelação U23,Rafael Besugo,Sporting CP U23,20,MF,62.5,56.54,58.16,53.57,40.77,45.63,47.92,0,20,C,,
2023/24,Liga Revelação U23,O. Kolawole,Mafra U23,20,MF,35.42,59.38,42.01,39.68,67.26,33.93,31.25,0,32,D,,
2023/24,Liga Revelação U23,Diogo Magalhães,Academico Viseu U23,20,MF,49.7,33.41,43.2,34.52,54.76,66.87,36.61,0,27,C,,
2023/24,Liga Revelação U23,Tiago Brito,Vizela U23,20,MF,44.64,32.35,26.02,15.87,19.35,50.79,35.71,0,40,F,,
2023/24,Liga Revelação U23,J. Musbaudeen,Mafra U23,20,MF,59.23,32.17,47.96,44.44,48.21,63.1,54.17,0,21,C,,
2023/24,Liga Revelação U23,João Faria,Sporting Braga U23,20,MF,44.64,59.58,48.64,40.08,50,33.13,29.17,0,35,D,,
2023/24,Liga Revelação U23,Yanis Rocha,Sporting Braga U23,20,MF,15.48,27.19,31.12,51.59,49.4,64.48,63.39,0,31,C,,
2023/24,Liga Revelação U23,Rafael Paulino,Academico Viseu U23,20,MF,21.43,36.22,30.78,42.86,77.38,50.6,40.48,0,29,C,,
2023/24,Liga Revelação U23,David Peres,Santa Clara U23,20,MF,66.96,68.28,50.51,30.56,30.95,67.26,33.93,0,24,C,,
2023/24,Liga Revelação U23,Ivo Lopes,Sporting Braga U23,20,MF,49.7,67.38,25,5.56,31.85,81.94,40.48,0,36,D,,
2023/24,Liga Revelação U23,Martim Boloto,Vizela U23,20,MF,32.14,69.37,46.77,46.03,46.73,44.05,50,0,28,C,,
2023/24,Liga Revelação U23,Marcelo Caldas,Gil Vicente U23,21,MF,56.55,16.52,29.25,17.46,39.58,50.2,44.64,0,39,E,,
2023/24,Liga Revelação U23,João Neto,Famalicão U23,21,MF,63.99,46.68,67.35,82.54,47.92,78.97,88.1,0,3,A,,
2023/24,Liga Revelação U23,Tiago Augusto,Torreense U23,21,MF,36.9,44.47,57.65,77.78,61.31,79.37,76.49,0,6,A,,
2023/24,Liga Revelação U23,S. Omrani,Portimonense U23,21,MF,79.17,66.7,72.62,53.57,17.86,69.84,42.56,0,15,B,,
2023/24,Liga Revelação U23,Pedro Ribeiro,Rio Ave U23,21,MF,26.19,38.81,37.41,48.81,70.24,76.98,44.94,0,17,C,,
2023/24,Liga Revelação U23,João Santos,Famalicão U23,21,MF,47.02,29.22,52.72,59.52,64.29,57.54,65.48,0,14,B,,
2023/24,Liga Revelação U23,Cláudio Araújo,Gil Vicente U23,21,MF,70.24,84.04,78.57,71.43,83.63,25,39.29,0,8,A,,
2023/24,Liga Revelação U23,L. Marrugo,Vizela U23,21,MF,32.14,23.1,20.41,19.44,55.06,63.69,37.2,0,37,D,,
2023/24,Liga Revelação U23,Idrissa Camará,Estrela Amadora U23,21,MF,16.07,63.4,25.17,24.6,50.3,64.09,55.36,0,34,D,,
2023/24,Liga Revelação U23,André Simões,Gil Vicente U23,21,MF,71.13,46.29,65.65,60.71,61.31,10.91,34.52,0,26,C,,
2023/24,Liga Revelação U23,B. Valésio,Torreense U23,21,MF,10.42,25.58,7.14,5.56,27.98,67.26,30.36,0,42,F,,
2023/24,Liga Revelação U23,Kim Yong-Hak,Portimonense U23,21,MF,86.61,29.22,74.49,72.62,34.52,21.83,69.35,0,18,C,,
2023/24,Liga Revelação U23,Fodelcio Pereira,Rio Ave U23,21,MF,91.67,46.6,80.1,84.52,57.74,55.95,83.04,0,2,S,,
2023/24,Liga Revelação U23,Tiago Ventura,Vizela U23,22,MF,52.98,68.17,72.45,83.33,28.57,49.6,57.74,0,11,B,,
2023/24,Liga Revelação U23,Manuel Figueiredo,Estrela Amadora U23,22,MF,56.85,67.88,52.72,47.62,39.58,37.5,33.93,0,30,C,,
2023/24,Liga Revelação U23,Fran Pereira,Estoril U23,22,MF,42.86,84.93,57.48,57.14,41.07,60.12,61.01,0,12,B,,
2023/24,Liga Revelação U23,Duarte Carvalho,Estoril U23,22,MF,74.7,83.96,80.44,84.52,55.95,34.13,65.77,0,5,A,,
2023/24,Liga Revelação U23,Claudio Mendes,Portimonense U23,22,MF,14.29,18.9,25.34,42.86,32.44,27.58,38.1,0,41,F,,
2023/24,Liga Revelação U23,Davis Silva,Portimonense U23,22,MF,93.45,54.83,90.31,89.68,45.83,21.63,59.82,0,10,A,,
2023/24,Liga Revelação U23,Jorginho,Leixões U23,22,MF,64.88,66.46,43.88,23.02,38.99,54.76,25,0,33,D,,
2023/24,Liga Revelação U23,Rodrigo Valente,Santa Clara U23,23,MF,85.12,43.51,66.5,44.84,75,65.08,39.29,0,9,A,,
2023/24,Liga Revelação U23,Diogo Paulo,Farense U23,23,MF,42.26,91.01,65.48,80.56,75.89,73.81,71.13,0,1,S,,
2023/24,Liga Revelação U23,A. Awudu,Vizela U23,23,MF,96.43,25.25,75.34,70.24,23.21,46.83,69.05,0,16,B,,
2023/24,Liga Revelação U23,Henrick Oliveira,Estrela Amadora U23,23,MF,22.62,80.06,51.53,65.87,36.61,41.47,57.74,0,22,C,,
2023/24,Liga Revelação U23,Ricardo Sousa,Portimonense U23,23,MF,15.18,32,19.22,27.38,59.82,50.4,50.89,0,38,D,,
2023/24,Liga Revelação U23,Michel Costa,Estoril U23,23,MF,13.99,57.61,40.99,56.75,76.79,28.57,63.39,0,23,C,,
2023/24,Liga Revelação U23,Geovany Quenda,Sporting CP U23,17,AM & W,73.21,92.35,81.43,81.9,75,50.24,75.71,0,1,S,,
2023/24,Liga Revelação U23,Rodrigo Ribeiro,Famalicão U23,18,AM & W,23.21,38.1,15.31,17.14,57.14,25.24,12.86,0,35,F,,
2023/24,Liga Revelação U23,Gonçalo Moreira,Benfica U23,18,AM & W,73.93,76.39,56.94,32.86,73.93,60,35,0,12,B,,
2023/24,Liga Revelação U23,Ivan Lima,Benfica U23,19,AM & W,69.29,65.02,86.53,97.62,30.71,32.14,59.29,0,4,A,,
2023/24,Liga Revelação U23,Guilherme Santos,Sporting CP U23,19,AM & W,36.43,46.2,56.53,64.76,87.86,45.24,48.21,0,13,C,,
2023/24,Liga Revelação U23,Kyanno Silva,Benfica U23,19,AM & W,76.79,49.51,76.73,80.95,35,52.38,65.71,0,8,B,,
2023/24,Liga Revelação U23,Rodrigo Mendes,Mafra U23,19,AM & W,35.71,28.08,37.55,38.1,28.57,43.33,42.86,0,32,E,,
2023/24,Liga Revelação U23,T. Yukutomo,Famalicão U23,19,AM & W,39.64,55.11,40,39.05,35.36,48.1,22.86,0,28,D,,
2023/24,Liga Revelação U23,Afonso Duarte,Sporting Braga U23,19,AM & W,90.71,42.3,67.55,54.76,66.79,61.9,60,0,7,B,,
2023/24,Liga Revelação U23,Tiago Queiroz,Santa Clara U23,19,AM & W,51.43,65.22,38.78,22.38,46.43,60.24,22.14,0,25,D,,
2023/24,Liga Revelação U23,Rodrigo Geraldo,Academico Viseu U23,20,AM & W,69.29,35.7,66.12,81.9,61.79,51.19,57.14,0,10,B,,
2023/24,Liga Revelação U23,D. Ali,Gil Vicente U23,20,AM & W,48.21,43.54,41.43,32.86,26.07,53.1,50.36,0,26,D,,
2023/24,Liga Revelação U23,Fábio Ferreira,Rio Ave U23,20,AM & W,8.57,31.33,11.63,15.24,76.79,35.71,28.93,0,34,F,,
2023/24,Liga Revelação U23,Luís Gomes,Sporting CP U23,20,AM & W,47.86,78.08,49.39,37.14,66.07,49.76,39.29,0,16,C,,
2023/24,Liga Revelação U23,Isaac,Santa Clara U23,20,AM & W,55.71,36.45,29.59,13.33,65.71,83.1,44.29,0,23,D,,
2023/24,Liga Revelação U23,Gonçalo Santos,Leixões U23,20,AM & W,12.5,49.26,50,80.95,33.57,60,77.5,0,18,C,,
2023/24,Liga Revelação U23,Edgar Costa,Santa Clara U23,20,AM & W,48.93,56.73,40.61,29.52,34.29,37.62,45.71,0,27,D,,
2023/24,Liga Revelação U23,Dudu,Famalicão U23,20,AM & W,12.14,24.75,23.47,41.43,31.79,47.62,45.36,0,33,E,,
2023/24,Liga Revelação U23,David Costa,Torreense U23,20,AM & W,33.93,40.81,25.51,24.29,48.93,52.14,45.36,0,31,E,,
2023/24,Liga Revelação U23,Caio Santana,Estrela Amadora U23,20,AM & W,67.86,49.51,60.41,49.52,55.71,85.24,60.71,0,9,B,,
2023/24,Liga Revelação U23,Afonso Lemos,Rio Ave U23,20,AM & W,30.36,65.7,49.18,67.62,25,66.67,81.43,0,14,C,,
2023/24,Liga Revelação U23,André Candeias,Farense U23,21,AM & W,70,50.75,68.98,78.1,37.86,45.95,72.14,0,11,B,,
2023/24,Liga Revelação U23,Rodrigo Matos,Mafra U23,21,AM & W,92.14,27.6,65.51,53.33,38.57,23.57,37.5,0,22,C,,
2023/24,Liga Revelação U23,Rodrigo Ramos,Estoril U23,21,AM & W,95.71,60.81,59.39,21.9,69.64,40.48,28.21,0,17,C,,
2023/24,Liga Revelação U23,João Teixeira,Rio Ave U23,21,AM & W,19.29,41.93,36.73,40.95,68.57,91.9,66.43,0,20,C,,
2023/24,Liga Revelação U23,Ricardo Rei,Sporting Braga U23,21,AM & W,75,58,72.24,63.33,79.64,34.29,57.86,0,6,B,,
2023/24,Liga Revelação U23,Martim Ferreira,Academico Viseu U23,21,AM & W,71.07,57.65,59.18,50.95,40,53.33,41.07,0,15,C,,
2023/24,Liga Revelação U23,Guilherme Sequeira,Mafra U23,21,AM & W,29.64,28.08,38.57,44.76,72.86,49.05,55.71,0,24,D,,
2023/24,Liga Revelação U23,Edgar Nanque,Sporting Braga U23,21,AM & W,30.71,59.55,24.08,18.1,75.71,95.24,55,0,21,C,,
2023/24,Liga Revelação U23,Joel Mendes,Mafra U23,22,AM & W,73.57,49.99,82.86,97.14,23.57,44.76,75.71,0,5,B,,
2023/24,Liga Revelação U23,Smary Piedade,Estrela Amadora U23,22,AM & W,28.93,18.83,37.14,61.43,18.57,64.29,52.14,0,29,D,,
2023/24,Liga Revelação U23,Marlon Maranhão,Gil Vicente U23,22,AM & W,43.57,69.78,67.55,80,55.36,66.9,73.21,0,3,A,,
2023/24,Liga Revelação U23,Tiago Madeira,Farense U23,23,AM & W,25,59.28,49.59,72.86,71.43,31.19,48.21,0,19,C,,
2023/24,Liga Revelação U23,Fabrício Garcia,Estoril U23,23,AM & W,81.79,93.5,89.39,87.14,50.36,34.29,79.64,0,2,S,,
2023/24,Liga Revelação U23,Miguel Sena,Academico Viseu U23,24,AM & W,57.86,54.08,44.08,26.67,35.36,23.81,36.43,0,30,E,,
2023/24,Liga Revelação U23,Rodrigo Marquês,Sporting CP U23,18,CF,92,49.11,56.57,29.33,39.5,53.33,50,0,10,C,,
2023/24,Liga Revelação U23,Rudi Almeida,Famalicão U23,19,CF,26,54.72,43.14,55.33,58.5,72.33,64,0,15,C,,
2023/24,Liga Revelação U23,José Rodrigues,Sporting Braga U23,19,CF,70,17.11,58,52,28.5,44.33,44,0,17,C,,
2023/24,Liga Revelação U23,Rodrigo Mordomo,Sporting Braga U23,20,CF,82,67.07,74.86,62.67,68.5,89.67,61,0,1,S,,
2023/24,Liga Revelação U23,Rodrigo Ramos,Vizela U23,20,CF,30,92.01,57.43,86.67,76,52,74.5,0,2,A,,
2023/24,Liga Revelação U23,R. Araúz,Portimonense U23,20,CF,49,80.29,59.43,58.67,49,52,55,0,8,B,,
2023/24,Liga Revelação U23,Tiago Duarte,Santa Clara U23,20,CF,28.5,31.11,43.71,56,62.5,59.33,65,0,18,C,,
2023/24,Liga Revelação U23,José Melro,Benfica U23,20,CF,94,81.09,63.14,28,25,30.33,23,0,16,C,,
2023/24,Liga Revelação U23,Gustavo Barros,Famalicão U23,20,CF,65,24.44,37.14,20,46.5,59.67,49,0,22,D,,
2023/24,Liga Revelação U23,Pedro Clemente,Torreense U23,21,CF,54.5,46.04,38.29,41.33,29.5,51.33,46,0,20,D,,
2023/24,Liga Revelação U23,Tomás Maganete,Rio Ave U23,21,CF,36.5,80.37,40.86,28,83,75.33,64,0,11,C,,
2023/24,Liga Revelação U23,H. Ekanga Ondoa,Estrela Amadora U23,21,CF,45.5,72.15,57.71,64,38.5,31.67,61,0,13,C,,
2023/24,Liga Revelação U23,J. Lind,Mafra U23,21,CF,53.5,69.35,56.57,58,43,30,50.5,0,14,C,,
2023/24,Liga Revelação U23,P. Obah,Vizela U23,21,CF,51.5,46.44,73.71,86.67,5,19.67,60,0,12,C,,
2023/24,Liga Revelação U23,Miro,Gil Vicente U23,21,CF,87,38.44,72.29,53.33,53,36.33,41,0,7,B,,
2023/24,Liga Revelação U23,Rodrigo Conceição,Academico Viseu U23,21,CF,19,67.11,61.71,86.67,88,48.33,60,0,5,B,,
2023/24,Liga Revelação U23,N. Dos Santos,Rio Ave U23,22,CF,62.5,76.21,75.43,81.33,49.5,25.67,63,0,3,A,,
2023/24,Liga Revelação U23,Luís Pinto,Rio Ave U23,22,CF,14.5,29.77,34,59.33,79,51.33,38.5,0,23,D,,
2023/24,Liga Revelação U23,Diogo Cardoso,Portimonense U23,22,CF,30.5,43.5,36.57,33.33,78.5,59,39,0,21,D,,
2023/24,Liga Revelação U23,João Pinto,Gil Vicente U23,22,CF,24.5,64.7,49.43,66.67,77.5,82,68,0,6,B,,
2023/24,Liga Revelação U23,João Tavares,Estoril U23,22,CF,55.5,56.05,57.14,74,54.5,70,61,0,4,B,,
2023/24,Liga Revelação U23,J. Arthur,Torreense U23,22,CF,60.5,43.62,56,65.33,49,43,58,0,9,C,,
2023/24,Liga Revelação U23,Isnaba Graça,Estrela Amadora U23,22,CF,62.5,25.77,36.29,22,53.5,46,38,0,24,D,,
2023/24,Liga Revelação U23,Gabriel Morais,Santa Clara U23,22,CF,54,24.44,39.14,27.33,50.5,67.33,42.5,0,19,D,,
2023/24,Liga Revelação U23,A. Kastrati,Farense U23,23,CF,51.5,19.11,21.43,4,14,50,24,0,25,F,,
2023/24,Liga Revelação U23,João Afonso,Santa Clara U23,17,GK,0,0,0,0,0,0,0,55.56,9,C,,
2023/24,Liga Revelação U23,L. Veličković,Benfica U23,19,GK,0,0,0,0,0,0,0,30.16,20,F,,
2023/24,Liga Revelação U23,Zé Henrique,Famalicão U23,19,GK,0,0,0,0,0,0,0,37.3,17,E,,
2023/24,Liga Revelação U23,Guilherme Pires,Sporting CP U23,19,GK,0,0,0,0,0,0,0,69.05,3,A,,
2023/24,Liga Revelação U23,Francisco Silva,Sporting CP U23,19,GK,0,0,0,0,0,0,0,57.94,7,B,,
2023/24,Liga Revelação U23,Matheus Sampaio,Academico Viseu U23,20,GK,0,0,0,0,0,0,0,73.41,2,S,,
2023/24,Liga Revelação U23,João Carvalho,Sporting Braga U23,20,GK,0,0,0,0,0,0,0,59.92,6,B,,
2023/24,Liga Revelação U23,B. Isachenko,Torreense U23,20,GK,0,0,0,0,0,0,0,50,12,C,,
2023/24,Liga Revelação U23,Pedro Cardoso,Famalicão U23,20,GK,0,0,0,0,0,0,0,28.17,21,F,,
2023/24,Liga Revelação U23,Diogo Dias,Estoril U23,21,GK,0,0,0,0,0,0,0,77.38,1,S,,
2023/24,Liga Revelação U23,Paulo Cassoco,Estrela Amadora U23,22,GK,0,0,0,0,0,0,0,63.1,5,B,,
2023/24,Liga Revelação U23,Lucas Flores,Rio Ave U23,22,GK,0,0,0,0,0,0,0,42.06,15,D,,
2023/24,Liga Revelação U23,Kauan Firmino,Farense U23,22,GK,0,0,0,0,0,0,0,55.56,10,C,,
2023/24,Liga Revelação U23,Cambila,Estrela Amadora U23,22,GK,0,0,0,0,0,0,0,48.41,13,C,,
2023/24,Liga Revelação U23,Tomás Igreja,Portimonense U23,22,GK,0,0,0,0,0,0,0,38.89,16,E,,
2023/24,Liga Revelação U23,N. Bursać,Vizela U23,23,GK,0,0,0,0,0,0,0,57.94,8,B,,
2023/24,Liga Revelação U23,Bruno Carvalho,Gil Vicente U23,23,GK,0,0,0,0,0,0,0,36.9,18,E,,
2023/24,Liga Revelação U23,Tomás Carvalho,Mafra U23,23,GK,0,0,0,0,0,0,0,46.83,14,D,,
2023/24,Liga Revelação U23,Diogo Santos,Mafra U23,24,GK,0,0,0,0,0,0,0,67.46,4,A,,
2023/24,Liga Revelação U23,Fábio Matos,Leixões U23,25,GK,0,0,0,0,0,0,0,53.97,11,C,,
2023/24,Liga Revelação U23,Rodolfo Cardoso,Santa Clara U23,27,GK,0,0,0,0,0,0,0,33.33,19,E,,
2022/23,Liga Portugal,António Silva,Benfica,19,CB,85.62,46.86,73.21,64.17,63.96,33.47,56.25,0,19,C,,
2022/23,Liga Portugal,Gonçalo Inácio,Sporting CP,21,CB,58.54,66.03,65.71,67.5,87.92,47.78,62.5,0,8,A,,
2022/23,Liga Portugal,I. Bamba,Vitória SC,21,CB,23.33,66.87,35,33.33,18.54,66.81,21.25,0,49,D,,
2022/23,Liga Portugal,André Amaro,Vitória SC,21,CB,57.08,70.99,68.81,83.06,48.54,75.56,80.42,0,4,S,,
2022/23,Liga Portugal,Ítalo,Santa Clara,21,CB,41.67,35.19,44.64,48.33,44.38,39.86,25.42,0,55,E,,
2022/23,Liga Portugal,M. Tounkara,Vitória SC,21,CB,20,35.19,40.71,68.06,29.58,21.39,40.42,0,59,F,,
2022/23,Liga Portugal,Tomás Araújo,Gil Vicente,21,CB,73.96,52.14,73.33,67.78,75.83,45.69,73.96,0,7,A,,
2022/23,Liga Portugal,Nuno Lima,Paços de Ferreira,22,CB,56.88,39.69,36.19,23.06,53.54,45.28,17.5,0,53,E,,
2022/23,Liga Portugal,M. Mosquera,Marítimo,22,CB,32.29,52.42,43.93,59.17,42.08,75.56,88.13,0,10,B,1375000,
2022/23,Liga Portugal,Bernardo Vital,Estoril,22,CB,23.75,52.64,40.48,50.83,53.12,36.67,47.5,0,47,D,,
2022/23,Liga Portugal,Pedro Álvaro,Estoril,23,CB,49.58,39.69,50.6,64.17,65.21,35.56,39.58,0,39,D,,
2022/23,Liga Portugal,Filipe Relvas,Portimonense,23,CB,41.67,69.08,64.52,74.72,78.75,78.75,80.21,0,1,S,,
2022/23,Liga Portugal,S. Niakaté,SC Braga,24,CB,78.75,52.64,55.6,36.39,63.12,60.69,56.04,0,14,B,,
2022/23,Liga Portugal,Riccieli,Famalicão,24,CB,33.33,69.16,31.55,11.94,40.42,61.25,21.25,0,48,D,,
2022/23,Liga Portugal,E. Ferigra,Paços de Ferreira,24,CB,17.08,35.19,20.48,24.72,40.62,53.47,25.21,0,57,E,,
2022/23,Liga Portugal,J. Opoku,Arouca,24,CB,15,51.03,43.45,81.11,40,49.44,75.83,0,31,C,1500000,
2022/23,Liga Portugal,R. Pantalon,Rio Ave,25,CB,60.83,46.86,49.29,43.06,27.29,47.36,32.08,0,45,D,,
2022/23,Liga Portugal,Léo Andrade,Marítimo,25,CB,86.25,35.19,61.31,45.83,57.92,53.19,28.96,0,27,C,,
2022/23,Liga Portugal,R. Cannon,Boavista,25,CB,14.17,40.97,37.86,69.17,26.46,50.97,39.79,0,50,D,,
2022/23,Liga Portugal,E. Mihaj,Famalicão,25,CB,26.46,52.51,25.48,23.89,57.92,42.64,46.67,0,51,E,,200000
2022/23,Liga Portugal,Pedro Amaral,Rio Ave,25,CB,56.88,79.64,75.83,92.78,72.92,7.22,48.12,0,33,C,,
2022/23,Liga Portugal,Patrick William,Rio Ave,26,CB,67.71,75.75,83.33,93.06,67.71,60.97,70.21,0,3,S,,
2022/23,Liga Portugal,Lucas Cunha,Gil Vicente,26,CB,17.08,53.64,42.14,63.61,61.46,59.44,56.46,0,25,C,,
2022/23,Liga Portugal,J. St. Juste,Sporting CP,26,CB,65,84.29,80.12,98.89,72.71,28.33,74.58,0,6,A,,
2022/23,Liga Portugal,Bruno Wilson,Vizela,26,CB,51.46,79.51,61.19,56.94,31.87,60.56,56.46,0,16,B,,
2022/23,Liga Portugal,K. Boateng,Santa Clara,26,CB,90.42,35.19,51.67,19.72,34.17,65,49.38,0,29,C,,
2022/23,Liga Portugal,João Basso,Arouca,26,CB,60.42,35.19,48.57,56.11,60.21,71.11,73.75,0,9,B,,
2022/23,Liga Portugal,Pedrão,Portimonense,26,CB,75.42,57.42,80.6,79.72,84.58,59.17,75.83,0,2,S,,
2022/23,Liga Portugal,Vitor Tormena,SC Braga,27,CB,54.17,51.35,52.98,50.56,58.54,68.33,69.79,0,11,B,3000000,
2022/23,Liga Portugal,Ivanildo Fernandes,Vizela,27,CB,39.58,55.19,35.83,10.56,34.79,40.83,30.83,0,56,E,,
2022/23,Liga Portugal,C. Tassano,Santa Clara,27,CB,77.29,35.19,51.55,35,12.29,51.81,40.83,0,43,D,,
2022/23,Liga Portugal,João Nunes,Casa Pia AC,27,CB,63.33,41.61,61.31,74.44,44.38,48.06,56.67,0,24,C,,
2022/23,Liga Portugal,Ygor Nogueira,Santa Clara,28,CB,82.5,35.19,61.19,48.61,20.21,68.61,51.04,0,22,C,,
2022/23,Liga Portugal,Matheus Costa,Marítimo,28,CB,44.38,35.19,34.64,21.39,38.33,56.11,54.37,0,41,D,,
2022/23,Liga Portugal,Matheus Reis,Sporting CP,28,CB,62.71,71.28,79.64,90.83,81.46,26.94,54.17,0,13,B,,
2022/23,Liga Portugal,Ponck,Chaves,28,CB,29.38,74.64,35.71,21.67,26.88,57.5,36.46,0,46,D,,
2022/23,Liga Portugal,Anderson,Vizela,28,CB,81.46,39.69,49.4,28.61,25.21,41.39,48.54,0,44,D,,
2022/23,Liga Portugal,Nélson Monte,Chaves,28,CB,27.71,57.1,56.79,83.61,63.33,58.47,53.33,0,15,B,,
2022/23,Liga Portugal,Maracás,Paços de Ferreira,29,CB,25.21,35.19,23.1,20,36.04,42.92,39.17,0,58,F,,
2022/23,Liga Portugal,Park Ji-Soo,Portimonense,29,CB,16.25,76.31,43.81,58.06,56.46,64.17,56.25,0,18,C,,
2022/23,Liga Portugal,Fábio Cardoso,Porto,29,CB,92.08,47.66,62.86,44.72,61.04,34.03,42.08,0,34,C,,
2022/23,Liga Portugal,R. Abascal,Boavista,29,CB,25.42,76.8,41.55,45.83,66.67,48.33,50.62,0,32,C,,
2022/23,Liga Portugal,M. Villanueva,Vitória SC,30,CB,48.75,53.58,45.24,58.33,61.88,42.5,61.25,0,28,C,,
2022/23,Liga Portugal,N. Zolotić,Casa Pia AC,30,CB,25.62,58.4,54.17,80.28,53.96,56.25,54.37,0,20,C,,
2022/23,Liga Portugal,Renê Santos,Marítimo,31,CB,74.79,55.19,56.43,29.72,52.5,55.97,41.04,0,26,C,,
2022/23,Liga Portugal,Paulo Oliveira,SC Braga,31,CB,37.71,35.19,37.26,36.39,45.62,78.06,43.96,0,30,C,,
2022/23,Liga Portugal,Josué Sá,Rio Ave,31,CB,20.21,71.7,54.05,87.22,72.29,38.89,57.5,0,21,C,,
2022/23,Liga Portugal,N. Galović,Arouca,31,CB,14.17,35.19,19.17,25.56,27.71,36.53,43.12,0,60,F,,
2022/23,Liga Portugal,S. Coates,Sporting CP,32,CB,64.58,52.14,56.19,40.28,73.54,58.33,65.62,0,12,B,,
2022/23,Liga Portugal,V. Sasso,Boavista,32,CB,87.92,35.19,54.64,34.44,36.67,43.61,49.17,0,36,D,,
2022/23,Liga Portugal,Mexer,Estoril,34,CB,57.29,35.19,41.55,20.28,31.25,50.56,38.12,0,52,E,,
2022/23,Liga Portugal,Aderllan Santos,Rio Ave,34,CB,45.63,35.19,33.69,26.39,37.71,66.11,43.54,0,40,D,,
2022/23,Liga Portugal,Fernando Varela,Casa Pia AC,35,CB,75,35.19,59.29,48.06,36.88,37.08,35.83,0,42,D,,
2022/23,Liga Portugal,N. Otamendi,Benfica,35,CB,71.46,39.69,62.26,58.06,71.04,65.83,75.21,0,5,A,,
2022/23,Liga Portugal,Zainadine Júnior,Marítimo,35,CB,51.46,46.86,52.26,41.39,35.62,49.72,51.46,0,37,D,,
2022/23,Liga Portugal,Vasco Fernandes,Casa Pia AC,36,CB,35.62,51.35,41.79,38.06,42.71,59.72,40.42,0,38,D,,
2022/23,Liga Portugal,S. Vitória,Chaves,36,CB,87.5,35.19,52.14,27.5,31.88,53.89,47.5,0,35,C,,
2022/23,Liga Portugal,Iván Marcano,Porto,36,CB,89.17,40.97,67.5,63.33,68.12,28.47,60,0,23,C,,
2022/23,Liga Portugal,Rúben Fernandes,Gil Vicente,37,CB,36.88,35.19,34.76,31.67,63.96,40.56,26.25,0,54,E,,
2022/23,Liga Portugal,Pepe,Porto,40,CB,24.17,55.19,51.67,68.06,80.21,47.22,67.71,0,17,B,,
2022/23,Liga Portugal,Miguel Maga,Vitória SC,20,FB & WB,27.34,43.05,34.52,38.19,61.46,68.4,48.7,0,30,D,,
2022/23,Liga Portugal,Tiago Santos,Estoril,21,FB & WB,32.55,67.36,62.5,81.6,21.35,43.58,83.07,0,14,C,6500000,
2022/23,Liga Portugal,Alexandre Penetra,Famalicão,21,FB & WB,63.28,51.91,36.61,17.01,72.4,69.79,30.21,0,28,C,4200000,
2022/23,Liga Portugal,Pedro Malheiro,Boavista,22,FB & WB,22.92,61.53,36.61,41.67,37.24,48.61,46.35,0,39,D,,
2022/23,Liga Portugal,Fábio Ronaldo,Rio Ave,22,FB & WB,87.5,65.23,65.77,46.18,39.84,27.43,46.35,0,25,C,,
2022/23,Liga Portugal,Tiago Araújo,Estoril,22,FB & WB,76.56,19.79,72.62,81.25,19.27,36.81,63.02,0,22,C,,650000
2022/23,Liga Portugal,Mt,Santa Clara,22,FB & WB,28.65,17.36,20.68,14.58,28.91,54.86,37.76,0,48,F,,
2022/23,Liga Portugal,Leonardo Lelo,Casa Pia AC,23,FB & WB,44.01,71.58,47.92,46.53,36.46,41.15,48.96,0,33,D,,
2022/23,Liga Portugal,A. Freitas,Vitória SC,23,FB & WB,56.77,25.97,33.93,31.6,30.99,35.24,39.58,0,43,E,,
2022/23,Liga Portugal,Francisco Moura,Famalicão,23,FB & WB,80.47,48.21,70.98,68.06,39.58,54.34,55.73,0,12,B,,1000000
2022/23,Liga Portugal,Fabiano,SC Braga,23,FB & WB,22.66,26.04,33.18,43.06,72.66,52.43,37.5,0,37,D,700000,
2022/23,Liga Portugal,Pedro Porro,Sporting CP,23,FB & WB,80.21,97.92,86.16,77.78,67.19,23.96,53.12,0,5,A,40000000,
2022/23,Liga Portugal,Tomás Silva,Vizela,23,FB & WB,62.76,47.91,55.65,55.9,44.27,72.22,52.86,0,13,C,,
2022/23,Liga Portugal,João Mário,Porto,23,FB & WB,76.3,76.39,82.89,81.94,59.38,25.17,51.04,0,9,B,,
2022/23,Liga Portugal,Víctor Gómez,SC Braga,23,FB & WB,26.04,73.31,47.92,56.25,65.89,32.29,35.94,0,32,D,,
2022/23,Liga Portugal,Costinha,Rio Ave,23,FB & WB,81.51,54.05,67.56,63.19,30.73,76.56,52.08,0,10,B,,
2022/23,Liga Portugal,B. Onyemaechi,Boavista,24,FB & WB,38.28,53.62,53.27,62.85,36.2,56.08,61.72,0,20,C,,1000000
2022/23,Liga Portugal,Paulo Vitor,Rio Ave,24,FB & WB,62.24,47.91,74.55,86.81,28.91,36.28,57.81,0,16,C,,
2022/23,Liga Portugal,Arthur Gomes,Sporting CP,25,FB & WB,89.58,67.01,87.35,77.43,59.64,20.31,57.03,0,8,B,3000000,2900000
2022/23,Liga Portugal,A. Bah,Benfica,25,FB & WB,55.99,83.88,67.56,75,75.52,75.69,81.77,0,2,S,,
2022/23,Liga Portugal,Lucas Soares,Casa Pia AC,25,FB & WB,65.1,50.3,63.39,59.72,32.29,37.33,66.67,0,23,C,,
2022/23,Liga Portugal,Bruno Langa,Chaves,25,FB & WB,21.35,22.91,37.8,58.68,63.54,72.22,76.04,0,18,C,,
2022/23,Liga Portugal,B. Milovanov,Arouca,25,FB & WB,19.27,15.97,15.33,15.97,44.27,64.06,38.02,0,47,F,,
2022/23,Liga Portugal,Paulo Henrique,Santa Clara,26,FB & WB,41.67,19.79,28.57,13.19,58.33,43.75,31.77,0,44,F,,
2022/23,Liga Portugal,João Correia,Chaves,26,FB & WB,50,57.64,62.8,61.46,46.35,31.6,33.59,0,31,D,,
2022/23,Liga Portugal,Adrián Marín,Gil Vicente,26,FB & WB,23.96,28.82,28.57,33.68,83.33,53.82,37.76,0,36,D,,
2022/23,Liga Portugal,Mateus Quaresma,Arouca,26,FB & WB,38.8,31.4,38.54,56.25,74.48,65.1,65.62,0,17,C,,
2022/23,Liga Portugal,Pepê,Porto,26,FB & WB,89.06,91.12,81.4,66.67,64.32,23.26,61.98,0,6,B,,
2022/23,Liga Portugal,Z. Sanusi,Porto,26,FB & WB,31.77,36.85,44.35,52.78,61.2,46.53,57.81,0,29,D,,
2022/23,Liga Portugal,F. Moufi,Portimonense,27,FB & WB,60.16,45.83,52.83,40.62,35.94,74.13,50.78,0,21,C,,
2022/23,Liga Portugal,Alejandro Grimaldo,Benfica,27,FB & WB,81.51,92.93,79.76,72.22,90.62,57.29,70.83,0,1,S,0,
2022/23,Liga Portugal,M. Seck,Portimonense,27,FB & WB,17.97,61.24,45.39,68.75,13.28,44.97,54.69,0,35,D,,
2022/23,Liga Portugal,Tiago Esgaio,Arouca,28,FB & WB,42.71,39.58,27.23,8.68,55.21,56.6,27.6,0,42,E,,
2022/23,Liga Portugal,Kiki,Vizela,28,FB & WB,56.77,32.22,41.22,28.47,68.23,73.61,30.73,0,27,C,,
2022/23,Liga Portugal,Nuno Santos,Sporting CP,28,FB & WB,98.96,85.89,85.86,70.14,85.94,46.35,64.58,0,3,S,,
2022/23,Liga Portugal,Igor Julião,Vizela,28,FB & WB,52.6,19.79,35.12,39.93,26.04,28.65,43.49,0,45,F,,
2022/23,Liga Portugal,Derick Poloni,Casa Pia AC,29,FB & WB,33.59,41.84,44.49,50.69,4.95,31.08,36.46,0,46,F,,
2022/23,Liga Portugal,Cláudio Winck,Marítimo,29,FB & WB,84.9,48.95,76.19,80.9,49.22,54.51,70.57,0,4,A,,
2022/23,Liga Portugal,Vítor Costa,Marítimo,29,FB & WB,61.46,37.9,48.96,49.31,64.84,67.01,52.34,0,15,C,,
2022/23,Liga Portugal,J. Delgado,Paços de Ferreira,30,FB & WB,35.68,51,56.4,75.69,62.76,27.6,42.71,0,26,C,,
2022/23,Liga Portugal,Wendell,Porto,30,FB & WB,54.43,55.16,61.9,72.92,66.15,51.04,80.47,0,7,B,,
2022/23,Liga Portugal,Ricardo Esgaio,Sporting CP,30,FB & WB,77.08,64.93,60.57,34.72,59.64,45.49,48.96,0,19,C,,
2022/23,Liga Portugal,Carraça,Gil Vicente,30,FB & WB,19.79,65.2,33.78,35.76,59.38,54.86,26.82,0,38,D,,
2022/23,Liga Portugal,Nuno Sequeira,SC Braga,32,FB & WB,40.62,72.1,47.62,50.35,71.88,76.74,58.07,0,11,B,,
2022/23,Liga Portugal,P. Sagna,Santa Clara,32,FB & WB,13.02,62.78,27.83,26.74,30.21,76.74,58.07,0,34,D,,
2022/23,Liga Portugal,Rúben Lima,Famalicão,33,FB & WB,50,22.91,24.4,15.97,40.62,73.61,34.9,0,40,E,,
2022/23,Liga Portugal,Joãozinho,Estoril,34,FB & WB,37.76,49.11,20.24,18.75,54.69,48.26,36.2,0,41,E,,
2022/23,Liga Portugal,Antunes,Paços de Ferreira,36,FB & WB,34.38,45.83,41.22,44.1,54.43,72.57,51.82,0,24,C,,
2022/23,Liga Portugal,Matchoi Djaló,Paços de Ferreira,20,MF,72.32,37.4,80.74,86.61,13.84,31.25,61.38,0,30,C,,
2022/23,Liga Portugal,Beni,Casa Pia AC,21,MF,19.87,53.76,45.03,69.05,17.86,56.7,73.88,0,39,D,,
2022/23,Liga Portugal,M. Ugarte,Sporting CP,22,MF,22.54,25.79,36.35,53.27,51.56,81.85,78.57,0,26,C,60000000,
2022/23,Liga Portugal,A. Méndez,Vizela,22,MF,60.27,80.8,61.99,50.89,58.04,38.54,52.01,0,16,C,,
2022/23,Liga Portugal,M. Ndiaye,Estoril,22,MF,37.05,25.79,28.7,16.07,35.27,66.22,41.96,0,51,E,,
2022/23,Liga Portugal,E. Fernández,Benfica,22,MF,70.98,95.93,83.8,85.12,92.41,42.26,72.77,0,1,S,121000000,
2022/23,Liga Portugal,Florentino,Benfica,23,MF,35.27,46.09,29.34,24.7,66.52,80.06,61.61,0,29,C,,
2022/23,Liga Portugal,Adriano Firmino,Santa Clara,23,MF,51.56,51.68,39.67,38.99,50,51.49,48.88,0,37,D,,
2022/23,Liga Portugal,Victor Bobsin,Santa Clara,23,MF,27.9,32.34,32.65,42.26,56.47,50.3,43.3,0,42,D,,
2022/23,Liga Portugal,Dani Silva,Vitória SC,23,MF,54.69,44.83,59.57,75,53.35,68.01,77.68,0,8,B,,
2022/23,Liga Portugal,Romário Baró,Casa Pia AC,23,MF,37.05,60.61,56.51,66.07,51.79,16.82,50.89,0,38,D,,
2022/23,Liga Portugal,Gustavo Assunção,Famalicão,23,MF,50.89,51.68,44.13,51.79,49.11,72.47,58.93,0,19,C,,
2022/23,Liga Portugal,J. Holsgrove,Paços de Ferreira,23,MF,80.13,60.01,79.97,82.74,50.67,17.56,41.96,0,15,C,500000,
2022/23,Liga Portugal,I. Camará,Boavista,24,MF,50.22,53.35,64.54,70.54,50.45,24.26,40.62,0,34,C,,1000000
2022/23,Liga Portugal,Estrela,Portimonense,24,MF,42.19,73.11,37.37,32.14,58.26,70.09,45.54,0,28,C,,
2022/23,Liga Portugal,Z. Youssouf,Famalicão,24,MF,57.37,33.53,48.09,56.25,43.3,63.24,68.75,0,25,C,,1000000
2022/23,Liga Portugal,Oriol Busquets,Arouca,24,MF,16.74,25.79,14.41,9.82,59.6,61.76,40.62,0,52,E,,
2022/23,Liga Portugal,Rui Pires,Paços de Ferreira,25,MF,19.87,36.54,18.24,10.42,43.97,76.04,36.38,0,50,E,,
2022/23,Liga Portugal,I. Soro,Arouca,25,MF,12.72,40.92,25.51,36.9,25.22,51.93,40.62,0,53,F,,
2022/23,Liga Portugal,Diogo Mendes,Marítimo,25,MF,23.88,21.03,33.55,49.7,30.58,50,56.03,0,49,E,,
2022/23,Liga Portugal,U. Račić,SC Braga,25,MF,62.28,27.12,50.26,47.62,71.65,72.77,54.46,0,12,B,,
2022/23,Liga Portugal,L. Rosier,Estoril,25,MF,49.78,45.56,40.56,31.55,41.96,41.07,49.33,0,44,D,,
2022/23,Liga Portugal,João Gamboa,Estoril,26,MF,34.82,34.59,24.62,14.29,16.74,59.38,28.57,0,55,F,,
2022/23,Liga Portugal,Val Soares,Marítimo,26,MF,42.86,33.82,48.21,57.74,74.55,32.74,40.62,0,35,C,,
2022/23,Liga Portugal,Stephen Eustáquio,Porto,26,MF,84.6,95.06,68.37,36.61,72.99,48.81,23.88,0,11,B,,
2022/23,Liga Portugal,André Horta,SC Braga,26,MF,56.47,91.28,80.36,97.62,72.99,18.01,60.27,0,6,A,,
2022/23,Liga Portugal,M. Diaby,Portimonense,26,MF,64.06,25.79,43.62,31.25,7.81,63.1,43.75,0,48,E,,
2022/23,Liga Portugal,João Carvalho,Estoril,26,MF,55.36,72.38,64.92,66.67,39.06,39.29,48.21,0,24,C,,
2022/23,Liga Portugal,S. Colombatto,Famalicão,26,MF,64.96,72.51,60.46,49.7,53.79,42.26,39.06,0,22,C,,
2022/23,Liga Portugal,Guga,Rio Ave,26,MF,58.04,57.93,74.87,88.39,41.07,20.09,56.25,0,20,C,,
2022/23,Liga Portugal,Vitor Carvalho,Gil Vicente,26,MF,75.45,40.4,51.66,29.76,63.39,52.83,52.46,0,27,C,,
2022/23,Liga Portugal,G. Makouta,Boavista,26,MF,67.19,52.31,64.29,73.51,28.79,29.32,63.62,0,32,C,,
2022/23,Liga Portugal,Chiquinho,Benfica,27,MF,73.66,66.17,82.65,94.64,88.39,43.3,79.91,0,2,S,500000,
2022/23,Liga Portugal,Guima,Chaves,27,MF,29.24,49.9,42.09,46.13,34.6,78.12,65.62,0,33,C,,300000
2022/23,Liga Portugal,K. Misao,Santa Clara,27,MF,16.29,21.03,15.56,17.86,23.88,68.3,30.13,0,56,F,1300000,
2022/23,Liga Portugal,M. Grujić,Porto,27,MF,77.68,48.41,52.55,26.49,64.06,59.67,42.41,0,21,C,,
2022/23,Liga Portugal,Al Musrati,SC Braga,27,MF,78.57,57,50.64,20.54,84.15,63.39,40.62,0,13,C,,
2022/23,Liga Portugal,H. Morita,Sporting CP,28,MF,97.54,62.65,75.38,53.87,53.57,61.16,56.92,0,7,B,,
2022/23,Liga Portugal,G. Aburjania,Gil Vicente,28,MF,32.81,50.49,51.28,61.01,66.52,34.82,54.91,0,31,C,,
2022/23,Liga Portugal,Raphael Guzzo,Vizela,28,MF,76.56,52.57,68.88,54.76,79.69,67.26,50.67,0,5,A,,
2022/23,Liga Portugal,Francisco Geraldes,Estoril,28,MF,87.28,85.83,85.2,82.14,46.65,38.1,69.42,0,4,A,,
2022/23,Liga Portugal,João Afonso,Marítimo,28,MF,15.85,18.05,10.2,8.93,34.82,72.17,36.61,0,54,F,,
2022/23,Liga Portugal,João Teixeira,Chaves,29,MF,80.58,76.55,91.71,94.05,67.41,29.32,63.39,0,3,A,,
2022/23,Liga Portugal,S. Beltrame,Marítimo,30,MF,41.96,29.96,56.51,70.24,8.93,33.78,60.71,0,45,E,,
2022/23,Liga Portugal,Tiago Silva,Vitória SC,30,MF,44.64,86.5,47.83,50.6,78.12,35.71,43.75,0,18,C,,
2022/23,Liga Portugal,S. Pérez,Boavista,30,MF,64.96,35.81,32.02,11.61,58.71,57.44,25,0,43,D,,
2022/23,Liga Portugal,Neto,Casa Pia AC,31,MF,61.61,67.46,63.27,65.77,37.72,51.64,62.28,0,14,C,,
2022/23,Liga Portugal,Afonso Taira,Casa Pia AC,31,MF,22.77,35.01,41.96,66.07,57.59,60.42,76.56,0,23,C,,
2022/23,Liga Portugal,M. Uribe,Porto,32,MF,81.7,46.49,59.57,41.96,77.01,66.37,50.67,0,9,B,0,
2022/23,Liga Portugal,David Simão,Arouca,33,MF,16.74,63.22,32.65,37.5,61.83,57.89,29.91,0,41,D,,
2022/23,Liga Portugal,André André,Vitória SC,33,MF,68.75,55.43,67.73,73.21,60.71,27.53,40.85,0,17,C,,
2022/23,Liga Portugal,Pedro Tiba,Gil Vicente,34,MF,78.79,55.41,85.59,85.12,45.31,40.48,48.44,0,10,B,,
2022/23,Liga Portugal,A. Samaris,Rio Ave,34,MF,18.08,42.41,23.21,36.31,43.53,51.04,57.59,0,46,E,,
2022/23,Liga Portugal,Maurício,Portimonense,34,MF,67.86,25.79,41.58,30.65,42.19,66.37,37.28,0,40,D,,
2022/23,Liga Portugal,Claudemir,Vizela,35,MF,29.69,52.91,29.72,20.24,40.62,58.18,40.18,0,47,E,,
2022/23,Liga Portugal,Luiz Carlos,Paços de Ferreira,38,MF,27.01,65.24,49.87,67.26,50.89,37.05,33.26,0,36,D,,
2022/23,Liga Portugal,Antony,Arouca,21,AM & W,69.52,22.59,48.75,42.11,24.34,51.17,56.8,0,41,D,3200000,230000
2022/23,Liga Portugal,Gabriel Silva,Santa Clara,21,AM & W,53.29,34.2,54.39,51.75,18.86,36.99,42.32,0,46,D,,1500000
2022/23,Liga Portugal,N. Thomas,Paços de Ferreira,22,AM & W,45.18,35.04,55.26,76.61,11.18,39.33,59.43,0,37,D,375000,
2022/23,Liga Portugal,Tiago Gouveia,Estoril,22,AM & W,67.32,71.05,61.03,52.34,30.04,45.32,55.48,0,19,C,,
2022/23,Liga Portugal,Iván Jaime,Famalicão,22,AM & W,81.14,43.93,62.78,53.8,66.45,30.41,52.41,0,18,C,10000000,
2022/23,Liga Portugal,Luquinha,Portimonense,22,AM & W,36.4,46.73,30.58,31.58,64.47,51.46,35.09,0,43,D,,
2022/23,Liga Portugal,J. Boselli,Gil Vicente,23,AM & W,51.54,35.37,58.77,47.37,18.86,65.64,44.96,0,36,D,,
2022/23,Liga Portugal,Francisco Trincão,Sporting CP,23,AM & W,94.3,47.68,77.94,69.01,42.76,40.2,65.35,0,11,B,,
2022/23,Liga Portugal,Z. Ouattara,Portimonense,23,AM & W,39.69,26.6,34.59,50.29,61.18,92.54,69.52,0,23,C,,
2022/23,Liga Portugal,Benny,Chaves,23,AM & W,13.16,63.44,42.73,57.89,43.2,29.68,32.24,0,45,D,,
2022/23,Liga Portugal,Miguel Baeza,Rio Ave,23,AM & W,6.58,49.53,14.54,23.98,34.65,45.32,48.03,0,54,F,,
2022/23,Liga Portugal,I. Abass,Chaves,24,AM & W,75.44,42.24,50.25,24.56,26.54,35.53,30.26,0,49,E,,
2022/23,Liga Portugal,Nuno Moreira,Vizela,24,AM & W,38.16,57.37,44.99,31.87,57.89,77.19,66.45,0,21,C,,
2022/23,Liga Portugal,Rodrigo Martins,Estoril,24,AM & W,66.45,25.42,62.66,69.59,19.3,39.33,51.54,0,34,D,,
2022/23,Liga Portugal,K. Fujimoto,Gil Vicente,24,AM & W,14.47,23.25,16.17,12.57,63.6,48.39,31.14,0,56,F,,
2022/23,Liga Portugal,M. Edwards,Sporting CP,24,AM & W,85.31,78.73,84.84,80.12,76.32,25.15,57.89,0,5,A,,
2022/23,Liga Portugal,Jota Silva,Vitória SC,24,AM & W,58.33,34.2,66.04,76.02,27.19,90.35,73.25,0,14,B,,
2022/23,Liga Portugal,A. Dobre,Famalicão,24,AM & W,73.03,89.46,77.44,70.47,14.91,64.62,68.2,0,9,A,,600000
2022/23,Liga Portugal,M. Johnston,Vitória SC,24,AM & W,28.73,47.65,53.63,75.44,35.96,40.64,62.72,0,25,C,,
2022/23,Liga Portugal,Galeno,Porto,25,AM & W,86.84,59.46,90.23,89.47,50.88,73.98,90.57,0,1,S,,
2022/23,Liga Portugal,T. Kunimoto,Casa Pia AC,25,AM & W,31.58,55.8,25.94,13.45,61.84,61.55,36.62,0,47,E,,
2022/23,Liga Portugal,Nélson Da Luz,Vitória SC,25,AM & W,58.33,9.93,55.51,73.68,17.54,51.9,76.32,0,32,D,,
2022/23,Liga Portugal,Ricardo Mangas,Boavista,25,AM & W,68.42,36.28,50.88,40.64,28.51,43.86,43.42,0,40,D,900000,
2022/23,Liga Portugal,Rui Gomes,Portimonense,25,AM & W,39.69,69.77,64.04,70.76,46.71,65.5,47.81,0,15,B,,
2022/23,Liga Portugal,Bruno Xadas,Marítimo,25,AM & W,32.89,68.44,41.35,31.29,66.45,57.46,32.89,0,30,C,,
2022/23,Liga Portugal,Pedro Gonçalves,Sporting CP,25,AM & W,87.06,80.12,75.69,60.82,71.93,58.48,54.82,0,6,A,,
2022/23,Liga Portugal,M. Sylla,Arouca,25,AM & W,23.9,61.77,28.7,30.7,71.71,80.12,49.34,0,26,C,,
2022/23,Liga Portugal,Bruno Lourenço,Boavista,25,AM & W,50.88,27.24,32.33,30.7,40.79,63.3,38.82,0,50,E,,
2022/23,Liga Portugal,Ricardinho,Santa Clara,25,AM & W,20.61,56.79,36.97,45.32,34.43,49.27,49.78,0,44,D,,
2022/23,Liga Portugal,S. Godwin,Casa Pia AC,26,AM & W,57.02,41.89,74.31,95.91,22.37,17.69,58.77,0,20,C,,
2022/23,Liga Portugal,K. Zohi,Vizela,26,AM & W,61.84,54.96,46.62,25.73,52.85,55.85,40.79,0,31,D,,
2022/23,Liga Portugal,David Neres,Benfica,26,AM & W,80.92,93.02,85.09,85.96,78.29,19.59,60.09,0,4,S,,
2022/23,Liga Portugal,Y. Soma,Casa Pia AC,26,AM & W,53.29,49.41,72.43,82.46,7.89,55.85,60.96,0,17,C,,
2022/23,Liga Portugal,E. Boateng,Rio Ave,27,AM & W,78.29,22.76,34.84,7.6,16.01,31.73,25.88,0,57,F,,
2022/23,Liga Portugal,F. Aursnes,Benfica,27,AM & W,43.64,61.12,27.82,14.62,76.1,80.12,46.05,0,28,C,,
2022/23,Liga Portugal,Samu,Vizela,27,AM & W,37.72,48.09,28.7,16.96,72.81,89.77,47.81,0,29,C,,
2022/23,Liga Portugal,Kiko Bondoso,Vizela,27,AM & W,41.23,42.4,45.99,52.05,52.41,25,50.44,0,39,D,,
2022/23,Liga Portugal,Bruma,SC Braga,28,AM & W,91.89,82.82,83.46,78.65,86.62,40.2,74.12,0,2,S,,
2022/23,Liga Portugal,Euller,Chaves,28,AM & W,37.06,26.47,40.6,51.17,46.71,54.97,44.52,0,42,D,,
2022/23,Liga Portugal,Murilo,Gil Vicente,28,AM & W,47.59,37.79,57.52,77.19,69.74,18.71,48.68,0,24,C,,
2022/23,Liga Portugal,Ricardo Horta,SC Braga,28,AM & W,93.86,77.13,56.14,11.4,74.56,49.12,34.87,0,16,C,,
2022/23,Liga Portugal,Ivo Rodrigues,Famalicão,28,AM & W,21.93,64.86,44.61,63.74,78.95,88.89,71.05,0,10,B,,
2022/23,Liga Portugal,João Graça,Rio Ave,28,AM & W,7.89,30.03,19.17,34.5,65.35,64.62,36.4,0,52,E,,
2022/23,Liga Portugal,Rúben Lameiras,Vitória SC,28,AM & W,31.8,61.27,47.62,59.06,54.82,29.24,40.35,0,33,D,,
2022/23,Liga Portugal,A. Bukia,Arouca,28,AM & W,40.79,26.47,40.35,55.56,58.77,34.5,60.31,0,38,D,,
2022/23,Liga Portugal,Otávio,Porto,28,AM & W,58.99,80.73,54.64,48.83,95.61,78.51,60.31,0,8,A,60000000,
2022/23,Liga Portugal,João Mendes,Chaves,28,AM & W,38.38,29.9,30.45,23.39,87.5,40.94,33.77,0,48,E,,
2022/23,Liga Portugal,K. Gorré,Boavista,28,AM & W,39.47,81.28,68.3,89.18,43.2,33.04,63.38,0,13,B,,
2022/23,Liga Portugal,Allano,Santa Clara,28,AM & W,23.25,22.74,39.35,71.93,59.43,65.79,61.84,0,27,C,,
2022/23,Liga Portugal,A. Ruiz,Arouca,29,AM & W,24.56,32.27,16.67,8.77,73.68,56.58,30.7,0,53,E,,
2022/23,Liga Portugal,Iuri Medeiros,SC Braga,29,AM & W,82.89,88.04,69.92,41.23,81.14,31.73,28.73,0,12,B,3000000,
2022/23,Liga Portugal,João Mário,Benfica,30,AM & W,89.91,80.3,75.56,67.54,75.22,63.3,62.72,0,3,S,,
2022/23,Liga Portugal,Rafa Silva,Benfica,30,AM & W,91.23,81.47,88.35,78.07,60.53,23.98,64.25,0,7,A,,
2022/23,Liga Portugal,Salvador Agra,Boavista,31,AM & W,47.15,54.38,43.23,48.54,61.62,40.06,28.95,0,35,D,,
2022/23,Liga Portugal,Zé Uilton,Paços de Ferreira,31,AM & W,20.18,33.62,41.1,65.2,18.42,37.13,54.82,0,51,E,,
2022/23,Liga Portugal,Arsénio,Arouca,33,AM & W,8.77,39.46,20.55,28.07,43.42,43.71,30.48,0,55,F,,
2022/23,Liga Portugal,N. Gaitán,Paços de Ferreira,35,AM & W,50.22,55.25,47.62,32.46,57.46,74.71,55.48,0,22,C,,
2022/23,Liga Portugal,Gonçalo Ramos,Benfica,22,CF,96.97,55.82,69.48,38.38,40.53,62.12,54.55,0,7,C,65000000,
2022/23,Liga Portugal,Abel Ruiz,SC Braga,23,CF,64.77,86.86,74.24,77.78,69.32,32.07,48.48,0,5,B,,
2022/23,Liga Portugal,Vitinha,SC Braga,23,CF,79.92,76.33,86.15,88.89,44.7,83.84,75.76,0,2,A,32000000,
2022/23,Liga Portugal,Evanilson,Porto,23,CF,80.3,75.92,78.14,71.21,84.85,53.54,68.18,0,3,A,,
2022/23,Liga Portugal,R. Boženík,Boavista,23,CF,43.94,24.41,26.41,11.62,50.76,33.08,17.8,0,33,F,,1000000
2022/23,Liga Portugal,Yago Cariello,Portimonense,24,CF,40.91,42.59,33.12,17.17,39.02,53.54,34.47,0,28,E,2300000,
2022/23,Liga Portugal,M. Osmajić,Vizela,24,CF,50.38,39.39,53.03,73.74,51.14,27.53,63.64,0,16,D,,
2022/23,Liga Portugal,André Vidigal,Marítimo,24,CF,29.17,40.28,58.23,97.98,78.79,52.02,72.73,0,8,C,500000,
2022/23,Liga Portugal,A. Butzke,Paços de Ferreira,24,CF,63.26,51.63,51.73,36.36,53.41,53.28,59.85,0,14,D,,
2022/23,Liga Portugal,Clayton,Casa Pia AC,24,CF,40.15,30.36,30.3,27.27,29.55,51.01,31.44,0,32,F,,
2022/23,Liga Portugal,K. Tagawa,Santa Clara,24,CF,25,55.72,29.22,35.35,21.97,67.68,64.39,0,25,E,,
2022/23,Liga Portugal,A. Yakubu,Rio Ave,24,CF,51.14,79.12,50.22,62.63,27.65,16.67,35.98,0,22,D,,
2022/23,Liga Portugal,Rafa Mújica,Arouca,24,CF,76.52,24.41,64.72,59.6,25.76,53.54,66.67,0,11,C,,
2022/23,Liga Portugal,Fran Navarro,Gil Vicente,25,CF,71.97,39.06,48.7,27.27,23.48,34.09,28.03,0,24,E,,
2022/23,Liga Portugal,Anderson Silva,Vitória SC,25,CF,48.86,34.58,52.38,61.62,48.11,31.82,38.64,0,21,D,,
2022/23,Liga Portugal,André Silva,Vitória SC,26,CF,39.39,53.7,58.87,71.21,82.58,60.1,55.3,0,9,C,,4250000
2022/23,Liga Portugal,Bruno Almeida,Santa Clara,26,CF,6.82,70.87,50.65,82.83,90.15,63.38,53.79,0,10,C,,
2022/23,Liga Portugal,Toni Martínez,Porto,26,CF,70.83,78.45,77.71,65.66,26.89,46.97,59.85,0,6,C,,
2022/23,Liga Portugal,Juninho,Chaves,26,CF,36.74,42.21,54.98,68.69,20.83,59.85,65.15,0,17,D,450000,
2022/23,Liga Portugal,Matheus Babi,Santa Clara,26,CF,36.36,48.09,19.48,9.6,25.38,86.87,39.39,0,30,E,,
2022/23,Liga Portugal,S. Banza,SC Braga,27,CF,88.64,61.44,62.12,42.93,49.62,31.57,40.15,0,13,C,,
2022/23,Liga Portugal,Héctor Hernández,Chaves,27,CF,58.33,21.38,32.47,15.66,41.67,53.79,42.05,0,26,E,,
2022/23,Liga Portugal,L. Ruiz,Rio Ave,27,CF,45.08,21.38,24.68,23.23,68.18,47.98,19.7,0,31,F,,
2022/23,Liga Portugal,J. Cádiz,Famalicão,28,CF,47.35,71.04,47.19,37.37,40.15,52.02,62.88,0,19,D,,
2022/23,Liga Portugal,Y. González,Portimonense,28,CF,6.44,60.27,40.91,61.62,60.61,66.16,57.58,0,20,D,,
2022/23,Liga Portugal,André Pereira,Rio Ave,28,CF,12.5,66.33,47.19,75.76,73.86,48.99,55.3,0,15,D,,
2022/23,Liga Portugal,B. Róchez,Portimonense,28,CF,38.64,44.11,36.36,28.28,43.18,73.99,45.45,0,23,E,,
2022/23,Liga Portugal,J. Tagueu,Marítimo,29,CF,33.33,26.93,37.45,35.86,39.39,36.62,44.32,0,29,E,800000,
2022/23,Liga Portugal,Y. Njie,Boavista,29,CF,72.73,44.11,57.79,42.42,68.18,50.51,47.73,0,12,C,,
2022/23,Liga Portugal,Welinton Júnior,Portimonense,30,CF,36.36,42.13,57.58,75.76,55.3,27.53,48.48,0,18,D,,
2022/23,Liga Portugal,Paulinho,Sporting CP,30,CF,62.5,70.37,70.13,67.17,76.52,73.23,77.65,0,4,B,,
2022/23,Liga Portugal,M. Taremi,Porto,31,CF,90.53,87.23,89.61,90.4,90.91,71.72,91.67,0,1,S,,
2022/23,Liga Portugal,Rafael Martins,Casa Pia AC,34,CF,54.17,33.5,28.79,18.69,57.58,42.93,32.95,0,27,E,,
2022/23,Liga Portugal,Luiz Júnior,Famalicão,22,GK,0,0,0,0,0,0,0,48.25,12,C,,
2022/23,Liga Portugal,Andrew,Gil Vicente,22,GK,0,0,0,0,0,0,0,71.49,2,S,,
2022/23,Liga Portugal,Diogo Costa,Porto,23,GK,0,0,0,0,0,0,0,62.28,6,B,,
2022/23,Liga Portugal,Daniel Figueira,Estoril,25,GK,0,0,0,0,0,0,0,48.25,13,C,,
2022/23,Liga Portugal,Gabriel Batista,Santa Clara,25,GK,0,0,0,0,0,0,0,24.12,19,F,,
2022/23,Liga Portugal,I. De Arruabarrena,Arouca,26,GK,0,0,0,0,0,0,0,70.61,3,S,,
2022/23,Liga Portugal,F. Buntić,Vizela,26,GK,0,0,0,0,0,0,0,35.09,16,E,,
2022/23,Liga Portugal,K. Nakamura,Portimonense,28,GK,0,0,0,0,0,0,0,57.02,8,B,,
2022/23,Liga Portugal,Bruno Varela,Vitória SC,28,GK,0,0,0,0,0,0,0,58.77,7,B,,
2022/23,Liga Portugal,O. Vlachodimos,Benfica,29,GK,0,0,0,0,0,0,0,51.32,10,C,5000000,
2022/23,Liga Portugal,Matheus,SC Braga,31,GK,0,0,0,0,0,0,0,64.04,5,A,,
2022/23,Liga Portugal,Jhonatan,Rio Ave,32,GK,0,0,0,0,0,0,0,50,11,C,,
2022/23,Liga Portugal,S. Kritsyuk,Gil Vicente,32,GK,0,0,0,0,0,0,0,57.02,9,B,,
2022/23,Liga Portugal,Marcelo Carné,Marítimo,33,GK,0,0,0,0,0,0,0,35.96,15,E,,
2022/23,Liga Portugal,Paulo Vítor,Chaves,34,GK,0,0,0,0,0,0,0,75.44,1,S,,
2022/23,Liga Portugal,Ricardo Batista,Casa Pia AC,36,GK,0,0,0,0,0,0,0,69.3,4,A,,
2022/23,Liga Portugal,Marafona,Paços de Ferreira,36,GK,0,0,0,0,0,0,0,30.7,18,E,,
2022/23,Liga Portugal,Antonio Adán,Sporting CP,36,GK,0,0,0,0,0,0,0,39.47,14,D,,
2022/23,Liga Portugal,Rafael Bracali,Boavista,42,GK,0,0,0,0,0,0,0,34.21,17,E,,
2022/23,Liga 2,O. Diomandé,Mafra,19,CB,30.66,58.95,42.86,57.86,69.34,62.58,80.66,0,8,B,,
2022/23,Liga 2,O. Diao,Mafra,19,CB,14.39,32.18,39.49,71.7,54.01,46.07,69.81,0,31,C,,
2022/23,Liga 2,L. Lacroix,Benfica B,20,CB,65.57,37.58,60.92,68.24,82.55,83.33,65.8,0,2,S,,
2022/23,Liga 2,A. Bajrami,Benfica B,21,CB,55.19,32.18,50.27,55.66,59.43,50.94,52.12,0,26,C,,
2022/23,Liga 2,A. Feratovič,Benfica B,21,CB,10.61,32.18,24.12,40.88,54.95,41.35,43.16,0,49,E,,
2022/23,Liga 2,Gustavo Marques,Torreense,21,CB,66.98,32.18,56.06,54.09,45.75,70.13,74.29,0,10,B,,
2022/23,Liga 2,Arthur Chaves,Académico de Viseu F.C.,22,CB,50.71,49.28,41.51,39.62,37.03,58.02,37.74,0,35,D,,
2022/23,Liga 2,Paulo Vitor,Nacional,22,CB,45.75,56.01,64.15,70.13,55.19,50.94,42.22,0,23,C,,
2022/23,Liga 2,João Marcelo,Porto B,23,CB,99.53,54.35,85.98,75.79,61.32,64.31,74.53,0,1,S,,
2022/23,Liga 2,Cláudio Silva,Feirense,23,CB,59.91,49.47,79.65,95.6,57.08,49.53,69.34,0,3,A,,
2022/23,Liga 2,Gabriel Pereira,AVS (Vilafranquense),23,CB,18.87,32.18,39.22,65.09,92.69,43.55,73.11,0,24,C,,
2022/23,Liga 2,Anthony Correia,AVS (Vilafranquense),23,CB,20.52,42.87,46.09,68.24,75.24,30.03,42.69,0,41,D,,
2022/23,Liga 2,T. Boni,CF Os Belenenses,23,CB,38.68,44.4,40.43,41.51,35.38,48.74,43.4,0,44,D,,
2022/23,Liga 2,Clayton,Nacional,23,CB,83.96,59.38,80.86,70.75,33.25,60.06,41.27,0,14,B,,
2022/23,Liga 2,João Pinto,Feirense,23,CB,23.82,71.96,40.3,43.71,68.87,44.97,17.22,0,42,D,,
2022/23,Liga 2,Volnei Feltes,UD Oliveirense,23,CB,57.31,76.2,57.28,52.83,67.69,64.15,41.98,0,9,B,,
2022/23,Liga 2,K. John,CF Os Belenenses,24,CB,68.16,42.87,40.43,16.98,20.75,66.35,51.89,0,34,C,,
2022/23,Liga 2,Easah Suliman,AVS (Vilafranquense),25,CB,15.8,32.18,31,50,55.42,59.75,58.25,0,33,C,,
2022/23,Liga 2,Kialonda Gaspar,Estrela Amadora,25,CB,65.57,55.39,54.58,38.99,50.71,73.27,66.98,0,6,A,,
2022/23,Liga 2,Marcelo Alves,Tondela,25,CB,70.99,49.28,36.52,16.35,41.27,42.14,53.54,0,43,D,,
2022/23,Liga 2,Leandro Teixeira,Penafiel,25,CB,67.22,32.18,57.14,60.06,30.9,49.53,65.09,0,27,C,,
2022/23,Liga 2,Rúben Pereira,Trofense,25,CB,85.38,38.09,48.52,14.15,17.22,66.82,25.94,0,38,D,,
2022/23,Liga 2,Lucas Rafael,Sporting Covilhã,25,CB,49.29,70.23,67.25,67.3,41.51,55.82,50,0,20,B,,
2022/23,Liga 2,Rafael Santos,Moreirense,25,CB,60.38,32.18,41.11,31.76,16.75,23.11,29.48,0,53,F,,
2022/23,Liga 2,Rodrigo Borges,UD Oliveirense,25,CB,68.87,42.87,69.54,74.53,75.24,48.58,50.71,0,12,B,,
2022/23,Liga 2,Manu Hernando,Tondela,25,CB,47.17,42.87,54.85,62.26,60.38,66.82,78.77,0,5,A,,
2022/23,Liga 2,Pedro Pacheco,Mafra,26,CB,47.17,71.96,60.11,81.45,89.62,29.25,58.73,0,16,B,,
2022/23,Liga 2,Brunão,Leixões,26,CB,94.34,60.8,62.8,33.02,15.8,33.49,50,0,39,D,,
2022/23,Liga 2,Sidney Lima,Feirense,26,CB,38.68,49.47,56.33,72.96,64.62,52.83,44.34,0,21,C,,
2022/23,Liga 2,Zé Pedro,Porto B,26,CB,31.37,71.86,43.94,43.08,79.95,66.04,44.1,0,15,B,,
2022/23,Liga 2,N. Ćalasan,Leixões,27,CB,40.8,32.18,24.66,16.67,62.03,65.09,35.85,0,37,D,,
2022/23,Liga 2,Pedro Barcelos,Mafra,27,CB,47.64,72.75,60.92,52.2,28.77,68.4,53.77,0,19,B,,
2022/23,Liga 2,Nuno Tomás,CF Os Belenenses,27,CB,45.28,67.4,42.05,44.65,57.31,59.43,48.82,0,22,C,,
2022/23,Liga 2,Hugo Gomes,Moreirense,28,CB,62.97,32.18,49.33,48.74,58.02,37.26,58.73,0,32,C,,
2022/23,Liga 2,André Almeida,Académico de Viseu F.C.,28,CB,67.92,67.49,54.18,41.51,65.57,63.21,45.99,0,13,B,,
2022/23,Liga 2,Filipe Cardoso,Penafiel,29,CB,26.65,52.77,45.96,59.75,37.97,47.8,52.12,0,36,D,,
2022/23,Liga 2,Róbson,Farense,29,CB,48.82,32.18,35.31,25.16,47.17,36.64,37.26,0,50,E,,
2022/23,Liga 2,João Miguel,Penafiel,29,CB,41.75,58.28,35.44,15.09,49.76,47.17,37.97,0,45,D,,
2022/23,Liga 2,Z. Muscat,Farense,29,CB,86.08,37.58,62.26,53.46,63.92,61.16,53.07,0,11,B,,
2022/23,Liga 2,Marcos Valente,Trofense,29,CB,49.76,64.88,53.64,61.32,48.35,25,46.46,0,40,D,,
2022/23,Liga 2,Mansur,Estrela Amadora,30,CB,79.95,54.82,86.39,92.14,46.7,45.91,67.22,0,4,A,,
2022/23,Liga 2,Ângelo,Sporting Covilhã,30,CB,38.92,72.75,67.12,80.82,12.97,62.74,64.39,0,18,B,,
2022/23,Liga 2,Tiago Ferreira,Trofense,30,CB,40.09,72.75,61.19,65.41,49.29,31.29,52.59,0,30,C,,
2022/23,Liga 2,Rafael Vieira,Nacional,31,CB,45.05,32.18,35.18,41.82,50.24,39.94,36.08,0,46,E,,
2022/23,Liga 2,Gonçalo Silva,Farense,32,CB,38.92,44.4,47.57,57.86,64.39,45.6,48.58,0,28,C,,
2022/23,Liga 2,Ricardo Alves,Tondela,32,CB,52.36,44.4,47.98,50.94,67.92,40.72,48.58,0,29,C,,
2022/23,Liga 2,Rui Correia,Estrela Amadora,32,CB,44.58,75.26,53.37,41.19,46.93,22.17,20.52,0,48,E,,
2022/23,Liga 2,João Afonso,Torreense,33,CB,62.5,68.93,59.7,67.3,54.01,47.48,80.9,0,7,B,,
2022/23,Liga 2,Ícaro Silva,Académico de Viseu F.C.,34,CB,74.29,42.87,56.87,42.77,33.96,68.4,63.44,0,17,B,,
2022/23,Liga 2,Jaime Simões,Sporting Covilhã,34,CB,54.72,52.77,35.85,9.43,12.97,49.84,22.64,0,52,E,,
2022/23,Liga 2,Miguel Lopes,Estrela Amadora,36,CB,36.56,79.98,47.71,35.53,36.08,61.95,52.12,0,25,C,,
2022/23,Liga 2,João Meira,Leixões,36,CB,20.99,32.18,22.24,22.64,56.84,41.19,35.61,0,51,E,,
2022/23,Liga 2,Luís Rocha,Moreirense,37,CB,40.57,55.45,41.78,38.99,38.92,29.09,40.09,0,47,E,,
2022/23,Liga 2,Rodrigo Pinheiro,Porto B,20,FB & WB,92.76,60.89,71.68,64.62,57.02,50.29,70.83,0,5,A,,
2022/23,Liga 2,João Tomé,Benfica B,20,FB & WB,52.85,41.03,53.01,60.82,46.71,24.85,39.91,0,44,C,,
2022/23,Liga 2,Tiago Almeida,Tondela,21,FB & WB,50.88,37.65,48.12,42.4,38.38,34.8,55.48,0,46,C,,
2022/23,Liga 2,Rafael Rodrigues,Benfica B,21,FB & WB,17.11,49.06,27.57,36.26,68.86,67.84,48.9,0,36,C,,
2022/23,Liga 2,Filipe Cruz,Benfica B,21,FB & WB,61.18,61.79,50.63,30.12,52.19,45.76,43.42,0,35,C,,
2022/23,Liga 2,Jójó,CF Os Belenenses,22,FB & WB,53.51,33.42,44.24,40.64,39.04,53.22,45.83,0,43,C,,
2022/23,Liga 2,Simão Rocha,Torreense,22,FB & WB,86.18,39.7,50.13,23.39,44.3,59.21,41.67,0,33,C,,
2022/23,Liga 2,Rafael Bandeira,Académico de Viseu F.C.,22,FB & WB,41.23,90.13,54.26,51.17,59.65,23.1,22.15,0,42,C,,
2022/23,Liga 2,Tiago Manso,Trofense,23,FB & WB,29.82,52.56,40.73,46.49,26.75,38.16,28.73,0,53,D,,
2022/23,Liga 2,Kazu,UD Oliveirense,23,FB & WB,75.44,30.26,60.03,59.06,81.58,53.8,55.7,0,11,A,,
2022/23,Liga 2,Pastor,Farense,23,FB & WB,20.18,30.21,38.72,61.4,55.7,47.66,62.5,0,37,C,,
2022/23,Liga 2,Iago Fabricio,UD Oliveirense,23,FB & WB,77.19,20.56,34.84,9.36,39.69,72.81,35.53,0,47,C,,
2022/23,Liga 2,K. Shinga,Sporting Covilhã,23,FB & WB,33.33,60.81,56.89,72.22,53.95,53.95,80.92,0,10,A,,
2022/23,Liga 2,João Mendes,Porto B,23,FB & WB,64.25,50.73,38.35,26.32,50.88,74.27,46.05,0,32,C,,
2022/23,Liga 2,Diogo Rodrigues,Sporting Covilhã,23,FB & WB,62.06,68.37,71.93,90.06,13.6,32.75,71.93,0,17,B,,
2022/23,Liga 2,Léo Alaba,AVS (Vilafranquense),24,FB & WB,45.39,51.88,46.12,60.53,34.87,63.89,72.59,0,23,B,,
2022/23,Liga 2,Gustavo Silva,Nacional,24,FB & WB,64.47,70.99,74.06,67.25,30.92,82.89,85.09,0,2,S,,
2022/23,Liga 2,Pedro Amador,Moreirense,24,FB & WB,55.26,84.39,61.15,52.92,59.65,61.99,63.38,0,6,A,,
2022/23,Liga 2,Miguel Maga,UD Oliveirense,24,FB & WB,21.05,47.17,31.58,40.35,39.04,56.73,41.23,0,51,C,,
2022/23,Liga 2,G. Frimpong,Moreirense,24,FB & WB,31.58,77.99,39.6,31.87,35.31,52.05,30.26,0,48,C,,
2022/23,Liga 2,João Oliveira,Feirense,24,FB & WB,81.58,87,68.3,44.15,54.39,38.74,38.16,0,22,B,,
2022/23,Liga 2,N. Khacef,Tondela,25,FB & WB,50.88,58.93,60.28,67.54,50.44,44.01,64.69,0,20,B,,
2022/23,Liga 2,Diogo Tavares,CF Os Belenenses,25,FB & WB,45.61,24.07,47.37,53.8,21.93,39.33,56.14,0,49,C,,
2022/23,Liga 2,Jorginho,Sporting Covilhã,25,FB & WB,50.22,75.08,64.66,65.5,27.19,66.23,44.74,0,21,B,,
2022/23,Liga 2,Simão Martins,Trofense,25,FB & WB,41.89,19.1,21.05,2.34,17.98,13.16,7.89,0,57,F,,
2022/23,Liga 2,Tiago Dias,Feirense,25,FB & WB,89.91,69.68,96.74,99.42,30.7,41.23,64.69,0,4,A,,
2022/23,Liga 2,Diga Almeida,Mafra,25,FB & WB,64.69,49.84,52.13,35.67,33.77,51.75,39.04,0,40,C,,
2022/23,Liga 2,André Sousa,Nacional,25,FB & WB,51.97,71.02,61.78,61.99,43.64,57.46,68.42,0,12,B,,
2022/23,Liga 2,Samuel Teles,Feirense,26,FB & WB,82.46,41.03,80.7,75.44,53.29,65.06,77.19,0,3,A,,
2022/23,Liga 2,Robinho,Penafiel,26,FB & WB,26.54,59.62,42.23,57.89,75.88,68.42,50.44,0,19,B,,
2022/23,Liga 2,Eric Veiga,AVS (Vilafranquense),26,FB & WB,28.95,64.42,40.6,40.06,52.41,57.31,39.69,0,38,C,,
2022/23,Liga 2,Tiago André,Trofense,26,FB & WB,39.04,55.4,46.37,47.37,44.74,48.68,44.96,0,39,C,,
2022/23,Liga 2,Igor Milioransa,Académico de Viseu F.C.,26,FB & WB,44.3,27.42,49.62,64.91,69.08,74.27,75.88,0,7,A,,
2022/23,Liga 2,Lucas Silva,Feirense,26,FB & WB,82.46,36.93,70.8,59.65,53.07,42.84,57.02,0,18,B,,
2022/23,Liga 2,Rui Silva,Torreense,27,FB & WB,39.91,41.03,62.03,78.65,75.88,41.37,74.34,0,9,A,,
2022/23,Liga 2,E. Banguera,Mafra,27,FB & WB,30.7,51.01,46.99,72.81,67.98,69.88,66.89,0,8,A,,
2022/23,Liga 2,Miguel Silva,Leixões,27,FB & WB,80.7,26.84,79.57,97.08,59.87,70.76,92.54,0,1,S,,
2022/23,Liga 2,José Gomes,Nacional,27,FB & WB,47.81,38.69,63.53,73.98,38.6,41.23,58.33,0,25,B,,
2022/23,Liga 2,Gonçalo Pimenta,UD Oliveirense,27,FB & WB,55.04,50.68,53.01,64.04,30.7,51.32,51.54,0,31,C,,
2022/23,Liga 2,Miguel Bandarra,Farense,27,FB & WB,44.52,83.79,40.35,15.2,67.98,82.75,35.31,0,24,B,,
2022/23,Liga 2,Abner,Farense,27,FB & WB,55.92,45.1,56.14,72.81,54.82,53.51,62.28,0,14,B,,
2022/23,Liga 2,Henrique Gelain,CF Os Belenenses,28,FB & WB,51.97,78.76,55.89,62.28,50,26.32,54.82,0,28,B,,
2022/23,Liga 2,Simãozinho,Penafiel,28,FB & WB,46.93,60.03,65.91,82.46,57.89,35.23,57.02,0,15,B,,
2022/23,Liga 2,Jean Felipe,Estrela Amadora,29,FB & WB,75.88,94.27,57.39,29.82,87.72,32.02,9.65,0,30,B,,
2022/23,Liga 2,Rúben Freitas,Penafiel,30,FB & WB,20.61,38.69,32.08,51.46,67.11,31.14,42.11,0,50,C,,
2022/23,Liga 2,Nuno Campos,Torreense,30,FB & WB,19.3,32.01,33.71,53.51,64.69,77.19,57.68,0,26,B,,
2022/23,Liga 2,João Reis,Estrela Amadora,31,FB & WB,70.61,35.47,54.89,49.71,58.77,45.61,50.88,0,27,B,,
2022/23,Liga 2,David Bruno,Moreirense,31,FB & WB,46.93,62.7,42.61,35.09,83.99,28.95,19.74,0,45,C,,
2022/23,Liga 2,Joel Ferreira,Leixões,31,FB & WB,32.02,24.07,21.3,11.11,51.1,71.64,30.7,0,54,D,,
2022/23,Liga 2,João Amorim,Leixões,31,FB & WB,35.53,37.23,44.11,56.14,65.57,59.36,48.25,0,29,B,,
2022/23,Liga 2,Edson Farias,AVS (Vilafranquense),31,FB & WB,85.31,87.3,77.19,64.91,32.89,31.14,46.93,0,16,B,,
2022/23,Liga 2,Gui Ferreira,Mafra,32,FB & WB,79.82,45.46,51.88,22.22,50.44,48.39,33.11,0,41,C,,
2022/23,Liga 2,Coronas,Leixões,32,FB & WB,47.81,33.42,46.49,39.47,55.26,28.07,36.62,0,52,C,,
2022/23,Liga 2,Tiago Mesquita,Académico de Viseu F.C.,32,FB & WB,30.48,27.58,25.31,19.01,25.44,33.63,41.01,0,56,E,,
2022/23,Liga 2,Talocha,Farense,33,FB & WB,31.14,27.58,21.05,8.19,46.93,55.99,28.07,0,55,D,,
2022/23,Liga 2,João Aurélio,Nacional,35,FB & WB,30.04,32.84,36.59,52.05,75,86.26,65.35,0,13,B,,
2022/23,Liga 2,Sílvio,AVS (Vilafranquense),35,FB & WB,24.78,46.35,35.71,45.03,74.78,39.77,65.79,0,34,C,,
2022/23,Liga 2,C. Ndour,Benfica B,19,MF,77.18,45.24,70.29,59.79,40.87,28.7,62.9,0,27,C,,
2022/23,Liga 2,Ž. Jevšenak,Benfica B,20,MF,51.19,25.08,29.59,24.07,56.15,54.23,43.45,0,50,E,,
2022/23,Liga 2,Martim Neto,Benfica B,20,MF,50.4,44.44,69.05,85.71,70.44,48.28,81.75,0,7,A,,
2022/23,Liga 2,Sidnei Tavares,Porto B,21,MF,18.25,43.12,40.14,68.25,64.29,31.48,75.4,0,31,D,,
2022/23,Liga 2,Bernardo Folha,Porto B,21,MF,83.13,90.37,83.33,76.46,55.36,58.07,52.38,0,2,S,,
2022/23,Liga 2,Beni,Trofense,21,MF,27.78,50.1,59.18,81.48,37.1,49.34,64.29,0,26,C,,
2022/23,Liga 2,Gonçalo Franco,Moreirense,22,MF,79.56,35.19,75.4,69.84,51.59,62.3,63.69,0,11,B,,
2022/23,Liga 2,Braima Sambú,CF Os Belenenses,22,MF,61.51,36.22,48.64,41.53,38.1,39.55,32.34,0,51,E,,
2022/23,Liga 2,Hélder Morim,Trofense,22,MF,37.7,46.32,49.55,48.15,30.56,50.4,40.08,0,46,E,,
2022/23,Liga 2,S. Messeguem,Académico de Viseu F.C.,22,MF,45.83,51.21,52.83,47.35,15.48,43.78,43.06,0,54,E,,
2022/23,Liga 2,Rodrigo Fernandes,Porto B,22,MF,13.89,47.52,38.1,61.38,68.25,50.13,53.57,0,28,D,,
2022/23,Liga 2,Rafael Freitas,Leixões,23,MF,12.3,27.78,31.52,52.12,75.4,49.74,45.44,0,35,D,,
2022/23,Liga 2,Serginho,UD Oliveirense,23,MF,79.17,70.61,83.79,82.8,75,49.74,80.16,0,1,S,250000,
2022/23,Liga 2,B. Traoré,Leixões,23,MF,27.18,23.81,22.11,14.29,46.63,76.98,45.24,0,57,E,,
2022/23,Liga 2,Diogo Capitão,Benfica B,23,MF,19.44,35.45,24.26,25.66,69.05,58.2,37.3,0,49,E,,
2022/23,Liga 2,Jota Gonçalves,Tondela,23,MF,29.37,23.81,31.07,32.28,62.7,82.41,61.71,0,29,D,,
2022/23,Liga 2,Diogo Batista,Penafiel,23,MF,60.91,68.54,48.53,40.21,71.63,18.25,28.17,0,33,D,,
2022/23,Liga 2,C. Kouakou,Mafra,23,MF,22.22,27,40.02,66.4,37.1,54.23,64.68,0,38,D,,
2022/23,Liga 2,João Tavares,Feirense,24,MF,37.5,84.12,57.48,59.79,80.16,54.37,64.48,0,9,B,,
2022/23,Liga 2,V. Danilović,Nacional,24,MF,63.49,37.52,53.74,62.17,62.7,79.23,59.52,0,12,B,,
2022/23,Liga 2,João Lameira,Torreense,24,MF,31.55,45.5,39.12,50.26,67.46,67.46,49.6,0,25,C,,
2022/23,Liga 2,L. Vega,Sporting Covilhã,24,MF,60.91,42.38,39.57,22.75,52.78,54.23,33.93,0,41,E,,
2022/23,Liga 2,I. Dioh,AVS (Vilafranquense),24,MF,46.43,37.83,39.34,57.14,24.4,48.28,60.12,0,43,E,,
2022/23,Liga 2,I. Guirassy,UD Oliveirense,24,MF,36.51,57.1,36.05,26.46,27.98,71.69,47.22,0,45,E,,
2022/23,Liga 2,S. N'diaye,Sporting Covilhã,25,MF,35.32,23.81,28.12,17.46,28.57,73.94,54.76,0,60,F,,
2022/23,Liga 2,L. Ofori,Moreirense,25,MF,67.86,48.01,58.62,72.49,35.52,13.89,42.66,0,39,D,,
2022/23,Liga 2,João Paulo,Feirense,25,MF,83.93,51.85,90.93,92.59,31.94,45.5,72.02,0,8,A,,
2022/23,Liga 2,Luís Esteves,Nacional,25,MF,82.34,75.13,95.12,98.41,58.93,21.83,66.27,0,3,A,,
2022/23,Liga 2,Cícero Alves,Torreense,26,MF,60.12,61.11,45.35,47.35,67.66,57.94,51.59,0,21,C,,
2022/23,Liga 2,Mário Balbúrdia,Estrela Amadora,26,MF,57.34,79.08,51.13,26.98,37.7,44.44,35.32,0,40,D,,
2022/23,Liga 2,S. Guzmán,Estrela Amadora,26,MF,29.17,51.63,25.17,10.85,67.26,35.58,20.44,0,62,F,,
2022/23,Liga 2,Pedro Augusto,Tondela,26,MF,46.03,45.46,40.36,31.75,27.98,46.83,45.63,0,58,F,,
2022/23,Liga 2,Bruno Costa,Porto B,26,MF,44.25,71.43,61.79,82.28,79.37,19.44,59.92,0,18,B,,
2022/23,Liga 2,Aloísio,Estrela Amadora,27,MF,70.63,51.49,43.31,15.08,44.64,70.24,17.26,0,37,D,,
2022/23,Liga 2,Sori Mané,Moreirense,27,MF,41.47,30.13,25.74,27.51,50.4,75.13,60.12,0,34,D,,
2022/23,Liga 2,Guilherme Morais,Torreense,27,MF,63.1,44.18,35.83,20.11,39.88,63.76,35.91,0,44,E,,
2022/23,Liga 2,Léo Cordeiro,Mafra,27,MF,74.8,72.88,80.84,86.77,71.83,34.52,60.71,0,4,A,,
2022/23,Liga 2,Thalis,Leixões,27,MF,86.51,69.58,85.71,78.04,53.37,24.34,48.61,0,15,B,,
2022/23,Liga 2,Rúben Oliveira,CF Os Belenenses,28,MF,41.87,46.99,54.99,71.43,66.87,65.74,72.22,0,13,B,,
2022/23,Liga 2,Reko,Penafiel,28,MF,64.88,42.31,50.23,44.97,47.22,40.87,34.33,0,36,D,,
2022/23,Liga 2,André Ceitil,AVS (Vilafranquense),28,MF,62.1,42.82,54.88,57.94,23.02,85.71,79.17,0,20,C,,
2022/23,Liga 2,Fabinho,Leixões,28,MF,62.1,78.39,76.87,78.31,77.98,35.85,46.03,0,6,A,,
2022/23,Liga 2,Carlos Daniel,Nacional,29,MF,93.65,64.15,86.39,81.48,28.97,13.62,43.65,0,23,C,,
2022/23,Liga 2,C. Nduwarugira,Académico de Viseu F.C.,29,MF,21.23,35.94,25.62,22.49,46.63,63.62,31.15,0,61,F,,
2022/23,Liga 2,Cláudio Falcão,Farense,29,MF,85.12,39.42,40.25,7.67,49.21,53.44,33.13,0,42,E,,
2022/23,Liga 2,Vasco Braga,Penafiel,29,MF,77.98,78.16,83.56,86.51,74.4,23.94,53.37,0,5,A,,
2022/23,Liga 2,Mattheus Oliveira,Farense,29,MF,83.93,65.52,81.52,67.46,63.29,37.83,54.17,0,10,B,,
2022/23,Liga 2,Leandrinho,Mafra,29,MF,10.32,17.72,19.73,37.3,62.1,53.44,66.67,0,53,E,,
2022/23,Liga 2,Mica,Penafiel,30,MF,46.03,87.03,57.37,55.29,54.56,21.56,45.44,0,30,D,,
2022/23,Liga 2,Zimbabwé,Sporting Covilhã,30,MF,51.98,48.12,30.73,14.02,29.76,64.68,32.14,0,59,F,,
2022/23,Liga 2,Luís Silva,AVS (Vilafranquense),30,MF,82.34,55.68,69.61,58.99,49.6,26.98,49.4,0,24,C,,
2022/23,Liga 2,Pana,Académico de Viseu F.C.,31,MF,38.1,76.19,43.99,30.95,48.02,43.12,15.28,0,48,E,,
2022/23,Liga 2,Fabrício Isidoro,Farense,31,MF,43.85,64.43,58.39,69.58,68.45,53.97,50.99,0,17,B,,
2022/23,Liga 2,Vítor Gonçalves,Farense,31,MF,52.98,62.92,68.25,80.16,34.52,60.98,69.25,0,16,B,,
2022/23,Liga 2,João Oliveira,Penafiel,31,MF,65.67,22.7,55.78,57.67,45.63,75.26,62.7,0,22,C,,
2022/23,Liga 2,Filipe Alves,UD Oliveirense,32,MF,14.48,73.72,22.79,21.43,33.53,51.72,32.74,0,63,F,,
2022/23,Liga 2,Ricardo Dias,AVS (Vilafranquense),32,MF,28.77,35.19,24.6,6.61,44.25,83.86,45.44,0,52,E,,
2022/23,Liga 2,H. Zagbayou,Leixões,33,MF,14.68,23.81,17.01,19.05,64.29,67.46,51.39,0,55,E,,
2022/23,Liga 2,Bebeto,Tondela,33,MF,54.96,56.74,72.22,82.8,31.15,67.2,70.83,0,14,B,,
2022/23,Liga 2,Washington Santana,Feirense,34,MF,39.68,23.51,31.86,48.68,50.4,67.46,63.49,0,32,D,,
2022/23,Liga 2,Vasco Rocha,Trofense,34,MF,28.57,42.31,33.33,34.66,52.18,50,53.97,0,47,E,,
2022/23,Liga 2,Marcos Paulo,Farense,35,MF,57.74,57.7,48.07,38.1,25.79,40.34,30.16,0,56,E,,
2022/23,Liga 2,Gilberto Silva,Sporting Covilhã,36,MF,60.71,86.51,61.22,62.43,51.98,42.86,51.19,0,19,C,,
2022/23,Liga 2,Tiago Morais,Leixões,19,AM & W,62.28,66.71,64.67,56.55,73.66,30.51,51.34,0,15,B,,
2022/23,Liga 2,Vasco Sousa,Porto B,20,AM & W,10.04,29.34,8.42,2.68,80.8,80.51,31.92,0,51,E,,
2022/23,Liga 2,Pedro Santos,Benfica B,20,AM & W,43.97,29.34,23.72,7.14,36.61,76.79,27.46,0,52,E,,
2022/23,Liga 2,Famana Quizera,Académico de Viseu F.C.,21,AM & W,36.61,64.27,57.91,69.94,66.29,63.24,53.12,0,10,B,,
2022/23,Liga 2,Gerson Sousa,Benfica B,21,AM & W,72.77,37.79,59.31,61.61,31.7,49.7,75.67,0,25,C,,
2022/23,Liga 2,O. Ochowechi,Feirense,21,AM & W,61.16,59.74,52.04,49.4,72.99,39.88,52.23,0,21,C,,
2022/23,Liga 2,Henrique Pereira,Benfica B,21,AM & W,85.94,58.85,82.78,87.5,32.81,17.71,58.48,0,9,B,,
2022/23,Liga 2,G. Ott,Académico de Viseu F.C.,21,AM & W,15.4,84.4,55.23,80.36,34.15,44.49,76.56,0,18,C,,
2022/23,Liga 2,Jefferson,CF Os Belenenses,21,AM & W,45.09,59.45,51.91,59.23,54.24,78.72,66.29,0,12,B,,
2022/23,Liga 2,Samuel Lobato,CF Os Belenenses,21,AM & W,2.9,65.51,33.55,59.52,56.47,82.74,68.08,0,27,C,,
2022/23,Liga 2,I. Maiga,Trofense,21,AM & W,45.09,42.85,41.71,43.45,17.86,60.42,55.36,0,42,D,,
2022/23,Liga 2,S. Koné,Porto B,21,AM & W,40.4,14.87,30.87,14.88,58.71,77.53,56.25,0,47,D,,
2022/23,Liga 2,Ronald,Estrela Amadora,22,AM & W,62.28,51.71,56.63,50.3,48.88,52.83,41.96,0,28,C,,
2022/23,Liga 2,Gonçalo Borges,Porto B,22,AM & W,78.57,53.86,93.49,97.02,25,19.79,57.59,0,7,B,,
2022/23,Liga 2,R. N'do,Estrela Amadora,22,AM & W,56.92,54.76,57.65,57.14,54.24,55.36,61.83,0,19,C,,
2022/23,Liga 2,Telmo Arcanjo,Tondela,22,AM & W,48.66,77.08,58.8,61.9,79.91,50.45,79.46,0,5,B,500000,
2022/23,Liga 2,Nilton Varela,Porto B,22,AM & W,40.62,17.25,26.28,35.71,37.05,88.84,55.13,0,44,D,,
2022/23,Liga 2,Picas,Torreense,22,AM & W,24.11,21.06,46.94,76.79,23.21,49.26,64.96,0,41,D,,
2022/23,Liga 2,Loide Augusto,Mafra,23,AM & W,86.38,63.63,88.65,90.18,66.07,65.18,95.76,0,1,S,,
2022/23,Liga 2,K. Kodisang,Moreirense,23,AM & W,93.3,43.1,73.72,64.58,25,32.44,52.01,0,23,C,,1650000
2022/23,Liga 2,M. Ayomide,Porto B,23,AM & W,72.32,54.1,50.89,35.71,90.18,52.38,64.51,0,13,B,,
2022/23,Liga 2,Edgar Pacheco,CF Os Belenenses,23,AM & W,54.24,44.93,40.56,32.14,50.45,69.79,39.73,0,38,D,,
2022/23,Liga 2,Pipe Gómez,Nacional,23,AM & W,66.74,52.91,66.84,68.45,56.03,45.68,47.32,0,16,B,,
2022/23,Liga 2,Alan,Moreirense,23,AM & W,61.83,73.27,39.41,23.51,77.23,23.96,22.1,0,39,D,,
2022/23,Liga 2,Gustavo Henrique,Estrela Amadora,24,AM & W,83.04,22.31,54.46,28.57,30.58,61.61,42.86,0,40,D,,
2022/23,Liga 2,Edi Semedo,Penafiel,24,AM & W,57.81,54.08,78.83,90.48,14.73,54.46,81.7,0,6,B,,
2022/23,Liga 2,M. Belkheir,AVS (Vilafranquense),24,AM & W,51.79,63.51,53.06,46.73,43.08,55.51,29.69,0,34,C,,
2022/23,Liga 2,Kiki Silva,Leixões,25,AM & W,46.21,29.45,57.65,77.38,37.95,40.33,65.4,0,33,C,,
2022/23,Liga 2,Benny,AVS (Vilafranquense),25,AM & W,33.48,53.83,36.35,35.12,88.17,60.71,42.41,0,32,C,,
2022/23,Liga 2,André Rodrigues,Feirense,25,AM & W,74.33,34.69,55.1,49.11,54.02,46.13,59.38,0,29,C,,
2022/23,Liga 2,Chico Teixeira,CF Os Belenenses,25,AM & W,18.08,48.16,21.94,13.99,34.15,31.1,22.1,0,56,F,,
2022/23,Liga 2,Jaiminho,UD Oliveirense,25,AM & W,62.28,62.16,60.71,57.74,18.97,33.18,41.07,0,37,C,,
2022/23,Liga 2,Diego Raposo,Torreense,26,AM & W,57.14,52.46,42.35,27.38,81.25,73.07,46.88,0,24,C,,
2022/23,Liga 2,Witi,Nacional,26,AM & W,42.19,69.51,74.23,97.02,52.46,60.42,85.94,0,3,A,,
2022/23,Liga 2,J. Balanta,Torreense,26,AM & W,14.51,22.01,19.52,29.76,55.36,22.17,29.24,0,55,F,,
2022/23,Liga 2,J. Toro,Académico de Viseu F.C.,26,AM & W,32.37,23.8,22.19,6.55,43.3,76.19,32.37,0,53,E,,
2022/23,Liga 2,Mozino,Trofense,26,AM & W,69.42,63.57,64.54,70.24,21.21,36.76,61.16,0,22,C,,
2022/23,Liga 2,Rúben Macedo,Nacional,27,AM & W,18.53,33.29,52.42,94.05,13.17,51.04,87.5,0,35,C,,
2022/23,Liga 2,J. Oliveira,Leixões,27,AM & W,58.71,55.71,65.94,68.15,47.77,46.43,43.53,0,20,C,,
2022/23,Liga 2,Pedro Aparício,Moreirense,27,AM & W,83.93,47.19,58.16,37.8,85.49,45.09,57.59,0,17,C,,
2022/23,Liga 2,Rafael Barbosa,Tondela,27,AM & W,33.04,36.46,37.12,43.45,84.82,19.35,30.36,0,46,D,,
2022/23,Liga 2,Nuno Rodrigues,Sporting Covilhã,28,AM & W,11.83,30.7,23.98,35.12,45.54,63.24,35.71,0,50,E,,
2022/23,Liga 2,Walterson,Moreirense,28,AM & W,70.98,64.21,65.18,64.29,62.72,46.58,51.34,0,8,B,,
2022/23,Liga 2,Pité,Mafra,28,AM & W,79.46,23.5,39.92,12.2,43.75,68.01,35.94,0,45,D,,
2022/23,Liga 2,Cristian Ponde,Farense,28,AM & W,54.69,77.98,36.99,23.81,60.04,63.1,43.75,0,31,C,,
2022/23,Liga 2,João Camacho,Moreirense,29,AM & W,60.27,70.5,70.41,78.57,41.74,41.96,50.89,0,11,B,,
2022/23,Liga 2,Frédéric Maciel,Torreense,29,AM & W,43.97,79.52,70.54,80.36,85.94,57.59,61.61,0,2,A,,
2022/23,Liga 2,Erivaldo,Trofense,29,AM & W,74.33,25.04,41.84,16.96,6.25,63.24,46.43,0,48,E,,
2022/23,Liga 2,Adriano Castanheira,Penafiel,30,AM & W,18.75,51.36,35.08,32.74,54.69,61.31,31.7,0,43,D,,
2022/23,Liga 2,Ença Fati,Mafra,30,AM & W,78.35,83.97,77.3,69.35,80.36,33.48,51.56,0,4,A,,
2022/23,Liga 2,Renato Santos,Torreense,31,AM & W,46.88,86.88,53.32,60.42,61.61,27.38,29.69,0,26,C,,
2022/23,Liga 2,Marco Matias,Farense,34,AM & W,61.16,71.42,69.13,66.07,23.88,51.79,65.18,0,14,B,,
2022/23,Liga 2,Feliz Vaz,Penafiel,34,AM & W,49.55,67.77,51.02,51.19,88.84,19.2,25.45,0,30,C,,
2022/23,Liga 2,Duarte Duarte,UD Oliveirense,35,AM & W,61.16,48.13,62.76,58.04,39.73,32.44,40.85,0,36,C,,
2022/23,Liga 2,Zé Tiago,Sporting Covilhã,35,AM & W,22.54,11.89,19.26,22.62,59.38,37.65,27.23,0,54,F,,
2022/23,Liga 2,Djalma,Trofense,36,AM & W,11.61,64.16,16.71,19.05,39.51,61.31,38.39,0,49,E,,
2022/23,Liga 2,Gilson Benchimol,Benfica B,21,CF,62.12,43.75,64.5,60.1,35.23,45.2,54.55,0,13,C,,
2022/23,Liga 2,Wendel,Porto B,23,CF,47.73,83.57,62.34,76.77,79.92,44.95,70.45,0,4,B,,
2022/23,Liga 2,Rúben Fonseca,Tondela,23,CF,39.39,49.81,23.16,10.1,49.24,29.29,14.39,0,32,F,,
2022/23,Liga 2,Lucas Silva,Mafra,23,CF,20.45,49.81,59.96,99.99,73.48,62.63,87.88,0,6,B,,
2022/23,Liga 2,Agostinho Magalhães,Leixões,23,CF,24.24,58.96,54.33,73.74,78.79,47.47,59.85,0,12,C,,
2022/23,Liga 2,João Marcos,CF Os Belenenses,23,CF,54.55,42.14,32.03,22.22,18.56,42.42,38.64,0,31,E,,
2022/23,Liga 2,W. Aponzá,Sporting Covilhã,23,CF,69.32,16.98,31.17,9.09,12.12,68.18,42.42,0,29,E,,
2022/23,Liga 2,Pedro Lucas,Mafra,24,CF,26.89,25.6,37.45,48.99,56.06,67.68,60.98,0,22,D,,
2022/23,Liga 2,Kikas,Estrela Amadora,24,CF,63.26,33.18,50.87,41.41,28.79,53.28,33.33,0,21,D,,
2022/23,Liga 2,Dudu,Nacional,24,CF,17.42,63.95,45.02,60.61,43.56,43.94,44.7,0,23,D,,
2022/23,Liga 2,Jardel,Feirense,25,CF,56.44,66.01,71.86,75.76,55.68,51.26,78.79,0,3,B,,
2022/23,Liga 2,Andre Clóvis,Académico de Viseu F.C.,25,CF,96.21,33.19,57.79,29.29,46.59,35.35,25,0,18,D,,1250000
2022/23,Liga 2,Jonata,UD Oliveirense,25,CF,50.76,16.98,37.23,35.35,22.35,40.66,37.12,0,30,E,,
2022/23,Liga 2,Pedro Henrique,Farense,26,CF,61.36,48.8,40.04,16.16,37.12,51.77,48.86,0,27,D,,
2022/23,Liga 2,Ronaldo Tavares,Estrela Amadora,26,CF,77.65,92.07,89.83,90.91,54.17,86.11,87.12,0,1,S,,
2022/23,Liga 2,Michel,UD Oliveirense,26,CF,80.3,73.7,78.35,82.32,83.33,67.68,78.03,0,2,A,,
2022/23,Liga 2,S. Fatai,Sporting Covilhã,27,CF,3.03,58.98,47.84,95.96,84.85,58.08,90.91,0,11,C,,
2022/23,Liga 2,Pachu,Trofense,27,CF,42.8,55.11,64.5,80.81,61.74,61.87,61.36,0,8,C,,
2022/23,Liga 2,Rui Costa,Farense,27,CF,71.59,48.89,71.21,74.75,53.41,48.48,63.64,0,5,B,,
2022/23,Liga 2,Wesley Tanque,Trofense,27,CF,24.24,88.54,32.25,27.27,24.62,69.7,43.56,0,28,E,,
2022/23,Liga 2,Daniel Dos Anjos,Tondela,27,CF,43.56,47.41,38.1,34.85,74.24,54.04,49.62,0,20,D,,
2022/23,Liga 2,S. Okitokandjo,Trofense,29,CF,25,14.96,25.11,33.33,37.88,28.28,39.39,0,33,F,,
2022/23,Liga 2,André Luis,Moreirense,29,CF,74.62,47.44,49.35,20.2,73.86,44.7,50,0,15,D,,
2022/23,Liga 2,Patrick,Torreense,29,CF,68.18,59.18,67.75,50,81.06,64.39,49.62,0,7,B,,
2022/23,Liga 2,Kukula,Sporting Covilhã,30,CF,21.59,16.98,35.71,57.58,62.5,60.1,65.91,0,25,D,,
2022/23,Liga 2,Adílio Santos,Penafiel,30,CF,37.88,64.28,65.8,82.83,54.55,52.27,47.73,0,10,C,,
2022/23,Liga 2,João Vieira,Torreense,31,CF,31.44,65.73,52.81,59.6,39.02,16.67,42.05,0,26,D,,
2022/23,Liga 2,Zé Manuel,Nacional,32,CF,28.79,53.75,40.91,55.56,56.82,66.41,45.08,0,19,D,,
2022/23,Liga 2,Platiny,Moreirense,32,CF,87.5,73.38,58.66,40.4,19.7,26.52,31.82,0,16,D,,
2022/23,Liga 2,Ricardo Valente,Leixões,32,CF,84.09,46.21,75.11,63.64,56.06,32.07,57.58,0,9,C,,
2022/23,Liga 2,João Silva,Estrela Amadora,33,CF,62.12,38.24,41.13,35.86,46.21,75.76,50.38,0,17,D,,
2022/23,Liga 2,Roberto,Penafiel,34,CF,84.09,54.89,58.01,36.87,49.24,41.92,28.79,0,14,C,,
2022/23,Liga 2,Nenê,AVS (Vilafranquense),40,CF,61.36,67.51,39.83,17.68,49.24,60.86,20.45,0,24,D,,
2022/23,Liga 2,André Gomes,Benfica B,18,GK,0,0,0,0,0,0,0,34.33,22,E,,
2022/23,Liga 2,Samuel Soares,Benfica B,21,GK,0,0,0,0,0,0,0,62.67,8,B,,
2022/23,Liga 2,Francisco Meixedo,Porto B,22,GK,0,0,0,0,0,0,0,58.67,9,B,,
2022/23,Liga 2,Gonçalo Tabuaço,CF Os Belenenses,22,GK,0,0,0,0,0,0,0,51.33,14,C,,
2022/23,Liga 2,D. Gril,Académico de Viseu F.C.,22,GK,0,0,0,0,0,0,0,49.33,15,C,,
2022/23,Liga 2,Tiago Silva,Trofense,23,GK,0,0,0,0,0,0,0,40,17,E,,
2022/23,Liga 2,Arthur Augusto,Feirense,23,GK,0,0,0,0,0,0,0,58,10,C,,
2022/23,Liga 2,Samú Silva,Mafra,24,GK,0,0,0,0,0,0,0,68.67,4,A,,
2022/23,Liga 2,Renan,Mafra,25,GK,0,0,0,0,0,0,0,32,23,F,,
2022/23,Liga 2,Rui Encarnação,Nacional,25,GK,0,0,0,0,0,0,0,57,11,C,,
2022/23,Liga 2,Ricardo Velho,Farense,25,GK,0,0,0,0,0,0,0,63.33,7,B,,
2022/23,Liga 2,Filipe Ferreira,Penafiel,26,GK,0,0,0,0,0,0,0,30.67,24,F,,
2022/23,Liga 2,B. Niasse,Tondela,26,GK,0,0,0,0,0,0,0,65.67,6,A,,
2022/23,Liga 2,B. Miranda Bolas,Sporting Covilhã,27,GK,0,0,0,0,0,0,0,34.67,21,E,,
2022/23,Liga 2,Igor Rodrigues,Feirense,28,GK,0,0,0,0,0,0,0,78,1,S,,
2022/23,Liga 2,Kewin,Moreirense,28,GK,0,0,0,0,0,0,0,51.67,13,C,,
2022/23,Liga 2,Miguel Santos,Trofense,28,GK,0,0,0,0,0,0,0,28.67,25,F,,
2022/23,Liga 2,Q. Beunardeau,Leixões,29,GK,0,0,0,0,0,0,0,70,3,A,,
2022/23,Liga 2,Bruno Brígido,Estrela Amadora,32,GK,0,0,0,0,0,0,0,66,5,A,,
2022/23,Liga 2,Caio Secco,Penafiel,32,GK,0,0,0,0,0,0,0,38,18,E,,
2022/23,Liga 2,Ricardo Ribeiro,UD Oliveirense,33,GK,0,0,0,0,0,0,0,38,19,E,,
2022/23,Liga 2,Pedro Trigueira,AVS (Vilafranquense),35,GK,0,0,0,0,0,0,0,75.33,2,S,,
2022/23,Liga 2,Daniel Guimarães,Nacional,36,GK,0,0,0,0,0,0,0,35.33,20,E,,
2022/23,Liga 2,Vágner,Torreense,37,GK,0,0,0,0,0,0,0,54.67,12,C,,
2022/23,Liga 2,Rafael Defendi,Farense,39,GK,0,0,0,0,0,0,0,41.33,16,D,,
2022/23,Liga 3,João Muniz,Sporting CP B,18,CB,59.59,35.16,46.38,52.28,74.83,57.19,57.36,0,21,B,,
2022/23,Liga 3,L. Henriques,Vitória Setúbal,19,CB,32.53,68.67,64.09,92.92,56.16,41.32,52.57,0,28,B,,
2022/23,Liga 3,Guilherme Magalhães,Amora,19,CB,79.11,35.16,51.96,31.51,30.31,19.63,12.84,0,70,E,,
2022/23,Liga 3,Gilberto Batista,Sporting CP B,19,CB,22.95,62.79,35.13,38.13,63.87,52.85,41.95,0,45,C,,
2022/23,Liga 3,J. Alcantar,Sporting CP B,20,CB,89.38,35.16,60.37,42.01,62.33,34.25,48.63,0,40,C,,
2022/23,Liga 3,Ni,Vitória SC B,20,CB,59.25,52.06,55.68,43.84,82.02,72.15,40.24,0,10,A,,
2022/23,Liga 3,E. Gjini,Amora,20,CB,71.4,47.25,55.38,52.51,34.76,68.04,48.46,0,26,B,,
2022/23,Liga 3,José Pedro,SC Braga B,21,CB,48.46,35.16,54.79,76.94,70.89,52.63,78.77,0,14,B,,
2022/23,Liga 3,Rui Correia,Vitória SC B,21,CB,12.67,73.75,56.36,89.04,80.99,68.15,64.38,0,6,A,,
2022/23,Liga 3,Diogo Fonseca,SC Braga B,21,CB,64.9,83.95,75.44,84.7,73.97,55.94,80.31,0,4,S,,
2022/23,Liga 3,Pedro Romano,Oliveira Hospital,21,CB,31.16,70.39,68.98,94.98,24.14,66.32,73.63,0,9,A,,
2022/23,Liga 3,Guilherme Soares,SC Braga B,22,CB,34.08,41.04,26.03,13.24,44.52,62.67,35.79,0,59,D,,
2022/23,Liga 3,Bruno,Canelas 2010,22,CB,60.96,78.14,68.2,74.66,37.84,39.38,55.65,0,31,B,,
2022/23,Liga 3,Pedro Rosas,Real SC,22,CB,71.75,78.32,90.12,96.35,76.71,49.77,76.03,0,2,S,,
2022/23,Liga 3,Diogo Gomes,São João Ver,22,CB,59.93,35.16,62.23,63.24,43.66,56.96,75.51,0,19,B,,
2022/23,Liga 3,Vasco Oliveira,União de Leiria,23,CB,62.67,72.68,62.04,56.85,84.93,47.26,57.02,0,11,A,,
2022/23,Liga 3,Kiko,Montalegre,23,CB,23.12,35.16,37.96,55.71,54.62,67.35,46.75,0,35,C,,
2022/23,Liga 3,Pedro Farrim,Real SC,23,CB,74.32,35.16,52.35,31.51,10.96,45.66,43.49,0,61,D,,
2022/23,Liga 3,Guilherme Oliveira,Fafe,23,CB,69.69,55.51,45.01,29,24.49,84.93,48.29,0,22,B,,
2022/23,Liga 3,João Ricciulli,Vitória SC B,23,CB,74.32,52.06,81.7,88.36,66.1,68.26,84.25,0,1,S,,
2022/23,Liga 3,João Correia,Moncarapachense,23,CB,57.53,35.16,27.01,7.53,26.88,53.88,30.65,0,66,D,,
2022/23,Liga 3,Bruno Almeida,Real SC,23,CB,40.41,35.16,54.6,71.46,42.12,66.67,68.32,0,20,B,,
2022/23,Liga 3,Pedro Venaque,Alverca,23,CB,35.45,46.35,48.43,52.51,74.66,36.3,61.99,0,39,C,,
2022/23,Liga 3,João Serrão,Paredes,23,CB,39.21,48.63,25.15,13.93,22.95,23.52,26.37,0,72,F,,
2022/23,Liga 3,Simão Fernandes,Anadia,24,CB,77.91,78.71,62.13,28.31,28.94,59.59,33.39,0,33,C,,
2022/23,Liga 3,André Serra,CF Os Belenenses,24,CB,29.11,35.16,36.79,44.98,26.2,48.97,46.75,0,62,D,,
2022/23,Liga 3,António Alves,Oliveira Hospital,24,CB,18.15,69.41,45.01,61.87,76.37,64.5,64.9,0,13,B,,
2022/23,Liga 3,Marcelo Vilela,Montalegre,24,CB,31.68,41.04,42.27,72.15,59.59,40.07,61.3,0,42,C,,
2022/23,Liga 3,Rui Bruno,Montalegre,24,CB,66.95,35.16,53.42,58.9,57.53,73.06,51.54,0,15,B,,
2022/23,Liga 3,Lucas Mufalo,Fafe,25,CB,58.05,35.16,44.13,39.27,17.29,32.76,47.09,0,67,D,,
2022/23,Liga 3,Aloísio Soares,Sanjoanense,25,CB,31.85,35.16,25.05,13.93,50.68,32.19,30.99,0,69,E,,
2022/23,Liga 3,Nuca,Fafe,25,CB,36.64,52.06,52.74,55.25,60.62,67.81,63.7,0,17,B,,
2022/23,Liga 3,Bruno Morais,Anadia,25,CB,90.75,39.68,54.6,28.08,57.36,65.98,31.51,0,29,B,,
2022/23,Liga 3,João Batista,Vilaverdense,25,CB,78.25,46.35,51.47,24.89,51.54,28.31,38.53,0,60,D,,
2022/23,Liga 3,J. Rios,Vilaverdense,25,CB,50.86,35.16,56.56,72.6,60.96,64.73,63.87,0,16,B,,
2022/23,Liga 3,Filipe Almeida,União de Leiria,26,CB,58.05,44.95,53.52,58.68,73.29,50.11,57.71,0,24,B,,
2022/23,Liga 3,Luís Marcelino,Caldas,26,CB,51.88,35.16,46.28,57.31,24.32,47.72,65.92,0,47,C,,
2022/23,Liga 3,Breno Freitas,Fontinhas,26,CB,68.66,72.61,71.14,62.79,49.83,32.42,38.53,0,36,C,,
2022/23,Liga 3,P. Machado,Vitória Setúbal,27,CB,80.99,78.38,58.61,36.07,40.58,29.57,31.68,0,56,C,,
2022/23,Liga 3,Nuno Moreira,Paredes,27,CB,15.75,35.16,19.77,23.06,10.96,40.64,35.27,0,71,F,,
2022/23,Liga 3,Zé Oliveira,Alverca,27,CB,52.4,39.68,41.49,24.89,41.95,40.64,28.25,0,65,D,,
2022/23,Liga 3,João Cunha,Felgueiras 1932,27,CB,31.68,35.16,40.7,50.68,62.33,40.64,59.25,0,52,C,,
2022/23,Liga 3,Luiz Grando,Moncarapachense,28,CB,30.48,42.02,30.33,28.08,35.79,60.16,24.49,0,63,D,,
2022/23,Liga 3,Amadeu,Paredes,28,CB,33.9,54.34,28.86,20.09,28.25,12.44,20.89,0,73,F,,
2022/23,Liga 3,Y. Valencia,Caldas,28,CB,16.95,46.35,39.14,55.48,69.52,51.71,43.32,0,44,C,,
2022/23,Liga 3,Emanuel,São João Ver,28,CB,60.45,69.61,63.11,62.56,58.39,31.16,62.84,0,32,C,,
2022/23,Liga 3,Tiago Duque,Amora,29,CB,50.17,66.37,59.98,67.35,64.55,65.18,58.05,0,8,A,,
2022/23,Liga 3,C. Akas,CF Os Belenenses,29,CB,47.77,56.4,63.01,60.05,29.79,21.23,39.55,0,64,D,,
2022/23,Liga 3,Lamine Bá,Moncarapachense,29,CB,70.55,35.16,50.2,36.76,22.09,55.48,52.57,0,46,C,,
2022/23,Liga 3,João Sousa,CF Os Belenenses,29,CB,50.86,70.62,52.15,34.93,45.38,52.4,71.06,0,30,B,,
2022/23,Liga 3,P. Addico,Fontinhas,29,CB,36.64,39.68,34.44,55.02,26.54,40.87,69.01,0,57,D,,
2022/23,Liga 3,Danrlei,Sanjoanense,29,CB,74.83,75.53,71.23,50.23,32.19,51.6,49.32,0,27,B,,
2022/23,Liga 3,Romário Carvalho,CF Os Belenenses,29,CB,79.45,46.35,69.37,60.5,41.27,49.89,71.06,0,18,B,,
2022/23,Liga 3,Jefferson,Amora,30,CB,63.7,42.17,50.59,51.6,71.06,54.45,54.28,0,25,B,,
2022/23,Liga 3,Miguel Rodrigues,Oliveira Hospital,30,CB,87.67,35.16,68,64.38,46.75,63.36,61.64,0,12,A,,
2022/23,Liga 3,Agostinho Carvalho,Canelas 2010,30,CB,57.36,35.16,47.26,43.61,45.21,60.05,46.06,0,38,C,,
2022/23,Liga 3,Rui Rampa,Felgueiras 1932,30,CB,42.98,35.16,22.99,14.84,53.94,33.9,22.77,0,68,E,,
2022/23,Liga 3,Edgar Almeida,Sanjoanense,30,CB,34.76,57.94,40.9,30.14,75,40.98,38.36,0,54,C,,
2022/23,Liga 3,Diogo Costa,Académica,31,CB,70.03,35.16,52.35,49.09,37.5,36.07,38.36,0,58,D,,
2022/23,Liga 3,João Freitas,Vitória Setúbal,31,CB,40.75,52.06,61.45,70.09,88.01,84.02,69.35,0,3,S,,
2022/23,Liga 3,Victor Massaia,Montalegre,31,CB,44.18,69.64,47.26,56.62,45.03,42.81,60.1,0,37,C,,
2022/23,Liga 3,Thomas Militão,Caldas,31,CB,60.79,61.85,71.43,75.34,66.78,78.31,67.12,0,5,S,,
2022/23,Liga 3,Luis Pedro,Anadia,33,CB,79.79,70.62,66.44,41.55,43.32,24.09,40.24,0,55,C,,
2022/23,Liga 3,J. Faria,Varzim,33,CB,51.54,35.16,39.24,34.02,77.05,50.91,36.64,0,43,C,0,
2022/23,Liga 3,Vítor Bastos,Canelas 2010,33,CB,33.39,39.68,43.93,55.94,53.6,50.11,42.47,0,49,C,,
2022/23,Liga 3,Mike Moura,Felgueiras 1932,33,CB,54.79,65.53,68.79,68.49,72.09,53.08,68.66,0,7,A,,
2022/23,Liga 3,Diogo Careca,Fontinhas,33,CB,15.24,56.14,29.26,34.7,62.5,61.87,28.77,0,53,C,,
2022/23,Liga 3,A. Sene,Vitória Setúbal,33,CB,39.73,54.34,35.91,28.77,28.6,68.49,37.84,0,50,C,,
2022/23,Liga 3,Weliton Matos,São João Ver,33,CB,42.47,35.16,42.66,40.87,39.73,62.79,67.47,0,34,C,,
2022/23,Liga 3,Nuno Silva,Moncarapachense,34,CB,26.2,81.92,54.31,66.67,38.01,41.32,35.79,0,51,C,,
2022/23,Liga 3,André Sousa,Caldas,36,CB,13.7,35.16,25.83,39.95,71.4,58.79,46.92,0,48,C,,
2022/23,Liga 3,Bruno Bernardo,Varzim,37,CB,69.18,35.16,53.72,46.8,27.91,55.71,53.94,0,41,C,0,
2022/23,Liga 3,Babanco,União de Leiria,38,CB,15.24,72.07,54.79,88.58,87.67,35.96,61.64,0,23,B,,
2022/23,Liga 3,Travassos,Sporting CP B,19,FB & WB,44.25,29.61,62.47,82.01,66.07,71.69,74.21,0,5,A,,
2022/23,Liga 3,Alberto Baio,Vitória SC B,19,FB & WB,67.46,28.78,65.99,80.69,45.24,83.6,92.46,0,1,S,,
2022/23,Liga 3,Stitch,Académica,19,FB & WB,17.46,32.23,14.63,15.34,47.62,54.89,35.32,0,58,E,,
2022/23,Liga 3,Flávio Nazinho,Sporting CP B,20,FB & WB,85.91,52.61,79.37,78.57,20.83,60.98,78.37,0,4,S,,
2022/23,Liga 3,J. Mutombo,Vitória SC B,20,FB & WB,36.71,32.79,61.56,86.77,32.54,55.16,74.6,0,22,B,,
2022/23,Liga 3,Miguel Pires,Alverca,21,FB & WB,80.95,69.07,54.76,29.63,78.97,48.54,57.34,0,17,A,,
2022/23,Liga 3,Dinis Pinto,SC Braga B,22,FB & WB,53.77,53.42,64.85,68.78,54.76,18.25,48.81,0,36,C,,
2022/23,Liga 3,André Santos,Anadia,22,FB & WB,25.79,38.87,32.65,40.48,65.67,79.89,66.87,0,32,B,,
2022/23,Liga 3,João Oliveira,Moncarapachense,23,FB & WB,27.38,20.35,38.78,58.47,28.77,50.93,61.71,0,51,C,,
2022/23,Liga 3,Manu Ribeiro,Montalegre,23,FB & WB,21.23,20.35,12.02,4.23,26.79,47.88,23.02,0,63,F,,
2022/23,Liga 3,Pedro Araújo,Sanjoanense,23,FB & WB,24.4,57.36,31.18,32.28,79.76,58.07,27.98,0,47,C,,
2022/23,Liga 3,Kiko Vilas Boas,Sanjoanense,23,FB & WB,22.22,49.4,42.63,65.08,52.98,68.12,78.57,0,20,B,,
2022/23,Liga 3,Miguel Vilela,SC Braga B,23,FB & WB,76.39,51.31,64.97,70.9,59.52,38.62,41.67,0,23,B,,
2022/23,Liga 3,Breno Pais,Paredes,23,FB & WB,29.56,70.59,49.43,54.76,19.84,57.54,70.83,0,35,C,,
2022/23,Liga 3,Valdir Júnior,União de Leiria,23,FB & WB,88.49,53.91,68.93,50.53,40.08,40.34,69.84,0,19,B,,
2022/23,Liga 3,Luís Pinheiro,Moncarapachense,23,FB & WB,18.85,61.74,36.62,52.38,47.02,77.38,72.62,0,26,B,,
2022/23,Liga 3,Guga,Varzim,23,FB & WB,91.67,29.61,81.86,81.48,5.75,56.08,59.13,0,18,B,,
2022/23,Liga 3,Armando Lopes,Vilaverdense,24,FB & WB,59.33,36.76,60.54,75.66,53.77,64.42,64.29,0,9,A,,
2022/23,Liga 3,Gonçalo Lixa,Canelas 2010,24,FB & WB,75.2,53.85,68.14,68.52,25.79,68.39,52.78,0,13,A,,
2022/23,Liga 3,Francisco Ferreira,São João Ver,24,FB & WB,63.1,40.2,74.15,92.59,45.04,53.97,90.08,0,3,S,,
2022/23,Liga 3,C. Tovar,Varzim,24,FB & WB,50.4,32.79,55.78,80.69,62.7,61.77,83.53,0,7,A,0,
2022/23,Liga 3,T. Parthoens,Anadia,24,FB & WB,25.4,20.35,21.54,20.9,26.59,65.08,25,0,59,E,,
2022/23,Liga 3,A. Ibrahim,Real SC,24,FB & WB,71.63,26.17,52.83,47.35,41.07,50,51.19,0,39,C,,
2022/23,Liga 3,Filipe Maio,São João Ver,24,FB & WB,14.29,23.26,29.93,52.38,50,27.38,60.12,0,56,D,,
2022/23,Liga 3,Frederico Namora,Felgueiras 1932,25,FB & WB,52.38,32.79,34.92,28.04,85.32,68.92,60.71,0,31,B,,
2022/23,Liga 3,André Freitas,Oliveira Hospital,25,FB & WB,22.02,41.25,27.78,34.13,15.08,29.89,38.69,0,62,E,,
2022/23,Liga 3,João Silva,Caldas,25,FB & WB,90.48,90.35,80.95,59.26,67.86,34.92,49.21,0,6,A,,
2022/23,Liga 3,Desailly,Fontinhas,25,FB & WB,59.13,44.69,51.93,34.66,27.18,49.6,38.69,0,50,C,,
2022/23,Liga 3,Victor Luiz,Alverca,25,FB & WB,32.54,85.15,61,76.46,75.79,57.94,85.32,0,2,S,,
2022/23,Liga 3,Diogo Castro,Oliveira Hospital,26,FB & WB,36.11,72.95,59.18,88.1,49.21,54.1,65.67,0,8,A,,
2022/23,Liga 3,Henrique Brito,Felgueiras 1932,26,FB & WB,45.04,55.8,51.02,40.74,68.25,48.81,28.97,0,40,C,,
2022/23,Liga 3,Tiago Melo,Académica,26,FB & WB,43.06,76.02,58.05,67.2,55.56,43.92,58.13,0,21,B,,
2022/23,Liga 3,Pedro Empis,União de Leiria,26,FB & WB,69.25,85.78,61.9,52.38,60.32,51.32,57.14,0,10,A,,
2022/23,Liga 3,Francisco Afonso,Paredes,26,FB & WB,41.47,64.76,36.85,33.07,15.87,16.8,20.44,0,60,E,,
2022/23,Liga 3,Miguel Pereira,Vilaverdense,27,FB & WB,51.19,33.54,52.49,66.14,68.65,49.21,48.81,0,30,B,,
2022/23,Liga 3,Celsinho,Moncarapachense,27,FB & WB,30.36,26.17,33.79,37.04,60.71,55.29,39.09,0,52,C,,
2022/23,Liga 3,Fred Martins,CF Os Belenenses,27,FB & WB,19.64,58.67,26.08,19.05,56.35,65.21,34.52,0,53,D,,
2022/23,Liga 3,Gonçalo Maria,CF Os Belenenses,27,FB & WB,70.04,62.4,63.61,47.09,42.06,40.74,48.61,0,34,B,,
2022/23,Liga 3,Nuno Januário,Caldas,27,FB & WB,78.57,60.27,69.61,60.05,46.63,54.63,49.8,0,14,A,,
2022/23,Liga 3,Zézinho,Canelas 2010,27,FB & WB,77.78,66.6,52.49,23.02,55.75,43.78,34.33,0,41,C,,
2022/23,Liga 3,Marcos Barbeiro,Real SC,28,FB & WB,57.54,39.89,39.68,21.43,28.57,15.34,23.81,0,61,E,,
2022/23,Liga 3,Luan Sérgio,Montalegre,28,FB & WB,45.83,17.97,33.11,36.24,47.02,51.32,46.63,0,54,D,,
2022/23,Liga 3,Tito Júnior,Varzim,28,FB & WB,12.5,26.17,20.63,30.16,57.14,63.23,50,0,55,D,0,
2022/23,Liga 3,David Dinamite,Amora,28,FB & WB,58.13,61.26,64.4,51.59,67.46,38.23,34.33,0,33,B,,
2022/23,Liga 3,Zé Diogo,Fafe,29,FB & WB,65.28,49.98,54.08,53.97,35.32,65.34,52.38,0,28,B,,
2022/23,Liga 3,João Nogueira,Anadia,29,FB & WB,27.58,36.7,35.03,40.21,42.66,39.02,40.28,0,57,D,,
2022/23,Liga 3,David Santos,Vitória Setúbal,29,FB & WB,49.4,67.71,45.24,34.13,59.13,69.58,52.98,0,27,B,,
2022/23,Liga 3,Rafael Viegas,Felgueiras 1932,29,FB & WB,36.71,40.88,54.65,91.01,75.2,40.08,72.62,0,12,A,,
2022/23,Liga 3,Carlos Freitas,Vilaverdense,29,FB & WB,28.37,32.79,35.26,36.51,61.9,72.88,29.96,0,48,C,,
2022/23,Liga 3,Bosingwa,Canelas 2010,30,FB & WB,81.35,65.86,80.39,77.25,58.53,32.14,44.84,0,11,A,,
2022/23,Liga 3,Káká,União de Leiria,30,FB & WB,90.67,65.45,61.79,37.83,59.52,56.61,51.98,0,15,A,,
2022/23,Liga 3,Marco Grilo,Académica,30,FB & WB,24.6,60.83,30.95,25.66,71.43,68.78,34.72,0,43,C,,
2022/23,Liga 3,Fábio Pala,CF Os Belenenses,30,FB & WB,43.45,41.47,47.05,53.44,31.94,56.75,67.86,0,37,C,,
2022/23,Liga 3,Mário Mendonça,Vitória Setúbal,31,FB & WB,62.9,80.65,50.45,32.8,52.38,31.48,18.25,0,49,C,,
2022/23,Liga 3,Jorge Bernardo,Alverca,31,FB & WB,31.35,75.53,46.83,44.97,52.78,39.15,38.49,0,44,C,,
2022/23,Liga 3,Paulinho,Real SC,31,FB & WB,64.09,57.07,43.2,26.46,62.5,41.4,36.71,0,45,C,,
2022/23,Liga 3,Tiago Cerveira,Varzim,31,FB & WB,71.23,81.81,56.35,35.71,40.08,34.79,23.02,0,46,C,0,
2022/23,Liga 3,Joel Monteiro,Amora,32,FB & WB,28.37,65.06,49.43,57.67,67.06,25.93,41.67,0,42,C,,
2022/23,Liga 3,Jorge Miguel,Fafe,32,FB & WB,30.56,94.89,39.12,42.59,76.98,41.4,27.38,0,38,C,,
2022/23,Liga 3,André Perre,Caldas,33,FB & WB,76.39,76.38,80.16,67.72,65.87,24.6,38.49,0,16,A,,
2022/23,Liga 3,E. Machado,Paredes,33,FB & WB,82.94,46.02,75.74,65.87,34.52,43.39,45.63,0,25,B,,
2022/23,Liga 3,Filipe Brigues,Alverca,33,FB & WB,76.79,40.46,65.65,55.29,44.44,40.74,61.71,0,29,B,,
2022/23,Liga 3,Itto Cruz,Fontinhas,35,FB & WB,63.1,32.52,43.54,24.6,79.76,83.73,47.82,0,24,B,,
2022/23,Liga 3,Gonçalo Nogueira,Vitória SC B,19,MF,63.54,53.66,73.31,81.02,39.58,33.33,67.71,0,21,B,,
2022/23,Liga 3,Mateus Fernandes,Sporting CP B,19,MF,78.47,77.92,82.54,85.65,53.99,52.08,80.56,0,3,A,,
2022/23,Liga 3,Samuel Justo,Sporting CP B,19,MF,96.53,50.69,81.35,70.37,29.34,17.36,56.94,0,34,C,,
2022/23,Liga 3,Figa,Vitória SC B,19,MF,14.93,22.91,12.8,12.96,74.48,50.12,30.38,0,67,E,,
2022/23,Liga 3,Diogo Abreu,Sporting CP B,20,MF,41.15,86.49,44.94,33.8,89.76,40.86,35.42,0,30,C,,
2022/23,Liga 3,Renato Veiga,Sporting CP B,20,MF,79.51,22.91,50.89,38.43,63.54,62.38,55.9,0,28,C,4600000,
2022/23,Liga 3,K. Zinovich,Vitória SC B,20,MF,36.46,22.91,46.63,63.19,77.6,58.91,57.47,0,24,C,,
2022/23,Liga 3,Gustavo Mendonça,Canelas 2010,20,MF,41.32,77.1,34.52,34.72,40.62,60.53,38.37,0,49,C,,
2022/23,Liga 3,Gonçalo Pinto,Vitória SC B,20,MF,35.59,62.03,55.95,63.43,72.57,50.46,55.38,0,17,B,,
2022/23,Liga 3,M. Sako,Felgueiras 1932,21,MF,30.9,22.91,25.3,20.83,67.01,78.94,50.35,0,47,C,,
2022/23,Liga 3,Rodrigo Ferreira,Montalegre,21,MF,22.74,44.91,35.32,46.99,56.77,51.74,44.44,0,52,D,,
2022/23,Liga 3,H. Doukouré,Fontinhas,22,MF,81.25,19.44,38.79,11.34,30.56,49.77,14.58,0,68,E,,
2022/23,Liga 3,Vasco Moreira,SC Braga B,22,MF,29.34,22.91,22.92,17.36,57.47,76.85,56.77,0,54,D,,
2022/23,Liga 3,Vasco Gomes,Académica,22,MF,81.08,61.11,72.32,65.97,70.31,26.62,59.38,0,10,B,,
2022/23,Liga 3,Benny Silva,Real SC,22,MF,32.81,73.99,44.54,45.6,72.57,53.47,36.63,0,33,C,,
2022/23,Liga 3,Pedro Santos,SC Braga B,22,MF,51.74,70.74,68.06,81.02,72.74,42.36,65.28,0,7,A,,
2022/23,Liga 3,Afonso Valente,União de Leiria,22,MF,64.58,47.45,46.23,34.49,70.31,69.91,63.72,0,19,B,,
2022/23,Liga 3,Rodrigo Guedes,Académica,22,MF,31.94,39.58,38,44.68,51.39,51.85,52.6,0,51,D,,
2022/23,Liga 3,Eduardo Souza,Canelas 2010,22,MF,78.65,55.38,80.16,73.61,29.51,42.13,45.31,0,25,C,,
2022/23,Liga 3,Miguel Montenegro,Real SC,22,MF,26.04,22.91,35.52,51.16,42.71,83.8,62.33,0,40,C,,
2022/23,Liga 3,L. Mané,Montalegre,23,MF,47.05,41.2,43.35,37.04,17.19,43.06,30.73,0,66,E,,
2022/23,Liga 3,Pedro Pinto,Vitória Setúbal,23,MF,86.63,66.19,80.36,67.13,29.69,50.12,45.83,0,15,B,,
2022/23,Liga 3,Danny Tavares,Real SC,23,MF,43.23,43.28,74.01,97.69,40.1,44.1,80.9,0,14,B,,
2022/23,Liga 3,Malam Camará,Vitória Setúbal,23,MF,26.91,27.31,42.36,61.57,34.03,35.3,52.43,0,58,D,,
2022/23,Liga 3,J. Sinisterra,São João Ver,23,MF,31.6,35.65,49.5,63.66,23.26,59.03,77.26,0,46,C,,
2022/23,Liga 3,Duarte Valente,CF Os Belenenses,23,MF,66.49,53.93,51.59,46.53,53.47,63.66,41.32,0,29,C,,
2022/23,Liga 3,Paulo Moreira,Varzim,23,MF,40.28,79.26,69.25,84.03,31.6,38.89,64.93,0,23,B,,
2022/23,Liga 3,Pedro Pinho,Sanjoanense,23,MF,83.85,59.21,69.35,53.94,49.65,63.19,42.88,0,13,B,,
2022/23,Liga 3,Gabi Pereira,Fafe,23,MF,34.9,59.21,48.51,64.81,30.21,52.08,52.43,0,44,C,,
2022/23,Liga 3,Rúben Gonçalves,Varzim,24,MF,69.27,52.08,63.99,55.56,62.33,31.6,56.94,0,27,C,0,
2022/23,Liga 3,Diogo Teixeira,Montalegre,24,MF,50.87,87.63,75.99,83.56,39.24,52.66,63.19,0,9,B,,
2022/23,Liga 3,Diogo Leitão,União de Leiria,24,MF,94.44,86.85,78.17,53.7,25.35,21.06,39.93,0,37,C,,
2022/23,Liga 3,Barbosa,São João Ver,24,MF,48.09,32.22,43.55,40.51,64.06,66.32,48.26,0,36,C,,
2022/23,Liga 3,Ema Brito,Paredes,24,MF,42.01,35.65,60.02,74.31,26.56,45.02,70.49,0,41,C,,
2022/23,Liga 3,Diogo Ramalho,Varzim,24,MF,54.17,50.52,77.58,96.3,46.01,77.31,79.17,0,4,A,0,
2022/23,Liga 3,Jorge Pereira,Sanjoanense,25,MF,15.28,43.28,24.4,31.48,82.29,63.66,44.79,0,45,C,,
2022/23,Liga 3,Apolo Silva,Fafe,25,MF,30.56,30.82,26.39,23.84,21.35,75,33.51,0,64,E,,
2022/23,Liga 3,Edu Pinheiro,Anadia,25,MF,31.77,41.2,29.66,21.76,37.85,77.43,30.21,0,57,D,,
2022/23,Liga 3,Abdul Wahab Annan,Moncarapachense,25,MF,46.53,37.64,29.46,21.53,39.24,80.21,51.91,0,53,D,,
2022/23,Liga 3,Marcos Silva,Alverca,25,MF,87.67,36.25,57.64,45.6,65.28,55.21,55.56,0,20,B,,
2022/23,Liga 3,David Teles,Académica,25,MF,60.94,86.11,71.03,75.46,84.03,70.83,74.48,0,1,S,,
2022/23,Liga 3,Henrique Martins,Felgueiras 1932,25,MF,57.64,45.83,38.19,18.06,69.1,77.66,50.87,0,31,C,,
2022/23,Liga 3,Filipe Marques,Anadia,25,MF,19.79,57.41,55.56,81.94,73.44,38.08,53.65,0,22,B,,
2022/23,Liga 3,L. Nkolo,Moncarapachense,26,MF,73.09,31.02,44.25,26.62,36.63,44.44,20.31,0,62,D,,
2022/23,Liga 3,Diogo Martins,Amora,26,MF,75.87,70.09,84.33,85.65,80.9,34.03,51.74,0,6,A,,
2022/23,Liga 3,Rafa Santos,Real SC,26,MF,69.1,58.94,41.87,20.83,67.88,44.56,15.1,0,50,C,,
2022/23,Liga 3,Jorge Vilela,Varzim,27,MF,18.23,41.96,18.55,21.99,40.8,80.21,56.42,0,56,D,0,
2022/23,Liga 3,Yannick Semedo,Vilaverdense,27,MF,76.74,62.03,72.82,62.73,92.71,46.06,64.06,0,5,A,,
2022/23,Liga 3,Jordanes Medeiros,Fontinhas,27,MF,19.62,70.64,38.79,48.38,53.12,31.02,39.41,0,55,D,,
2022/23,Liga 3,Vítor Pisco,Paredes,27,MF,64.93,35.65,66.77,82.18,25.69,32.41,68.4,0,38,C,,
2022/23,Liga 3,Diogo Clemente,Caldas,27,MF,41.15,54.19,42.66,56.02,70.83,46.3,42.01,0,35,C,,
2022/23,Liga 3,Y. Bamba,Oliveira Hospital,27,MF,18.92,52.81,30.75,41.44,38.02,29.05,48.78,0,65,E,,
2022/23,Liga 3,Rui Moreira,Moncarapachense,27,MF,38.89,62.79,42.96,37.04,56.6,51.97,47.22,0,43,C,,
2022/23,Liga 3,Eurico,Alverca,29,MF,26.74,26.39,16.87,10.19,34.72,71.76,27.08,0,70,E,,
2022/23,Liga 3,André Salvador,Oliveira Hospital,29,MF,79.34,91.45,89.38,94.44,32.47,17.48,51.04,0,12,B,,
2022/23,Liga 3,Filipe Oliveira,Vitória Setúbal,29,MF,87.85,46.36,63,47.45,59.2,35.76,42.01,0,32,C,,
2022/23,Liga 3,Tiago Morgado,Alverca,29,MF,24.48,47.22,48.51,59.26,61.81,79.05,62.85,0,18,B,,
2022/23,Liga 3,Hélder Pedro,Vilaverdense,29,MF,51.39,45.6,73.51,83.33,29.17,28.47,50.35,0,39,C,,
2022/23,Liga 3,Hélio Cruz,CF Os Belenenses,30,MF,12.15,45.56,19.35,27.55,32.99,20.25,27.43,0,72,F,,
2022/23,Liga 3,Bela Tavares,Paredes,30,MF,35.24,33.56,23.12,25.46,29.17,73.26,48.96,0,59,D,,
2022/23,Liga 3,Andrezinho,Paredes,30,MF,63.72,33.56,48.81,35.88,28.82,34.14,44.62,0,61,D,,
2022/23,Liga 3,Caleb,Amora,30,MF,84.2,90.21,83.33,83.33,70.14,43.98,63.54,0,2,S,,
2022/23,Liga 3,Paulo Grilo,São João Ver,31,MF,63.19,56.94,64.09,58.33,69.27,49.07,58.68,0,11,B,,
2022/23,Liga 3,Leandro Borges,Caldas,31,MF,49.65,73.93,57.34,49.07,59.72,75.93,71.7,0,8,B,,
2022/23,Liga 3,Rúben Neves,Montalegre,32,MF,58.68,68.47,58.93,65.74,73.61,20.37,47.74,0,26,C,,
2022/23,Liga 3,Samu,Canelas 2010,33,MF,48.09,35.65,26.69,7.41,38.02,49.42,28.47,0,69,E,,
2022/23,Liga 3,Diogo Amado,União de Leiria,33,MF,24.31,37.2,24.8,20.37,47.92,89.58,59.9,0,48,C,,
2022/23,Liga 3,Ragner Paula,Fontinhas,34,MF,38.72,27.31,44.15,61.11,44.44,48.84,78.82,0,42,C,,
2022/23,Liga 3,Ericson,Vilaverdense,35,MF,58.85,28.75,30.85,17.13,61.81,37.96,36.11,0,60,D,,
2022/23,Liga 3,David Caiado,Académica,36,MF,37.15,62.96,69.05,98.61,48.96,28.7,72.22,0,16,B,,
2022/23,Liga 3,José Semedo,Vitória Setúbal,37,MF,56.77,70.82,28.08,13.89,45.14,43.98,20.31,0,63,D,,
2022/23,Liga 3,Bruno Monteiro,Fafe,38,MF,64.41,41.2,46.43,31.94,11.28,26.97,33.51,0,71,E,,
2022/23,Liga 3,Roger,SC Braga B,17,AM & W,24.76,53.24,51.75,77.04,48.58,66.51,65.33,0,16,C,,
2022/23,Liga 3,Afonso Moreira,Sporting CP B,18,AM & W,85.38,58.63,83.69,77.36,43.63,50.79,60.38,0,5,A,,
2022/23,Liga 3,A. Fatawu,Sporting CP B,19,AM & W,62.97,59.22,74.66,65.41,65.8,47.17,63.44,0,8,A,,
2022/23,Liga 3,Miguel Rebelo,Caldas,19,AM & W,20.99,23.37,14.15,16.98,39.15,71.23,49.29,0,53,F,,
2022/23,Liga 3,Diogo Cabral,Sporting CP B,20,AM & W,27.12,42.86,51.08,69.18,35.14,23.74,41.75,0,39,D,,
2022/23,Liga 3,João Ricardo,Sanjoanense,21,AM & W,44.81,30.46,41.51,44.97,31.6,67.45,44.1,0,38,D,,
2022/23,Liga 3,Paulite,Felgueiras 1932,22,AM & W,80.19,36.03,63.61,61.01,33.96,39.31,52.36,0,23,C,,
2022/23,Liga 3,Alberto Soto,Vitória SC B,22,AM & W,18.4,48.68,42.18,53.77,72.88,55.97,62.5,0,26,C,,
2022/23,Liga 3,André Lacximicant,SC Braga B,22,AM & W,89.62,35.05,55.39,34.59,12.74,15.72,27.36,0,49,E,,
2022/23,Liga 3,André Dias,Montalegre,22,AM & W,13.92,51.81,32.88,42.14,37.97,22.01,33.96,0,52,F,,
2022/23,Liga 3,Geovani,Vitória SC B,22,AM & W,48.35,21.17,57.28,67.61,26.65,57.55,48.82,0,35,D,,
2022/23,Liga 3,Costinha,SC Braga B,22,AM & W,59.91,18.97,49.87,53.46,72.64,74.21,42.45,0,21,C,,70000
2022/23,Liga 3,João Silva,Sanjoanense,23,AM & W,56.6,57.69,50.54,40.25,51.89,63.36,37.26,0,24,C,,
2022/23,Liga 3,Rúben Pina,Alverca,23,AM & W,76.42,37.52,64.15,51.89,80.19,46.86,67.22,0,14,B,,
2022/23,Liga 3,Rhuan,Fontinhas,23,AM & W,35.38,14.25,38.14,48.11,30.9,44.03,57.31,0,50,E,,
2022/23,Liga 3,Welton,Felgueiras 1932,24,AM & W,51.18,61.28,43.26,36.79,90.09,26.73,36.56,0,30,C,,
2022/23,Liga 3,Ricardo Isabelinha,Moncarapachense,24,AM & W,55.42,36.31,61.73,76.1,22.64,47.8,61.32,0,25,C,,
2022/23,Liga 3,J. Van Der Gaag,União de Leiria,24,AM & W,55.42,78.44,78.71,88.99,72.88,53.93,76.89,0,2,S,,
2022/23,Liga 3,Léo Teixeira,Varzim,24,AM & W,40.8,73.01,43.8,42.77,56.37,94.03,69.34,0,13,B,,
2022/23,Liga 3,Evandro Barros,Moncarapachense,24,AM & W,52.12,55.81,61.59,62.89,25.24,59.75,58.96,0,20,C,,
2022/23,Liga 3,Bruno Silva,Vilaverdense,25,AM & W,91.51,54.86,60.51,28.3,20.99,60.22,28.3,0,32,D,,
2022/23,Liga 3,Valter Zacarias,Alverca,25,AM & W,41.51,44.44,64.82,93.08,44.34,27.52,65.09,0,18,C,,
2022/23,Liga 3,Nuninho,Felgueiras 1932,25,AM & W,68.87,74.04,76.01,68.24,40.57,39.47,54.01,0,11,B,,
2022/23,Liga 3,Midana Sambú,CF Os Belenenses,25,AM & W,44.1,43.9,38.27,46.54,50.94,42.77,39.62,0,36,D,,
2022/23,Liga 3,Bruno Carvalho,Oliveira Hospital,25,AM & W,31.84,50.78,18.06,23.9,59.43,64.62,41.51,0,42,E,,
2022/23,Liga 3,José Varela,Vitória Setúbal,25,AM & W,63.92,85.21,62.13,56.6,50.24,43.87,39.86,0,15,B,,
2022/23,Liga 3,Erik,Paredes,25,AM & W,66.51,44.54,41.91,23.9,15.8,62.74,38.21,0,41,E,,
2022/23,Liga 3,B. Cipenga,Vilaverdense,25,AM & W,49.53,77.48,75.61,88.05,44.58,43.24,75.94,0,6,A,,
2022/23,Liga 3,Bruninho,Montalegre,25,AM & W,65.57,69.68,71.56,72.96,71.46,47.01,71.7,0,3,A,,
2022/23,Liga 3,Xavi Fernandes,CF Os Belenenses,25,AM & W,37.74,57.57,25.07,10.06,91.04,34.43,27.36,0,43,E,,
2022/23,Liga 3,Papalélé,Anadia,25,AM & W,79.95,57.02,79.51,83.65,34.43,44.18,70.28,0,7,A,,
2022/23,Liga 3,Clé,CF Os Belenenses,25,AM & W,81.13,34.41,78.17,82.39,34.67,17.61,60.85,0,17,C,,
2022/23,Liga 3,Gabriel Lima,Vitória Setúbal,25,AM & W,70.75,35.05,63.07,57.86,69.34,68.55,80.66,0,9,B,,
2022/23,Liga 3,S. Davou,Anadia,26,AM & W,16.51,14.25,37.33,66.04,67.45,88.36,74.06,0,22,C,,
2022/23,Liga 3,Chico Sousa,Canelas 2010,26,AM & W,50.24,56.86,40.57,31.45,54.72,64.15,34.91,0,33,D,,
2022/23,Liga 3,Pedro Matos,Fafe,26,AM & W,48.35,53.55,36.79,22.64,46.93,39.47,31.6,0,45,E,,
2022/23,Liga 3,Jefferson Nem,Alverca,27,AM & W,32.08,68.47,53.91,70.75,80.19,54.87,67.22,0,10,B,,
2022/23,Liga 3,Sérgio Ribeiro,União de Leiria,27,AM & W,46.93,48.17,31.94,22.64,81.6,70.75,46.7,0,31,C,,
2022/23,Liga 3,O. Silas,Paredes,27,AM & W,45.05,31.82,45.55,51.26,17.92,43.71,56.37,0,40,E,,
2022/23,Liga 3,Diogo Pereira,São João Ver,27,AM & W,36.08,57.39,28.71,25.79,75,48.58,31.6,0,37,D,,
2022/23,Liga 3,Rui Batalha,Oliveira Hospital,27,AM & W,60.38,76.51,40.16,13.52,65.09,12.89,10.61,0,44,E,,
2022/23,Liga 3,Nuno Pereira,Amora,27,AM & W,89.15,46.33,53.37,25.79,49.76,44.81,27.12,0,34,D,,
2022/23,Liga 3,David Brás,Académica,28,AM & W,4.95,23.08,16.17,29.56,76.42,76.26,40.8,0,47,E,,
2022/23,Liga 3,Rúben Alves,Sanjoanense,28,AM & W,28.3,63.62,44.74,49.06,81.13,35.53,45.28,0,27,C,,
2022/23,Liga 3,Léo Cá,São João Ver,28,AM & W,76.42,62.36,88.14,97.48,46.93,54.09,89.15,0,1,S,,
2022/23,Liga 3,Marcos Junior,Paredes,29,AM & W,19.1,60.02,21.29,21.07,26.65,73.58,63.44,0,46,E,,
2022/23,Liga 3,Ivo Lemos,Felgueiras 1932,29,AM & W,26.65,52.97,24.53,23.9,66.27,48.11,19.81,0,48,E,,
2022/23,Liga 3,Tavinho,Alverca,29,AM & W,50.71,62.05,50.94,38.05,38.44,64.62,46.93,0,28,C,,
2022/23,Liga 3,Joca,Amora,30,AM & W,67.45,68.02,69.14,67.3,82.08,48.58,58.02,0,4,A,,
2022/23,Liga 3,Angola,Montalegre,30,AM & W,47.17,31.28,53.23,67.92,12.5,75,66.04,0,29,C,,
2022/23,Liga 3,Evandro Brandão,Alverca,32,AM & W,68.87,46.56,33.29,2.52,29.25,55.03,38.68,0,51,E,,
2022/23,Liga 3,André Soares,Vilaverdense,33,AM & W,29.25,91.96,47.04,44.03,83.73,33.81,36.32,0,19,C,,
2022/23,Liga 3,Hugo Seco,Académica,35,AM & W,63.68,61.97,68.46,82.39,39.15,43.4,65.33,0,12,B,,
2022/23,Liga 3,Rodrigo Ribeiro,Sporting CP B,18,CF,68.27,16.23,46.15,32.48,38.46,29.91,46.79,0,32,E,,
2022/23,Liga 3,Gonçalo Barreiras,Caldas,21,CF,41.99,32.25,51.83,69.23,32.69,52.78,47.12,0,23,D,,
2022/23,Liga 3,M. Jean-Marie,SC Braga B,21,CF,35.9,49.65,57.88,83.33,40.38,56.2,66.35,0,10,C,,
2022/23,Liga 3,J. Bahamboula,Vitória SC B,22,CF,20.19,37.17,47.25,79.49,54.81,38.89,58.33,0,27,D,,
2022/23,Liga 3,Eba Viegas,Moncarapachense,23,CF,28.53,86.51,62.82,84.62,67.63,66.24,64.74,0,4,B,,
2022/23,Liga 3,João Costa,CF Os Belenenses,23,CF,80.77,60.85,54.21,16.24,75.96,29.49,25,0,24,D,,
2022/23,Liga 3,Dinho,Anadia,23,CF,37.18,43.04,35.16,53.42,42.63,58.97,55.13,0,29,E,,
2022/23,Liga 3,Pedro Ribeiro,Fafe,23,CF,31.41,62.56,43.77,64.53,66.03,57.48,58.97,0,17,D,,
2022/23,Liga 3,Patrick,Vitória SC B,23,CF,68.27,26.06,53.66,41.88,29.81,49.79,55.13,0,26,D,,
2022/23,Liga 3,Dino Semedo,Real SC,24,CF,33.97,76.51,49.82,70.51,64.74,67.74,55.13,0,9,C,,
2022/23,Liga 3,Didi,Montalegre,24,CF,41.99,37.43,36.81,24.79,39.1,59.62,40.38,0,34,E,,
2022/23,Liga 3,João Santos,Felgueiras 1932,24,CF,70.83,62.2,63,57.26,42.95,36.75,45.51,0,14,C,,
2022/23,Liga 3,Miguel Pereira,São João Ver,24,CF,52.56,71.35,69.96,69.66,40.06,51.92,58.33,0,8,C,,
2022/23,Liga 3,Hircane Graça,Fontinhas,25,CF,8.97,62.81,39.38,54.27,83.33,66.45,47.44,0,25,D,,
2022/23,Liga 3,Jair Da Silva,União de Leiria,26,CF,90.38,70.24,93.04,94.02,70.83,60.68,87.18,0,1,S,,
2022/23,Liga 3,Mozino,Canelas 2010,26,CF,30.77,38.88,59.71,85.47,50,27.56,80.13,0,16,C,,
2022/23,Liga 3,Leandro Antunes,União de Leiria,26,CF,65.38,61.95,65.57,55.13,84.62,82.26,61.54,0,2,B,,
2022/23,Liga 3,Adilson Silva,Real SC,26,CF,92.95,62.15,58.06,24.79,36.86,59.83,49.36,0,12,C,,
2022/23,Liga 3,Ricardo Almeida,Fontinhas,26,CF,34.29,29.9,27.84,25.64,68.91,48.5,28.53,0,38,F,,
2022/23,Liga 3,Diogo Silva,Anadia,26,CF,10.26,46.52,48.72,83.33,54.49,75.21,85.9,0,11,C,,
2022/23,Liga 3,Edmilson,Vilaverdense,26,CF,88.46,55.93,52.01,10.68,32.37,66.24,27.24,0,21,D,,
2022/23,Liga 3,C. Triana,Vitória Setúbal,26,CF,50,68.5,63,59.4,51.28,73.93,66.03,0,6,C,,
2022/23,Liga 3,Marcelo Santos,Fafe,27,CF,54.49,35.54,44.51,29.06,37.18,30.77,23.08,0,35,F,,
2022/23,Liga 3,Paulo Marcelo,Amora,28,CF,67.31,33.94,33.15,12.82,19.87,35.9,24.04,0,39,F,,
2022/23,Liga 3,Mohcine Hassan,Alverca,28,CF,56.73,47.98,55.49,61.97,35.26,54.91,74.36,0,13,C,,
2022/23,Liga 3,Ricardo Rodrigues,Alverca,28,CF,68.91,49.32,78.21,80.77,62.82,36.54,40.71,0,5,C,,
2022/23,Liga 3,Abdoulaye Daffé,Oliveira Hospital,28,CF,62.82,48.71,28.75,3.85,33.97,44.02,41.35,0,37,F,,
2022/23,Liga 3,Gonçalo Gregório,União de Leiria,28,CF,78.53,34.06,49.63,28.63,49.68,19.02,29.17,0,31,E,,
2022/23,Liga 3,João Tarzan,Caldas,28,CF,28.21,78.4,50.37,61.11,69.23,81.41,81.41,0,7,C,,
2022/23,Liga 3,I. Cissé,Moncarapachense,29,CF,76.28,37.73,51.1,33.33,41.99,58.55,55.13,0,19,D,,
2022/23,Liga 3,Rui Areias,Varzim,29,CF,58.97,54.58,35.71,16.24,44.87,51.5,28.85,0,33,E,,
2022/23,Liga 3,Wilson Kenidy,Oliveira Hospital,30,CF,20.83,63.74,32.42,50,42.31,75,58.65,0,28,D,,
2022/23,Liga 3,Madureira,Paredes,30,CF,52.88,16.23,44.87,60.26,37.82,35.68,50.64,0,30,E,,
2022/23,Liga 3,Joel Silva,Sanjoanense,32,CF,72.12,48.28,56.59,44.87,64.42,32.05,45.51,0,18,D,,
2022/23,Liga 3,Diogo Ribeiro,Académica,32,CF,48.08,26.06,37.55,30.34,27.24,47.22,37.18,0,36,F,,
2022/23,Liga 3,Jaime Poulson,São João Ver,34,CF,50.64,44.43,49.08,36.32,58.01,70.51,28.53,0,22,D,,
2022/23,Liga 3,Zequinha,Vitória Setúbal,36,CF,76.28,60.71,70.15,61.54,77.24,44.44,60.9,0,3,B,,
2022/23,Liga 3,Fausto Lourenço,Anadia,36,CF,37.18,84.8,46.89,52.14,55.45,43.16,50,0,20,D,,
2022/23,Liga 3,Ballack,Real SC,36,CF,6.41,76.84,55.86,96.58,74.68,22.86,60.26,0,15,C,,
2022/23,Liga 3,Diego Callai,Sporting CP B,19,GK,0,0,0,0,0,0,0,52.42,15,C,,
2022/23,Liga 3,Tiago Goncalves,Vitória SC B,20,GK,0,0,0,0,0,0,0,29.3,28,E,,
2022/23,Liga 3,L. Horníček,SC Braga B,21,GK,0,0,0,0,0,0,0,82.26,1,S,,
2022/23,Liga 3,Bernardo Fontes,SC Braga B,21,GK,0,0,0,0,0,0,0,62.37,7,B,,
2022/23,Liga 3,Diogo Figueiredo,Montalegre,22,GK,0,0,0,0,0,0,0,39.25,23,D,,
2022/23,Liga 3,Jeimes,Montalegre,22,GK,0,0,0,0,0,0,0,73.39,3,A,,
2022/23,Liga 3,João Gonçalo,Fafe,23,GK,0,0,0,0,0,0,0,34.14,24,E,,
2022/23,Liga 3,Tiago Martins,Moncarapachense,24,GK,0,0,0,0,0,0,0,18.28,31,F,,
2022/23,Liga 3,Carlos Alves,União de Leiria,25,GK,0,0,0,0,0,0,0,61.29,10,B,,
2022/23,Liga 3,Rodolfo Cardoso,Fontinhas,25,GK,0,0,0,0,0,0,0,27.96,29,E,,
2022/23,Liga 3,Iuri Miguel,Real SC,25,GK,0,0,0,0,0,0,0,48.92,20,C,,
2022/23,Liga 3,Pedro Mateus,Sanjoanense,26,GK,0,0,0,0,0,0,0,75.81,2,A,,
2022/23,Liga 3,João Matos,Canelas 2010,27,GK,0,0,0,0,0,0,0,65.05,6,B,,
2022/23,Liga 3,Danny,Paredes,27,GK,0,0,0,0,0,0,0,51.34,18,C,,
2022/23,Liga 3,David Grilo,CF Os Belenenses,27,GK,0,0,0,0,0,0,0,71.24,4,A,,
2022/23,Liga 3,Kadú,Alverca,28,GK,0,0,0,0,0,0,0,61.56,9,B,,
2022/23,Liga 3,Guilherme Oliveira,CF Os Belenenses,28,GK,0,0,0,0,0,0,0,51.34,19,C,,
2022/23,Liga 3,Rafa Alves,Fafe,29,GK,0,0,0,0,0,0,0,20.7,30,F,,
2022/23,Liga 3,José Costa,Anadia,29,GK,0,0,0,0,0,0,0,30.91,27,E,,
2022/23,Liga 3,José Chastre,Oliveira Hospital,29,GK,0,0,0,0,0,0,0,46.51,22,C,,
2022/23,Liga 3,Wilson Soares,Caldas,30,GK,0,0,0,0,0,0,0,33.87,25,E,,
2022/23,Liga 3,Nuno Hidalgo,Académica,31,GK,0,0,0,0,0,0,0,61.29,11,B,,
2022/23,Liga 3,Luís Ribeiro,Amora,31,GK,0,0,0,0,0,0,0,61.83,8,B,,
2022/23,Liga 3,Bruno Pinto,Felgueiras 1932,31,GK,0,0,0,0,0,0,0,52.15,16,C,,
2022/23,Liga 3,Raphael Mello,Canelas 2010,31,GK,0,0,0,0,0,0,0,54.84,14,C,,
2022/23,Liga 3,C. Okoua,Fontinhas,31,GK,0,0,0,0,0,0,0,48.92,21,C,,
2022/23,Liga 3,Leo Leichsenring,São João Ver,32,GK,0,0,0,0,0,0,0,52.15,17,C,,
2022/23,Liga 3,Mika,Vitória Setúbal,32,GK,0,0,0,0,0,0,0,31.18,26,E,,
2022/23,Liga 3,Luís Paulo,Caldas,34,GK,0,0,0,0,0,0,0,55.11,13,C,,
2022/23,Liga 3,Ivo Gonçalves,Vilaverdense,39,GK,0,0,0,0,0,0,0,69.35,5,A,,
2022/23,Liga 3,Ricardo Nunes,Varzim,41,GK,0,0,0,0,0,0,0,58.6,12,B,,
2022/23,Liga Revelação U23,João Pereira,Sporting CP U23,19,CB,48.05,52.43,62.72,69.27,66.8,15.62,34.38,0,25,E,,
2022/23,Liga Revelação U23,Hugo Faria,Benfica U23,19,CB,87.5,39.93,74.11,72.4,74.61,49.48,55.86,0,6,A,,
2022/23,Liga Revelação U23,Martim Filipe,Estoril U23,19,CB,65.23,39.93,50.45,45.31,64.45,33.59,44.53,0,22,D,,
2022/23,Liga Revelação U23,Hugo Oliveira,Famalicão U23,19,CB,27.73,60.24,31.92,16.67,35.55,66.93,37.5,0,23,D,,
2022/23,Liga Revelação U23,R. Ergouai,Gil Vicente U23,20,CB,67.19,63.48,53.57,35.94,64.06,77.6,60.94,0,2,A,,
2022/23,Liga Revelação U23,José Müller,Benfica U23,20,CB,55.86,39.93,52.9,60.42,69.14,64.32,56.25,0,9,B,,
2022/23,Liga Revelação U23,Duarte Henriques,Marítimo U23,20,CB,78.12,39.93,64.96,61.98,65.23,49.48,51.56,0,11,B,,
2022/23,Liga Revelação U23,Tiago Carvalho,Vizela U23,20,CB,70.7,68.46,56.47,28.65,50.78,35.94,44.53,0,21,D,,
2022/23,Liga Revelação U23,António Oliveira,Gil Vicente U23,20,CB,17.58,39.93,24.55,33.33,26.95,50.26,29.3,0,31,F,,
2022/23,Liga Revelação U23,Mário Junior,Sporting Braga U23,20,CB,27.73,78.42,33.26,22.4,33.98,40.89,41.41,0,30,E,,
2022/23,Liga Revelação U23,Miguel Daramé,Estrela Amadora U23,20,CB,55.08,51.45,47.99,38.02,25.39,44.79,53.12,0,24,D,,
2022/23,Liga Revelação U23,José Luis,Rio Ave U23,20,CB,18.75,39.93,47.99,86.46,41.8,70.57,78.52,0,10,B,,
2022/23,Liga Revelação U23,Luiz Neto,Vizela U23,20,CB,45.7,39.93,56.47,70.31,53.52,40.36,62.5,0,17,C,,
2022/23,Liga Revelação U23,Diogo Ramos,Estoril U23,20,CB,56.64,53.99,47.1,52.6,64.06,33.07,54.69,0,19,C,,
2022/23,Liga Revelação U23,Ricardo Leal,Marítimo U23,20,CB,39.45,63.37,61.38,66.67,57.42,64.06,55.47,0,8,B,,
2022/23,Liga Revelação U23,João Tomás,Mafra U23,20,CB,58.98,39.93,60.04,60.94,28.52,33.07,25.78,0,29,E,,
2022/23,Liga Revelação U23,Pedro Pereira,Sporting Braga U23,21,CB,65.23,39.93,46.65,33.33,60.16,57.29,33.59,0,18,C,,
2022/23,Liga Revelação U23,Pedro Alves,Farense U23,21,CB,60.94,39.93,52.01,61.98,50.39,76.3,71.48,0,4,A,,
2022/23,Liga Revelação U23,Rafael Tavares,Estrela Amadora U23,21,CB,75.78,57.64,66.29,66.67,31.64,65.1,60.16,0,7,B,,
2022/23,Liga Revelação U23,Gonçalo Cunha,Vizela U23,21,CB,73.05,39.93,60.71,64.58,71.88,65.62,62.5,0,3,A,,
2022/23,Liga Revelação U23,N. Perović,Famalicão U23,21,CB,34.77,52.43,41.96,38.54,35.94,47.14,39.06,0,26,E,,
2022/23,Liga Revelação U23,José Botelho,Rio Ave U23,21,CB,24.61,39.93,40.18,60.42,64.06,67.19,64.84,0,13,B,,
2022/23,Liga Revelação U23,H. Diallo,Farense U23,21,CB,17.97,52.43,24.11,19.27,43.36,35.68,42.19,0,32,F,,
2022/23,Liga Revelação U23,João Oliveira,Farense U23,21,CB,31.64,55.56,36.61,42.71,29.3,66.15,69.14,0,16,C,,
2022/23,Liga Revelação U23,Fernando Almeida,Leixões U23,21,CB,46.88,71.7,72.54,93.75,71.88,64.32,72.66,0,1,S,,
2022/23,Liga Revelação U23,Richard Santos,Rio Ave U23,22,CB,51.56,57.64,67.19,69.79,36.33,47.66,77.34,0,14,B,,
2022/23,Liga Revelação U23,Vasco Lara,Leixões U23,22,CB,45.31,39.93,36.16,23.44,40.62,58.07,20.7,0,28,E,,
2022/23,Liga Revelação U23,J. Dias,Mafra U23,22,CB,46.48,79.52,45.54,44.27,66.41,38.8,32.42,0,20,D,,
2022/23,Liga Revelação U23,P. Baffour,Rio Ave U23,22,CB,74.61,52.43,76.34,76.04,39.06,61.72,66.41,0,5,A,,
2022/23,Liga Revelação U23,Matheus Brito,Portimonense U23,22,CB,75.39,45.43,52.23,44.79,77.34,45.31,53.52,0,15,C,,
2022/23,Liga Revelação U23,Caiser Gomes,Estrela Amadora U23,23,CB,73.83,61.81,55.8,28.12,30.47,28.65,40.62,0,27,E,,
2022/23,Liga Revelação U23,Miguel Gonçalves,Farense U23,23,CB,31.64,52.43,49.78,60.94,78.91,54.95,57.03,0,12,B,,
2022/23,Liga Revelação U23,David Moreira,Sporting CP U23,19,FB & WB,73.11,45.46,55.63,34.34,63.64,60.1,58.33,0,11,C,,
2022/23,Liga Revelação U23,Diogo Spencer,Benfica U23,19,FB & WB,75.76,53.04,64.94,65.15,85.61,36.62,51.52,0,7,B,,
2022/23,Liga Revelação U23,Martim Marques,Sporting CP U23,19,FB & WB,40.15,29.3,55.63,74.75,79.55,54.55,64.77,0,8,C,,
2022/23,Liga Revelação U23,Nuno Matos,Sporting Braga U23,19,FB & WB,28.03,60.4,31.82,30.81,65.91,47.22,39.02,0,24,D,,
2022/23,Liga Revelação U23,Vicente Durand,Sporting Braga U23,19,FB & WB,25,45.46,33.77,39.39,63.64,71.72,59.85,0,18,C,,
2022/23,Liga Revelação U23,Diogo Ribeiro,Rio Ave U23,19,FB & WB,17.05,43.94,43.72,63.13,53.03,62.12,62.12,0,14,C,,
2022/23,Liga Revelação U23,Guga,Portimonense U23,20,FB & WB,75.38,76.89,76.19,71.21,53.03,40.66,58.71,0,6,B,,
2022/23,Liga Revelação U23,Diogo Costa,Famalicão U23,20,FB & WB,70.08,51.52,53.68,48.48,45.45,58.33,35.61,0,17,C,,
2022/23,Liga Revelação U23,Diogo Brasido,Estoril U23,20,FB & WB,19.7,42.04,20.13,26.77,30.3,62.12,62.88,0,27,D,,
2022/23,Liga Revelação U23,Gonçalo Braga,Sporting CP U23,20,FB & WB,85.23,25.26,54.55,40.4,29.17,52.02,40.15,0,23,D,,
2022/23,Liga Revelação U23,Leandro Dias,Sporting Braga U23,20,FB & WB,18.18,59.7,29.44,29.8,48.86,36.11,47.35,0,29,E,,
2022/23,Liga Revelação U23,Guilherme Montóia,Benfica U23,20,FB & WB,67.8,87.38,77.06,88.89,82.58,46.21,60.61,0,3,A,,
2022/23,Liga Revelação U23,Rui André,Rio Ave U23,21,FB & WB,34.85,25.26,37.45,43.43,51.52,45.96,26.14,0,28,D,,
2022/23,Liga Revelação U23,Pedro,Portimonense U23,21,FB & WB,52.65,50.01,60.39,68.18,63.64,45.2,56.44,0,9,C,,
2022/23,Liga Revelação U23,Ricardo Fernandes,Estoril U23,21,FB & WB,43.18,43.66,42.86,36.36,62.12,81.31,56.82,0,12,C,,
2022/23,Liga Revelação U23,Hugo Oliveira,Vizela U23,21,FB & WB,90.15,84.12,95.67,94.95,63.26,71.72,91.67,0,1,S,,
2022/23,Liga Revelação U23,Gonçalo Almeida,Leixões U23,21,FB & WB,26.14,53.04,25.76,19.19,14.02,25.25,14.39,0,32,F,,
2022/23,Liga Revelação U23,J. Muriel,Gil Vicente U23,21,FB & WB,20.45,25.26,16.67,14.14,33.71,67.17,52.27,0,30,E,,
2022/23,Liga Revelação U23,B. Godwin,Leixões U23,21,FB & WB,32.58,52.09,62.12,89.39,61.36,81.57,96.59,0,2,A,,
2022/23,Liga Revelação U23,Moisés Gomes,Gil Vicente U23,21,FB & WB,39.39,25.26,29.44,18.69,8.71,37.37,26.14,0,31,F,,
2022/23,Liga Revelação U23,Maurício,Leixões U23,22,FB & WB,72.35,40.41,54.76,47.98,47.73,55.05,23.11,0,22,C,,
2022/23,Liga Revelação U23,Eduardo Ferreira,Mafra U23,22,FB & WB,52.65,39.17,46.1,55.56,8.71,33.33,53.79,0,26,D,,
2022/23,Liga Revelação U23,André Lopes,Mafra U23,22,FB & WB,60.23,52.76,50.43,47.47,71.21,42.68,57.2,0,13,C,,
2022/23,Liga Revelação U23,Hugo Ferreira,Gil Vicente U23,22,FB & WB,72.35,39.9,59.96,53.54,41.67,48.74,37.5,0,19,C,,
2022/23,Liga Revelação U23,Rodrigo Gui,Mafra U23,22,FB & WB,94.32,65.16,61.04,22.73,42.42,25.25,19.7,0,25,D,,
2022/23,Liga Revelação U23,Francisco Saldanha,Famalicão U23,22,FB & WB,54.92,78.29,52.16,38.89,72.73,32.83,32.58,0,20,C,,
2022/23,Liga Revelação U23,João Barros,Gil Vicente U23,22,FB & WB,35.61,83,43.72,36.36,52.65,65.91,44.7,0,15,C,,
2022/23,Liga Revelação U23,Didier Mosquera,Estrela Amadora U23,23,FB & WB,68.94,54.32,46.1,32.32,29.55,78.54,47.73,0,16,C,,
2022/23,Liga Revelação U23,Jeremias Nhambirre,Marítimo U23,23,FB & WB,28.79,21.72,45.24,73.23,87.12,31.31,43.56,0,21,C,,
2022/23,Liga Revelação U23,Ângelo Taveira,Farense U23,23,FB & WB,75,74.59,89.18,93.94,42.42,44.95,87.88,0,4,A,,
2022/23,Liga Revelação U23,Rivaldo Morais,Farense U23,23,FB & WB,49.24,47.48,64.07,77.78,61.36,60.1,76.52,0,5,B,,
2022/23,Liga Revelação U23,Michel Camargos,Estrela Amadora U23,24,FB & WB,83.71,80.2,76.62,59.6,30.3,35.86,52.27,0,10,C,,
2022/23,Liga Revelação U23,João Veloso,Benfica U23,18,MF,69.74,63.01,68.98,66.67,76.97,35.53,56.58,0,8,A,,
2022/23,Liga Revelação U23,H. Félix,Benfica U23,19,MF,90.13,91.68,92.86,87.72,61.18,14.04,55.92,0,3,A,,
2022/23,Liga Revelação U23,Hugo Félix,Benfica U23,19,MF,90.13,91.68,92.86,87.72,61.18,14.04,55.92,0,4,A,,
2022/23,Liga Revelação U23,Rafael Besugo,Sporting CP U23,19,MF,64.14,68.9,68.42,64.04,67.11,29.61,49.34,0,11,B,,
2022/23,Liga Revelação U23,Nuno Félix,Benfica U23,19,MF,72.7,40.21,60.15,44.74,61.18,58.33,33.55,0,16,C,,
2022/23,Liga Revelação U23,F. Dicke,Estoril U23,19,MF,62.5,29.05,37.78,35.96,43.09,72.81,59.21,0,23,C,,
2022/23,Liga Revelação U23,Marco Cruz,Sporting CP U23,19,MF,60.53,66.75,62.97,69.74,42.11,65.35,78.62,0,7,A,,
2022/23,Liga Revelação U23,Mateus Santos,Sporting Braga U23,19,MF,59.21,40.44,67.29,86.84,61.84,31.58,50.66,0,13,B,,
2022/23,Liga Revelação U23,M. Opeyemi,Vizela U23,20,MF,87.17,70.27,82.52,70.61,53.29,42.11,68.09,0,5,A,,
2022/23,Liga Revelação U23,A. Alvarado,Vizela U23,20,MF,71.05,65.35,82.71,85.96,74.01,55.7,75.66,0,1,S,,
2022/23,Liga Revelação U23,L. Marrugo,Vizela U23,20,MF,31.58,34.5,32.14,28.95,74.34,57.24,34.21,0,27,D,,
2022/23,Liga Revelação U23,Cláudio Araújo,Gil Vicente U23,20,MF,73.68,71.35,65.79,55.26,53.29,35.31,58.55,0,14,B,,
2022/23,Liga Revelação U23,Marcelo Caldas,Gil Vicente U23,20,MF,44.74,37.64,32.89,23.25,43.75,71.05,45.72,0,29,D,,
2022/23,Liga Revelação U23,D. Soumaré,Sporting Braga U23,20,MF,44.41,29.24,29.89,29.82,57.24,76.97,51.32,0,24,C,,
2022/23,Liga Revelação U23,Domingos Andrade,Sporting CP U23,20,MF,55.92,24.42,38.53,38.16,57.89,81.58,69.41,0,15,C,,
2022/23,Liga Revelação U23,Daniel Rodrigues,Leixões U23,20,MF,23.68,57.37,34.59,33.77,35.86,38.16,26.64,0,35,E,,
2022/23,Liga Revelação U23,Eduardo Barbosa,Famalicão U23,20,MF,16.45,29.24,26.13,40.35,41.45,38.6,49.34,0,36,E,,
2022/23,Liga Revelação U23,J. Lomboto,Rio Ave U23,21,MF,30.92,29.24,43.98,62.72,53.29,55.48,74.34,0,21,C,,
2022/23,Liga Revelação U23,Pedro Silva,Marítimo U23,21,MF,81.58,59.5,68.8,56.14,82.89,23.03,35.53,0,10,B,,
2022/23,Liga Revelação U23,João Nobrega,Portimonense U23,21,MF,75.66,83.84,75.75,77.19,42.11,52.63,48.03,0,6,A,,
2022/23,Liga Revelação U23,João Rego,Vizela U23,21,MF,64.14,38.01,64.85,68.42,51.32,53.95,61.84,0,12,B,,
2022/23,Liga Revelação U23,Claudio Mendes,Portimonense U23,21,MF,29.61,40.21,46.05,58.33,44.08,22.37,47.7,0,32,D,,
2022/23,Liga Revelação U23,R. Teague,Famalicão U23,21,MF,26.97,46.64,36.65,50.88,50.33,56.36,53.29,0,26,C,,
2022/23,Liga Revelação U23,Filipe Marques,Rio Ave U23,21,MF,32.24,64.77,66.73,91.23,48.03,29.61,52.63,0,17,C,,
2022/23,Liga Revelação U23,Manuel Figueiredo,Estrela Amadora U23,21,MF,19.08,54.68,25.56,30.26,42.43,45.61,35.86,0,34,E,,
2022/23,Liga Revelação U23,Henrique Martins,Gil Vicente U23,21,MF,36.51,55.56,46.43,34.65,33.88,35.53,36.51,0,33,E,,
2022/23,Liga Revelação U23,Sérgio Meireles,Mafra U23,21,MF,24.34,54.68,39.29,52.63,37.83,73.25,77.96,0,18,C,,
2022/23,Liga Revelação U23,Miguel Veríssimo,Mafra U23,21,MF,14.47,29.24,19.36,27.19,55.26,75.88,37.5,0,31,D,,
2022/23,Liga Revelação U23,Fran Pereira,Estoril U23,21,MF,66.45,35.88,34.59,19.74,58.88,66.89,40.79,0,25,C,,
2022/23,Liga Revelação U23,Ricardo Sousa,Portimonense U23,22,MF,16.45,44.15,24.44,31.14,61.18,55.48,42.76,0,30,D,,
2022/23,Liga Revelação U23,Edgar Braga,Sporting Braga U23,22,MF,78.95,60.18,63.16,48.68,29.93,60.53,28.62,0,19,C,,
2022/23,Liga Revelação U23,Rúben Amaral,Mafra U23,22,MF,60.53,48.54,39.85,37.72,35.2,53.73,51.32,0,28,D,,
2022/23,Liga Revelação U23,Diogo Paulo,Farense U23,22,MF,44.74,43.71,55.64,57.02,83.55,65.35,59.54,0,9,A,,
2022/23,Liga Revelação U23,Tiago Carvalho,Portimonense U23,22,MF,85.2,61.26,70.3,64.04,11.84,44.08,56.58,0,20,C,,
2022/23,Liga Revelação U23,S. Njoh,Estrela Amadora U23,23,MF,19.08,55.12,22.74,17.98,16.78,69.96,37.17,0,37,E,,
2022/23,Liga Revelação U23,André Seruca,Farense U23,23,MF,55.26,63.01,71.8,76.32,67.76,64.91,71.05,0,2,A,,
2022/23,Liga Revelação U23,Chicão,Famalicão U23,23,MF,39.14,41.45,38.72,34.21,36.51,88.38,56.91,0,22,C,,
2022/23,Liga Revelação U23,Angelo Barbosa,Leixões U23,23,MF,30.92,29.24,18.8,3.95,41.12,39.04,25.33,0,38,F,,
2022/23,Liga Revelação U23,João Vasconcelos,Sporting Braga U23,18,AM & W,38.89,44.3,36.77,33.33,66.2,50.93,42.59,0,18,D,,
2022/23,Liga Revelação U23,José Precatado,Benfica U23,19,AM & W,68.06,59.48,78.04,80.25,59.72,33.95,61.11,0,5,B,,
2022/23,Liga Revelação U23,Diogo Rodrigues,Portimonense U23,19,AM & W,59.26,39.94,60.58,64.2,37.04,40.43,46.3,0,16,D,,
2022/23,Liga Revelação U23,L. Palacios,Vizela U23,19,AM & W,26.85,17.67,19.05,12.35,51.85,56.48,32.87,0,27,F,,
2022/23,Liga Revelação U23,Gonçalo Santos,Leixões U23,19,AM & W,12.96,38.04,29.89,54.32,32.41,50,66.67,0,23,E,,
2022/23,Liga Revelação U23,André Gonçalves,Sporting CP U23,20,AM & W,39.81,63.35,62.43,86.42,55.56,24.38,54.17,0,10,C,,
2022/23,Liga Revelação U23,Luan,Estrela Amadora U23,20,AM & W,82.41,30.02,69.05,77.78,31.02,49.69,80.56,0,9,C,,
2022/23,Liga Revelação U23,Idalécio Dias,Sporting Braga U23,20,AM & W,25.93,81.1,62.96,90.12,30.56,61.42,57.41,0,7,C,,
2022/23,Liga Revelação U23,Rodrigo Conceição,Estoril U23,20,AM & W,59.72,74.95,45.24,23.46,73.61,44.44,50.93,0,15,C,,
2022/23,Liga Revelação U23,David,Sporting Braga U23,20,AM & W,89.81,62.73,75.66,60.49,32.87,66.05,68.52,0,4,B,,
2022/23,Liga Revelação U23,Rúben Candal,Leixões U23,20,AM & W,61.11,56.56,44.97,20.99,61.11,20.68,19.44,0,20,E,,
2022/23,Liga Revelação U23,Afonso Rodrigues,Famalicão U23,21,AM & W,89.81,51.62,73.02,56.79,40.74,70.99,62.04,0,6,B,,
2022/23,Liga Revelação U23,Tiago Ventura,Vizela U23,21,AM & W,51.85,70.14,53.44,35.8,78.7,72.22,53.7,0,8,C,,
2022/23,Liga Revelação U23,Mauro Ribeiro,Famalicão U23,21,AM & W,50,45.45,55.03,60.49,67.59,40.74,50.46,0,13,C,,
2022/23,Liga Revelação U23,M. Belloumi,Farense U23,21,AM & W,81.48,69.72,79.37,80.25,78.24,95.06,84.26,0,1,S,,
2022/23,Liga Revelação U23,Hélio Varela,Portimonense U23,21,AM & W,73.61,78.62,85.98,95.06,46.3,58.33,78.7,0,2,A,,
2022/23,Liga Revelação U23,T. Hirosawa,Portimonense U23,21,AM & W,48.61,44.22,49.74,56.79,28.7,18.21,33.33,0,21,E,,
2022/23,Liga Revelação U23,Tiago Sousa,Farense U23,21,AM & W,66.67,21.99,32.01,7.41,33.33,61.42,28.24,0,25,F,,
2022/23,Liga Revelação U23,Gonçalo Vidazinha,Rio Ave U23,21,AM & W,21.3,19.52,26.19,34.57,37.04,57.1,41.67,0,26,F,,
2022/23,Liga Revelação U23,João Marques,Estoril U23,21,AM & W,87.96,63.54,66.67,54.32,77.31,53.7,66.67,0,3,B,,
2022/23,Liga Revelação U23,Rafinha,Farense U23,21,AM & W,19.44,79.87,28.57,20.99,81.48,60.19,50,0,17,D,,
2022/23,Liga Revelação U23,Pablo Bechardas,Marítimo U23,21,AM & W,18.52,64.65,47.62,71.6,61.11,58.33,65.28,0,11,C,,
2022/23,Liga Revelação U23,Weslei Ferreira,Estrela Amadora U23,22,AM & W,55.56,24.46,45.77,43.21,24.07,30.56,42.59,0,24,E,,
2022/23,Liga Revelação U23,Tiago Madeira,Farense U23,22,AM & W,58.8,60.31,62.43,59.26,68.06,28.4,42.59,0,12,C,,
2022/23,Liga Revelação U23,Diogo Morais,Gil Vicente U23,22,AM & W,22.22,50.39,36.24,48.15,27.78,45.37,50,0,22,E,,
2022/23,Liga Revelação U23,Afonso Correia,Marítimo U23,22,AM & W,40.74,40.79,23.28,14.81,82.41,71.3,15.28,0,19,E,,
2022/23,Liga Revelação U23,E. Ayiah,Gil Vicente U23,23,AM & W,48.61,46.54,50,56.79,35.19,79.63,54.63,0,14,C,,
2022/23,Liga Revelação U23,Leonardo Oliveira,Famalicão U23,18,CF,54.5,26.22,42.86,40.67,36,51,49.5,0,18,D,,
2022/23,Liga Revelação U23,Iuri Moreira,Benfica U23,19,CF,61,49.55,46.86,25.33,40,40.33,41,0,19,D,,
2022/23,Liga Revelação U23,Rodrigo Macedo,Sporting Braga U23,20,CF,80,34.39,46,18.67,33.5,27.67,26,0,21,E,,
2022/23,Liga Revelação U23,Rodrigo Ramos,Estoril U23,20,CF,56.5,81.17,62.29,72,78.5,42.67,64.5,0,4,A,,
2022/23,Liga Revelação U23,P. Obah,Vizela U23,20,CF,73,52.22,85.71,92,33,34.67,66.5,0,2,S,,
2022/23,Liga Revelação U23,Miguel Monteiro,Gil Vicente U23,20,CF,74,38.89,69.71,80,76,61.67,72,0,1,S,,
2022/23,Liga Revelação U23,Miro,Gil Vicente U23,20,CF,86.5,52.22,65.43,46,62.5,63.67,56.5,0,5,A,,
2022/23,Liga Revelação U23,Kiko Félix,Sporting CP U23,20,CF,24.5,86.73,41.71,53.33,80,62.33,48,0,14,C,,
2022/23,Liga Revelação U23,N. Skoglund,Sporting CP U23,20,CF,59,34.22,35.43,20.67,18.5,27.67,22,0,25,F,,
2022/23,Liga Revelação U23,M. Brkić,Rio Ave U23,21,CF,60.5,24.22,41.71,25.33,30,39.67,29,0,23,E,,
2022/23,Liga Revelação U23,Isnaba Graça,Estrela Amadora U23,21,CF,81,66.22,57.43,32.67,40,48,50.5,0,11,B,,
2022/23,Liga Revelação U23,A. Idache,Leixões U23,21,CF,71,56.83,65.71,57.33,18.5,50,58,0,9,B,,
2022/23,Liga Revelação U23,I. Pavlić,Estoril U23,21,CF,50,74.44,46,44,71,73.33,31,0,12,B,,
2022/23,Liga Revelação U23,Davis Silva,Portimonense U23,21,CF,48,74.89,55.43,64,78,49.33,49,0,8,B,,
2022/23,Liga Revelação U23,Adriano,Leixões U23,21,CF,26,42.89,52,72,53,54,46,0,16,C,,
2022/23,Liga Revelação U23,Luís Pinto,Rio Ave U23,21,CF,41,22.89,30.86,25.33,56,54.67,41,0,22,E,,
2022/23,Liga Revelação U23,Caio Cavaletti,Mafra U23,21,CF,6,32.22,30.29,54.67,52.5,37.33,40.5,0,24,F,,
2022/23,Liga Revelação U23,Diogo Cardoso,Portimonense U23,21,CF,80,58.89,56,28,43.5,59.33,49,0,13,B,,
2022/23,Liga Revelação U23,Rúben Marques,Marítimo U23,21,CF,17,57.55,26.86,32,56,79.67,46.5,0,20,D,,
2022/23,Liga Revelação U23,Iuri Tavares,Estoril U23,22,CF,42.5,66.89,61.14,64,65.5,70.67,89,0,3,A,,
2022/23,Liga Revelação U23,Lucas Gabriel,Mafra U23,22,CF,49,48.22,70.29,89.33,52,42.67,80,0,6,A,,
2022/23,Liga Revelação U23,João Araújo,Marítimo U23,22,CF,9,67.55,50.57,82.67,52,69,76.5,0,10,B,,
2022/23,Liga Revelação U23,Tomás Couto,Leixões U23,22,CF,39,28.89,40.29,61.33,81,65.33,39,0,17,C,,
2022/23,Liga Revelação U23,Tiago Leite,Gil Vicente U23,23,CF,61,64.22,63.43,57.33,60,46.33,72,0,7,A,,
2022/23,Liga Revelação U23,Maxuel,Farense U23,23,CF,50,57.61,56,61.33,33,49,57,0,15,C,,
2022/23,Liga Revelação U23,Diogo Pinto,Sporting CP U23,19,GK,0,0,0,0,0,0,0,32.74,13,F,,
2022/23,Liga Revelação U23,João Carvalho,Sporting Braga U23,19,GK,0,0,0,0,0,0,0,69.05,2,A,,
2022/23,Liga Revelação U23,Kimiss Zavala,Marítimo U23,19,GK,0,0,0,0,0,0,0,39.29,11,E,,
2022/23,Liga Revelação U23,Eduardo Esteves,Gil Vicente U23,20,GK,0,0,0,0,0,0,0,32.14,14,F,,
2022/23,Liga Revelação U23,Manuel Baldé,Vizela U23,20,GK,0,0,0,0,0,0,0,53.57,7,C,,
2022/23,Liga Revelação U23,João Júnior,Farense U23,20,GK,0,0,0,0,0,0,0,63.1,3,B,,
2022/23,Liga Revelação U23,Tiago Peixoto,Gil Vicente U23,21,GK,0,0,0,0,0,0,0,60.71,5,B,,
2022/23,Liga Revelação U23,Lucas Flores,Rio Ave U23,21,GK,0,0,0,0,0,0,0,46.43,10,D,,
2022/23,Liga Revelação U23,João Oliveira,Estoril U23,21,GK,0,0,0,0,0,0,0,78.57,1,S,,
2022/23,Liga Revelação U23,Guilherme Fernandes,Estrela Amadora U23,22,GK,0,0,0,0,0,0,0,63.1,4,B,,
2022/23,Liga Revelação U23,António Mariani,Leixões U23,22,GK,0,0,0,0,0,0,0,59.52,6,C,,
2022/23,Liga Revelação U23,Tomás Carvalho,Mafra U23,22,GK,0,0,0,0,0,0,0,48.81,8,D,,
2022/23,Liga Revelação U23,Hugo Cunha,Famalicão U23,22,GK,0,0,0,0,0,0,0,37.5,12,E,,
2022/23,Liga Revelação U23,L. Kokubo,Benfica U23,22,GK,0,0,0,0,0,0,0,48.81,9,D,,
2021/22,Liga Portugal,Alexandre Penetra,Famalicão,20,CB,44.88,74.52,59.37,75.96,70.08,61.75,57.58,0,9,A,,
2021/22,Liga Portugal,Gonçalo Inácio,Sporting CP,20,CB,75.41,68.63,75.76,83.61,92.62,27.73,65.98,0,10,A,,
2021/22,Liga Portugal,Eduardo Quaresma,Tondela,20,CB,76.23,66.67,73.89,80.6,38.93,49.18,69.67,0,13,B,,
2021/22,Liga Portugal,Bernardo Vital,Estoril,21,CB,48.98,35.8,47.31,69.13,37.91,36.2,46.93,0,42,D,,
2021/22,Liga Portugal,Morato,Benfica,21,CB,49.59,61.91,61.71,65.03,71.31,52.46,77.66,0,12,B,,
2021/22,Liga Portugal,Nuno Lima,Paços de Ferreira,21,CB,42.62,49.46,33.37,8.2,48.77,58.06,14.96,0,51,E,,
2021/22,Liga Portugal,J. Porozo,Boavista,22,CB,47.34,46.6,37.12,24.32,11.89,48.63,56.56,0,50,E,3500000,
2021/22,Liga Portugal,M. Sagnan,Tondela,23,CB,45.08,35.8,36.89,39.89,33.2,57.79,48.98,0,39,D,,
2021/22,Liga Portugal,Diogo Leite,SC Braga,23,CB,42.62,42.38,55.74,74.04,63.73,64.89,63.52,0,14,B,,
2021/22,Liga Portugal,Tomás Ribeiro,CF Os Belenenses,23,CB,33.81,49.46,53.98,68.03,53.28,81.83,69.88,0,8,A,,
2021/22,Liga Portugal,David Carmo,SC Braga,23,CB,30.74,35.8,35.6,42.9,72.95,32.79,39.14,0,48,D,20000000,
2021/22,Liga Portugal,Alex Nascimento,Famalicão,23,CB,24.39,35.8,33.02,45.36,48.36,82.79,68.85,0,18,B,,
2021/22,Liga Portugal,Riccieli,Famalicão,23,CB,87.7,35.8,59.84,40.16,14.34,69.26,60.66,0,23,C,,
2021/22,Liga Portugal,N. Ferraresi,Estoril,23,CB,46.72,49.46,70.37,89.07,76.02,46.86,74.59,0,11,A,,
2021/22,Liga Portugal,Manu Hernando,Tondela,24,CB,80.12,35.8,51.52,36.34,21.31,47.95,41.8,0,40,D,,
2021/22,Liga Portugal,A. Mumin,Vitória SC,24,CB,30.12,35.8,36.42,45.63,38.52,64.34,43.44,0,38,D,,
2021/22,Liga Portugal,R. Cannon,Boavista,24,CB,17.83,56.31,48.95,77.6,45.9,56.56,65.37,0,26,C,,
2021/22,Liga Portugal,Léo Andrade,Marítimo,24,CB,31.76,53.56,33.84,37.43,36.48,86.48,54.71,0,19,C,,
2021/22,Liga Portugal,K. Boateng,Santa Clara,25,CB,32.17,35.8,32.08,32.79,11.89,48.09,50.82,0,58,E,,
2021/22,Liga Portugal,T. Borevković,Vitória SC,25,CB,47.95,76.93,51.76,43.99,61.07,27.87,47.13,0,37,D,,
2021/22,Liga Portugal,Patrick William,Estoril,25,CB,43.44,35.8,65.11,94.81,70.49,71.31,68.44,0,5,A,,
2021/22,Liga Portugal,Jorge Fernandes,Vitória SC,25,CB,36.27,55.59,50.82,57.38,52.05,57.1,62.3,0,24,C,,
2021/22,Liga Portugal,M. Aidara,Vizela,25,CB,68.24,49.46,53.63,37.16,27.05,43.99,39.75,0,41,D,,
2021/22,Liga Portugal,Bruno Wilson,Vizela,25,CB,81.56,49.46,63.23,37.16,52.87,40.85,42.21,0,31,C,,
2021/22,Liga Portugal,Lucas Cunha,Gil Vicente,25,CB,54.3,70.5,47.31,39.07,82.58,43.17,42.83,0,28,C,,
2021/22,Liga Portugal,Pedrão,Portimonense,25,CB,52.46,58.2,54.22,34.97,61.48,57.92,54.92,0,21,C,,
2021/22,Liga Portugal,D. Henriques,CF Os Belenenses,25,CB,24.18,41.12,37.24,55.46,32.38,38.93,34.63,0,57,E,,
2021/22,Liga Portugal,João Basso,Arouca,25,CB,72.75,76.36,83.37,92.35,79.92,42.08,74.59,0,4,A,,
2021/22,Liga Portugal,Ivanildo Fernandes,Vizela,26,CB,45.9,35.8,45.78,46.45,29.92,38.39,64.34,0,44,D,,
2021/22,Liga Portugal,C. Tassano,Santa Clara,26,CB,41.8,56.49,45.32,37.16,22.13,44.26,37.7,0,52,E,,
2021/22,Liga Portugal,Vitor Tormena,SC Braga,26,CB,22.95,58.2,61.59,91.53,71.11,45.36,78.48,0,17,B,,
2021/22,Liga Portugal,D. Batubinsika,Famalicão,26,CB,67.21,35.8,58.43,62.57,24.59,63.8,67.01,0,20,C,,
2021/22,Liga Portugal,Matheus Costa,Marítimo,27,CB,95.08,54.78,83.61,77.05,57.17,51.09,71.52,0,6,A,,
2021/22,Liga Portugal,Anderson,Vizela,27,CB,50.82,55.74,43.09,13.66,11.89,52.32,38.73,0,55,E,,
2021/22,Liga Portugal,Lucas Áfrico,Estoril,27,CB,27.46,42.38,45.2,69.67,64.14,46.45,59.43,0,30,C,,
2021/22,Liga Portugal,Willyan Rocha,Portimonense,27,CB,68.03,75.69,64.05,49.73,60.25,73.5,58.2,0,7,A,,
2021/22,Liga Portugal,Matheus Reis,Sporting CP,27,CB,83.81,91.51,91.92,97.27,83.2,47.81,62.7,0,1,S,,
2021/22,Liga Portugal,C. Mbemba,Porto,28,CB,77.25,55.32,68.27,61.48,66.8,26.64,52.46,0,29,C,0,
2021/22,Liga Portugal,R. Abascal,Boavista,28,CB,44.26,84.02,50.94,52.73,61.89,47.81,49.8,0,25,C,,
2021/22,Liga Portugal,Fábio Cardoso,Porto,28,CB,30.53,48.98,27.17,23.5,59.02,18.72,15.78,0,61,F,,
2021/22,Liga Portugal,Lucas Possignolo,Portimonense,28,CB,59.43,35.8,35.01,23.5,36.07,75.14,37.09,0,33,C,,
2021/22,Liga Portugal,Artur Jorge,Moreirense,28,CB,51.43,35.8,38.06,35.52,19.88,29.51,23.16,0,60,F,,
2021/22,Liga Portugal,Maracás,Paços de Ferreira,28,CB,41.8,41.12,33.96,24.32,35.66,61.07,32.99,0,46,D,,
2021/22,Liga Portugal,L. Rosić,Moreirense,29,CB,47.54,35.8,51.05,56.56,54.51,49.59,44.47,0,34,C,,
2021/22,Liga Portugal,M. Villanueva,Santa Clara,29,CB,31.15,47.15,25.06,17.76,50.82,36.48,19.88,0,59,F,,
2021/22,Liga Portugal,N. Galović,Arouca,30,CB,50.41,35.8,49.65,49.45,55.53,22.68,48.36,0,49,D,,
2021/22,Liga Portugal,Pablo Santos,Moreirense,30,CB,80.12,49.46,54.92,26.5,15.98,53.96,20.29,0,47,D,,
2021/22,Liga Portugal,Paulo Oliveira,SC Braga,30,CB,40.57,41.12,32.32,37.98,60.25,47.13,35.04,0,43,D,,
2021/22,Liga Portugal,S. Coates,Sporting CP,31,CB,84.84,86.49,73.07,44.81,81.97,65.3,61.89,0,2,S,,
2021/22,Liga Portugal,A. Ba,Arouca,31,CB,42.21,35.8,30.21,15.03,37.7,56.83,34.84,0,53,E,,
2021/22,Liga Portugal,Raúl Silva,Estoril,32,CB,83.61,35.8,61.71,53.55,62.91,25.96,57.17,0,32,C,,
2021/22,Liga Portugal,Z. Feddal,Sporting CP,32,CB,22.75,42.11,41.33,66.94,69.26,54.37,62.7,0,27,C,0,
2021/22,Liga Portugal,João Afonso,Santa Clara,32,CB,51.64,49.46,50.47,36.07,18.03,43.03,30.33,0,56,E,,
2021/22,Liga Portugal,Marco Baixinho,Paços de Ferreira,33,CB,28.28,35.8,40.52,57.65,68.24,44.81,47.95,0,36,C,,
2021/22,Liga Portugal,Zainadine Júnior,Marítimo,34,CB,42.83,84.62,52.93,47.27,46.72,59.84,44.67,0,22,C,,
2021/22,Liga Portugal,Yohan Tavares,CF Os Belenenses,34,CB,16.39,45.5,22.37,31.15,55.74,46.58,39.34,0,54,E,,
2021/22,Liga Portugal,N. Otamendi,Benfica,34,CB,59.43,64.67,64.05,71.04,75.2,65.03,78.28,0,3,S,,
2021/22,Liga Portugal,Luís Neto,Sporting CP,34,CB,39.55,35.8,47.54,59.02,84.84,66.94,59.84,0,15,B,,
2021/22,Liga Portugal,S. Vitória,Moreirense,35,CB,86.27,35.8,58.2,34.7,22.13,58.47,34.43,0,35,C,,
2021/22,Liga Portugal,J. Vertonghen,Benfica,35,CB,51.84,72.46,63.58,66.39,69.88,44.81,67.62,0,16,B,0,
2021/22,Liga Portugal,Rúben Fernandes,Gil Vicente,36,CB,63.52,40.22,45.2,33.61,59.22,39.48,25.61,0,45,D,,
2021/22,Liga Portugal,Miguel Maga,Vitória SC,19,FB & WB,31.14,66.25,33.54,31.07,27.54,43.79,41.1,0,49,E,,
2021/22,Liga Portugal,Nathan,Boavista,20,FB & WB,30.72,32.71,34.02,44.07,39.19,38.84,60.17,0,46,D,2000000,1300000
2021/22,Liga Portugal,Yan Couto,SC Braga,20,FB & WB,77.75,77.97,88.86,97.74,91.1,38.7,64.41,0,5,S,,
2021/22,Liga Portugal,Tiago Almeida,Tondela,20,FB & WB,25.42,59.22,31.84,26.55,16.53,56.07,47.46,0,50,E,,
2021/22,Liga Portugal,João Ferreira,Vitória SC,21,FB & WB,39.19,69.33,40.56,28.53,53.39,75.56,33.26,0,29,C,,
2021/22,Liga Portugal,Pedro Malheiro,Boavista,21,FB & WB,29.87,15.16,34.14,48.87,33.05,46.89,53.6,0,48,D,,
2021/22,Liga Portugal,Pedro Porro,Sporting CP,22,FB & WB,84.53,96.06,88.26,85.88,81.36,48.59,67.58,0,3,S,,
2021/22,Liga Portugal,João Mário,Porto,22,FB & WB,39.41,62.75,69.73,90.96,67.16,43.79,77.12,0,9,B,,
2021/22,Liga Portugal,Filipe Relvas,Portimonense,22,FB & WB,51.48,35.64,28.93,4.52,38.56,87.57,46.19,0,41,D,,
2021/22,Liga Portugal,Fabiano,SC Braga,22,FB & WB,24.15,40.01,37.41,49.44,56.78,34.89,37.08,0,47,D,,
2021/22,Liga Portugal,Francisco Moura,SC Braga,22,FB & WB,87.29,16.29,64.65,57.06,31.99,31.5,40.68,0,37,D,1000000,
2021/22,Liga Portugal,Pedro Amador,Moreirense,23,FB & WB,52.33,75.36,52.06,33.9,19.49,61.02,48.31,0,33,C,,
2021/22,Liga Portugal,Y. Hamache,Boavista,23,FB & WB,73.73,77.06,74.7,72.6,34.53,50,61.23,0,12,B,1000000,
2021/22,Liga Portugal,Calila,CF Os Belenenses,23,FB & WB,26.91,59.24,38.38,53.95,23.31,54.94,48.09,0,40,D,,
2021/22,Liga Portugal,K. Kouao,Vizela,24,FB & WB,52.12,40.58,49.15,48.02,30.51,80.23,61.44,0,23,C,,
2021/22,Liga Portugal,Zé Carlos,Gil Vicente,24,FB & WB,34.53,69.05,48.79,59.89,71.82,80.79,78.39,0,8,B,,
2021/22,Liga Portugal,Fali Candé,Portimonense,24,FB & WB,55.72,70.26,51.21,42.09,42.8,61.72,41.74,0,26,C,,
2021/22,Liga Portugal,Abdu Conté,Moreirense,24,FB & WB,43.64,21.65,61.26,87.29,39.19,31.92,74.36,0,25,C,2700000,
2021/22,Liga Portugal,Galeno,Porto,24,FB & WB,93.64,89.05,87.65,75.71,49.79,39.83,85.17,0,6,A,,
2021/22,Liga Portugal,Z. Sanusi,Porto,25,FB & WB,88.56,34.01,66.59,56.5,38.77,64.69,65.68,0,15,B,,
2021/22,Liga Portugal,H. De La Fuente,Famalicão,25,FB & WB,57.84,60.23,59.56,56.21,42.58,63.42,61.23,0,19,C,,
2021/22,Liga Portugal,Fernando Fonseca,Paços de Ferreira,25,FB & WB,17.37,21.65,19.01,23.73,48.73,53.95,30.93,0,55,E,,
2021/22,Liga Portugal,Pepê,Porto,25,FB & WB,97.46,72.22,78.21,51.41,43.86,28.25,56.78,0,20,C,,
2021/22,Liga Portugal,Paulo Henrique,Santa Clara,25,FB & WB,43.22,21.65,28.57,11.58,32.42,48.31,39.62,0,56,E,,
2021/22,Liga Portugal,Neto Borges,Tondela,25,FB & WB,59.11,49.34,59.56,62.99,42.58,64.27,84.11,0,13,B,,
2021/22,Liga Portugal,Carles Soria,Estoril,25,FB & WB,37.92,31.54,40.07,43.22,63.77,36.72,32.84,0,45,D,,
2021/22,Liga Portugal,Adrián Marín,Famalicão,25,FB & WB,75.42,67.33,56.42,40.68,78.18,71.05,46.19,0,11,B,,
2021/22,Liga Portugal,Mateus Quaresma,Arouca,25,FB & WB,29.87,28.84,43.34,63.84,42.58,47.74,67.37,0,34,C,,
2021/22,Liga Portugal,V. Lazaro,Benfica,26,FB & WB,40.89,33.17,56.9,75.71,69.28,46.19,74.36,0,16,B,,
2021/22,Liga Portugal,F. Moufi,Portimonense,26,FB & WB,65.68,30.97,49.03,36.16,31.14,74.29,35.59,0,35,C,,
2021/22,Liga Portugal,Alejandro Grimaldo,Benfica,26,FB & WB,84.32,89.16,85.23,82.2,91.53,59.18,74.79,0,1,S,,
2021/22,Liga Portugal,Rafa Soares,Vitória SC,27,FB & WB,69.07,62.05,67.92,59.89,62.08,33.19,46.61,0,22,C,,
2021/22,Liga Portugal,F. Sacko,Vitória SC,27,FB & WB,55.3,24.98,52.78,77.68,55.08,51.13,75.85,0,18,C,,
2021/22,Liga Portugal,Tiago Esgaio,Arouca,27,FB & WB,22.88,38.32,22.4,22.03,75.42,44.77,28.81,0,51,E,,
2021/22,Liga Portugal,Igor Julião,Vizela,27,FB & WB,36.65,60.64,47.58,54.24,30.08,34.32,53.81,0,38,D,,
2021/22,Liga Portugal,Rafael Ramos,Santa Clara,27,FB & WB,22.67,34.93,38.62,49.15,33.69,38.28,64.41,0,44,D,,
2021/22,Liga Portugal,Kiki,Vizela,27,FB & WB,45.97,61.06,46.61,36.72,55.93,62.43,38.56,0,28,C,,
2021/22,Liga Portugal,Nuno Santos,Sporting CP,27,FB & WB,93.64,97.36,91.04,83.62,83.05,25.71,42.58,0,7,A,,
2021/22,Liga Portugal,C. Akas,CF Os Belenenses,28,FB & WB,57.84,34.36,28.33,4.24,36.02,42.51,18.01,0,58,F,,
2021/22,Liga Portugal,Cláudio Winck,Marítimo,28,FB & WB,77.54,41.57,71.19,79.94,35.59,46.75,70.34,0,14,B,,
2021/22,Liga Portugal,Vítor Costa,Marítimo,28,FB & WB,26.91,35.91,32.32,45.2,62.92,87.29,71.61,0,21,C,,
2021/22,Liga Portugal,Thales Oleques,Arouca,28,FB & WB,50.21,53.57,45.76,31.92,59.96,63.7,44.28,0,27,C,,
2021/22,Liga Portugal,Carraça,CF Os Belenenses,29,FB & WB,31.57,69.17,37.05,30.51,70.34,37.15,22.03,0,43,D,,
2021/22,Liga Portugal,Wendell,Porto,29,FB & WB,74.79,61.48,79.42,86.44,76.27,72.18,76.69,0,4,S,,
2021/22,Liga Portugal,Gilberto,Benfica,29,FB & WB,87.5,71.8,84.87,90.4,86.86,65.54,71.61,0,2,S,,
2021/22,Liga Portugal,R. Ofori,Vizela,29,FB & WB,18.01,31.77,30.63,53.11,44.49,58.19,47.46,0,42,D,,
2021/22,Liga Portugal,J. Delgado,Paços de Ferreira,29,FB & WB,79.03,53.18,75.3,79.1,65.04,35.88,61.86,0,10,B,,
2021/22,Liga Portugal,Mansur,Santa Clara,29,FB & WB,39.19,24.19,25.18,12.15,38.35,67.23,28.6,0,53,E,,
2021/22,Liga Portugal,Ricardo Esgaio,Sporting CP,29,FB & WB,55.51,65.86,54.72,45.76,73.52,49.58,33.05,0,24,C,,
2021/22,Liga Portugal,Zé Uilton,Paços de Ferreira,30,FB & WB,72.03,46.79,67.92,67.8,18.01,16.24,55.08,0,36,D,,
2021/22,Liga Portugal,David Bruno,Estoril,30,FB & WB,19.28,39.17,23.61,26.84,68.22,27.97,13.77,0,57,F,,
2021/22,Liga Portugal,Paulinho,Moreirense,31,FB & WB,62.92,60.68,70.46,75.14,26.48,23.45,40.25,0,30,C,,
2021/22,Liga Portugal,P. Sagna,Santa Clara,31,FB & WB,23.94,49.34,28.21,23.16,34.32,46.75,28.39,0,54,E,,
2021/22,Liga Portugal,Diogo Figueiras,Famalicão,31,FB & WB,45.97,72.08,55.57,52.26,38.77,41.81,42.16,0,31,C,,
2021/22,Liga Portugal,Filipe Ferreira,Boavista,31,FB & WB,16.95,21.65,18.77,23.73,63.35,20.9,13.77,0,59,F,,
2021/22,Liga Portugal,Talocha,Gil Vicente,32,FB & WB,50.42,30.99,31.96,15.25,51.06,47.03,28.39,0,52,E,,
2021/22,Liga Portugal,Bebeto,Tondela,32,FB & WB,25.64,25.32,30.15,45.2,43.22,82.49,59.75,0,32,C,,
2021/22,Liga Portugal,Joãozinho,Estoril,33,FB & WB,41.74,41.01,34.38,38.7,74.79,44.35,34.11,0,39,D,,
2021/22,Liga Portugal,Antunes,Paços de Ferreira,35,FB & WB,45.55,77.01,49.64,47.46,63.56,68.5,51.27,0,17,C,,
2021/22,Liga Portugal,Tiago Dantas,Tondela,21,MF,71.34,68.8,71.92,73.28,61.42,16.38,53.45,0,19,C,,
2021/22,Liga Portugal,M. Ugarte,Sporting CP,21,MF,24.14,55.95,42.36,57.76,53.66,56.61,54.53,0,30,C,,24500000
2021/22,Liga Portugal,A. Méndez,Vizela,21,MF,50.22,37.83,58.62,67.82,15.09,22.41,32.33,0,50,E,,
2021/22,Liga Portugal,Tomás Händel,Vitória SC,21,MF,27.59,22.31,30.42,36.78,50.22,52.73,50.22,0,46,D,,
2021/22,Liga Portugal,Gonçalo Franco,Moreirense,21,MF,39.66,40.06,55.54,67.82,28.02,47.99,55.6,0,34,D,,
2021/22,Liga Portugal,Afonso Sousa,CF Os Belenenses,22,MF,69.61,51.33,82.64,91.67,50.43,24.57,55.39,0,17,C,,
2021/22,Liga Portugal,André Almeida,Vitória SC,22,MF,45.04,41.85,70.94,88.51,43.1,42.82,69.4,0,18,C,,
2021/22,Liga Portugal,Vitinha,Porto,22,MF,75.43,86.51,84.98,84.48,88.79,65.8,92.46,0,1,S,41500000,
2021/22,Liga Portugal,Pedro Pelágio,Marítimo,22,MF,15.52,44.15,36.82,63.22,41.81,48.85,59.27,0,39,D,,
2021/22,Liga Portugal,S. Sithole,CF Os Belenenses,23,MF,14.44,37.5,26.23,39.94,33.41,50.14,42.67,0,52,E,,
2021/22,Liga Portugal,Filipe Soares,Moreirense,23,MF,50.86,33.8,66.63,78.74,48.28,35.06,48.28,0,28,C,2500000,
2021/22,Liga Portugal,Matheus Nunes,Sporting CP,23,MF,78.66,65.6,82.76,92.24,75.43,44.97,86.85,0,3,A,47500000,
2021/22,Liga Portugal,I. Camará,Moreirense,23,MF,44.4,74.85,63.42,70.11,45.69,34.91,61.21,0,23,C,1000000,
2021/22,Liga Portugal,Diogo Mendes,Marítimo,24,MF,15.09,28.39,25.49,45.11,28.45,67.39,67.67,0,44,D,,
2021/22,Liga Portugal,L. Rosier,Estoril,24,MF,86.85,52.53,68.23,52.87,38.58,68.1,76.29,0,11,B,,
2021/22,Liga Portugal,André Franco,Estoril,24,MF,98.71,83.45,93.23,89.66,27.37,25.14,68.1,0,10,B,4100000,
2021/22,Liga Portugal,Alfa Semedo,Vitória SC,24,MF,37.93,51.24,34.85,21.84,40.73,65.66,39.66,0,41,D,,
2021/22,Liga Portugal,N. Janvier,Vitória SC,24,MF,76.29,76.11,80.05,77.01,88.79,43.1,59.91,0,5,A,,
2021/22,Liga Portugal,Lucas Fernandes,Portimonense,24,MF,49.57,82.91,61.58,69.83,39.87,15.8,50.43,0,31,C,,
2021/22,Liga Portugal,Rui Pires,Paços de Ferreira,24,MF,16.38,19.15,13.18,14.66,48.28,55.6,23.49,0,56,F,,
2021/22,Liga Portugal,E. Kouassi,Arouca,24,MF,69.18,29.14,32.14,6.32,43.1,46.7,29.74,0,51,E,,
2021/22,Liga Portugal,Pêpê Rodrigues,Famalicão,25,MF,69.61,87.14,69.21,68.1,85.34,37.64,45.04,0,6,B,,
2021/22,Liga Portugal,Stephen Eustáquio,Porto,25,MF,45.04,37.83,50.12,43.97,70.69,75.57,49.57,0,20,C,,
2021/22,Liga Portugal,André Horta,SC Braga,25,MF,67.46,76.22,78.82,89.08,68.1,8.48,53.02,0,12,B,,
2021/22,Liga Portugal,G. Makouta,Boavista,25,MF,72.84,67.32,74.14,76.72,32.11,47.27,73.71,0,13,B,,300000
2021/22,Liga Portugal,Pedro Augusto,Tondela,25,MF,76.51,23.99,47.17,37.64,34.48,56.61,40.73,0,38,D,,
2021/22,Liga Portugal,Vitor Carvalho,Gil Vicente,25,MF,33.84,22.31,32.51,33.33,56.25,75.14,56.03,0,33,D,,
2021/22,Liga Portugal,João Gamboa,Estoril,25,MF,35.78,23.99,31.53,31.61,36.85,69.83,42.67,0,43,D,,
2021/22,Liga Portugal,C. Pickel,Famalicão,25,MF,23.49,51.21,28.57,29.89,36.42,62.36,43.53,0,48,D,3800000,1500000
2021/22,Liga Portugal,J. Weigl,Benfica,26,MF,45.91,41.85,34.24,31.32,71.12,71.7,45.47,0,29,C,8000000,
2021/22,Liga Portugal,Samu,Vizela,26,MF,89.87,67.94,89.66,84.48,58.62,58.33,60.78,0,4,A,,
2021/22,Liga Portugal,Al Musrati,SC Braga,26,MF,42.03,54.74,31.4,23.56,87.5,64.08,56.68,0,24,C,,
2021/22,Liga Portugal,Nené,Santa Clara,27,MF,14.66,49.78,26.48,33.33,64.87,39.37,45.69,0,45,D,,
2021/22,Liga Portugal,João Palhinha,Sporting CP,27,MF,91.38,40.39,64.66,47.13,52.8,86.21,71.55,0,7,B,25000000,
2021/22,Liga Portugal,H. Morita,Santa Clara,27,MF,45.69,26.91,42.24,53.16,71.12,64.37,55.39,0,22,C,,
2021/22,Liga Portugal,Francisco Geraldes,Estoril,27,MF,71.77,50.8,70.57,69.25,48.28,50.57,62.93,0,16,C,,
2021/22,Liga Portugal,Iker Undabarrena,Tondela,27,MF,48.28,36.63,23.77,19.54,74.14,63.94,38.58,0,35,D,,
2021/22,Liga Portugal,I. Rossi,Marítimo,28,MF,16.81,26.91,15.52,11.78,40.3,77.3,27.59,0,54,E,,
2021/22,Liga Portugal,Jefferson,Moreirense,28,MF,79.74,22.31,49.26,30.46,31.68,40.8,39.66,0,47,D,,
2021/22,Liga Portugal,Pedro Sá,Portimonense,28,MF,54.74,26.91,25.99,8.33,36.42,87.64,50.65,0,40,D,,
2021/22,Liga Portugal,T. Phete,CF Os Belenenses,28,MF,35.56,26.91,27.59,14.94,6.25,48.99,24.57,0,58,F,,
2021/22,Liga Portugal,Leandro Silva,Arouca,28,MF,44.83,70.06,55.91,61.49,75,36.93,44.4,0,21,C,,
2021/22,Liga Portugal,Carlinhos,Portimonense,28,MF,71.98,64.6,76.11,75.29,64.66,41.09,72.84,0,8,B,,
2021/22,Liga Portugal,Pedrinho,Gil Vicente,29,MF,45.04,83.17,63.42,70.11,91.38,32.76,55.6,0,9,B,,
2021/22,Liga Portugal,S. Beltrame,Marítimo,29,MF,49.14,80.03,66.13,82.76,35.56,21.12,56.9,0,26,C,,
2021/22,Liga Portugal,Tiago Silva,Vitória SC,29,MF,59.48,90.83,61.45,62.36,79.31,30.89,41.16,0,15,B,,
2021/22,Liga Portugal,S. Pérez,Boavista,29,MF,16.59,26.91,17.36,16.38,57.33,75.43,39.66,0,49,E,,1300000
2021/22,Liga Portugal,João Pedro,Tondela,29,MF,64.22,51.05,48.52,43.97,45.04,43.68,32.76,0,36,D,,
2021/22,Liga Portugal,João Mário,Benfica,29,MF,93.53,85.79,93.47,90.8,81.9,40.52,76.72,0,2,S,,
2021/22,Liga Portugal,M. Uribe,Porto,31,MF,62.07,73.05,49.63,28.74,80.17,70.4,43.97,0,14,B,,
2021/22,Liga Portugal,David Simão,Arouca,32,MF,51.51,79.43,46.31,30.17,52.16,55.03,28.66,0,32,C,,
2021/22,Liga Portugal,Anderson Carvalho,Santa Clara,32,MF,28.02,43.29,30.67,25.29,18.1,64.08,37.93,0,53,E,,
2021/22,Liga Portugal,Pedro Moreira,Arouca,33,MF,39.01,22.31,30.42,21.55,29.53,43.82,16.59,0,57,F,,
2021/22,Liga Portugal,Marcos Paulo,Vizela,34,MF,79.74,40.41,75.99,78.16,22.84,36.49,66.38,0,25,C,,
2021/22,Liga Portugal,Claudemir,Vizela,34,MF,28.45,66.96,34.73,28.45,46.77,57.33,59.05,0,37,D,,
2021/22,Liga Portugal,Fábio Pacheco,Moreirense,34,MF,19.83,19.15,13.3,10.34,9.91,88.79,41.81,0,55,F,,
2021/22,Liga Portugal,Castro,SC Braga,34,MF,55.6,53.86,56.16,54.89,54.74,41.09,51.51,0,27,C,,
2021/22,Liga Portugal,Luiz Carlos,Paços de Ferreira,37,MF,23.06,53.57,34.98,41.95,51.72,53.59,23.28,0,42,D,,
2021/22,Liga Portugal,Iván Jaime,Famalicão,21,AM & W,31.86,33.15,48.18,66.67,49.51,37.25,66.67,0,30,D,,
2021/22,Liga Portugal,Samuel Lino,Gil Vicente,22,AM & W,81.86,53.59,67.23,62.42,60.29,66.99,67.16,0,10,B,,
2021/22,Liga Portugal,Fábio Vieira,Porto,22,AM & W,77.94,95.74,78.71,70.59,83.82,57.35,68.14,0,2,A,35000000,
2021/22,Liga Portugal,Lincoln,Santa Clara,23,AM & W,42.65,67.21,43.28,36.27,67.65,66.67,46.57,0,19,C,,
2021/22,Liga Portugal,André Vidigal,Marítimo,23,AM & W,15.2,38.18,41.88,71.24,37.01,48.86,62.25,0,34,D,,
2021/22,Liga Portugal,M. Edwards,Sporting CP,23,AM & W,87.25,77.21,83.19,75.16,59.31,26.96,57.84,0,7,B,,
2021/22,Liga Portugal,I. Angulo,Portimonense,23,AM & W,18.87,23.8,28.43,41.5,34.56,54.58,51.96,0,45,F,,
2021/22,Liga Portugal,Nuno Santos,Paços de Ferreira,23,AM & W,47.55,26.34,25.91,19.28,80.88,54.74,21.81,0,39,E,,
2021/22,Liga Portugal,Nuno Moreira,Vizela,23,AM & W,37.5,58.9,54.76,51.31,50.98,64.54,47.3,0,18,C,,
2021/22,Liga Portugal,Jordi Mboula,Estoril,23,AM & W,54.17,50.42,63.03,69.93,7.6,64.71,51.47,0,22,C,,
2021/22,Liga Portugal,Yan Matheus,Moreirense,23,AM & W,64.22,68.35,62.89,65.03,64.22,52.29,52.94,0,12,C,,
2021/22,Liga Portugal,R. Guitane,Marítimo,23,AM & W,50.98,38.66,50.7,62.75,69.12,12.42,51.72,0,29,D,,
2021/22,Liga Portugal,Pedro Gonçalves,Sporting CP,24,AM & W,80.39,90,68.63,38.89,57.84,49.51,42.16,0,13,C,,
2021/22,Liga Portugal,Arthur Gomes,Estoril,24,AM & W,27.7,52.63,47.48,64.38,22.3,57.84,74.26,0,26,D,2900000,
2021/22,Liga Portugal,Ricardinho,Santa Clara,24,AM & W,57.84,48.5,34.59,16.99,22.06,49.51,26.47,0,47,F,,
2021/22,Liga Portugal,Lucas Silva,Paços de Ferreira,24,AM & W,54.66,26.7,34.87,18.63,26.96,39.87,36.52,0,49,F,,
2021/22,Liga Portugal,Bruno Lourenço,Estoril,24,AM & W,40.44,46.5,32.63,23.86,36.52,46.08,24.26,0,46,F,,
2021/22,Liga Portugal,Anderson Oliveira,Portimonense,24,AM & W,25.74,24.23,35.71,53.27,38.73,30.88,59.31,0,40,E,,
2021/22,Liga Portugal,Bruno Xadas,Marítimo,24,AM & W,36.76,46.77,27.87,17.32,56.86,59.64,40.2,0,38,E,,
2021/22,Liga Portugal,L. Díaz,Porto,25,AM & W,99.51,85.29,92.72,86.93,81.86,54.9,77.94,0,1,S,49000000,
2021/22,Liga Portugal,Hélder Ferreira,Paços de Ferreira,25,AM & W,50.25,47.47,43.98,37.91,51.47,75.16,35.78,0,27,D,,
2021/22,Liga Portugal,Bruno Rodrigues,Famalicão,25,AM & W,75.25,50.47,76.33,86.93,26.23,67.32,76.96,0,9,B,,
2021/22,Liga Portugal,Rafael Barbosa,Tondela,26,AM & W,34.8,38.85,33.61,38.89,50.74,33.99,18.38,0,42,F,,
2021/22,Liga Portugal,J. Murillo,Tondela,26,AM & W,55.15,65.08,46.22,49.35,20.59,33.5,60.54,0,32,D,,
2021/22,Liga Portugal,Cryzan,Santa Clara,26,AM & W,89.71,21.67,64.99,54.25,51.23,70.59,59.31,0,15,C,,
2021/22,Liga Portugal,Éverton,Benfica,26,AM & W,55.15,59.31,67.79,74.84,79.41,76.96,86.27,0,4,A,16500000,
2021/22,Liga Portugal,A. Leautey,Gil Vicente,26,AM & W,53.68,49.15,68.63,85.62,41.67,39.38,66.67,0,14,C,,
2021/22,Liga Portugal,Kiko Bondoso,Vizela,26,AM & W,66.18,73.19,52.94,36.93,47.55,55.39,39.46,0,20,C,,
2021/22,Liga Portugal,Ricardo Horta,SC Braga,27,AM & W,92.65,68.35,56.44,13.07,54.9,42.65,32.35,0,24,D,,
2021/22,Liga Portugal,Otávio,Porto,27,AM & W,47.06,90.53,55.32,47.39,85.78,84.64,60.54,0,5,B,,
2021/22,Liga Portugal,Rochinha,Vitória SC,27,AM & W,65.93,28.77,53.08,43.46,35.78,46.9,56.13,0,33,D,,
2021/22,Liga Portugal,K. Gorré,Boavista,27,AM & W,59.31,52.39,65.55,76.47,30.88,28.76,53.68,0,21,C,,
2021/22,Liga Portugal,Ivo Rodrigues,Famalicão,27,AM & W,15.2,69.99,52.66,79.74,77.45,84.31,74.02,0,8,B,,
2021/22,Liga Portugal,A. Bukia,Arouca,27,AM & W,31.13,24.52,42.16,65.69,24.51,23.2,44.61,0,41,E,,
2021/22,Liga Portugal,Walterson,Moreirense,27,AM & W,28.43,20.29,39.78,57.19,44.12,63.24,61.03,0,36,D,,
2021/22,Liga Portugal,Allano,Santa Clara,27,AM & W,28.19,49.12,40.48,71.24,71.08,74.84,64.71,0,16,C,,
2021/22,Liga Portugal,Pité,Arouca,27,AM & W,29.9,32.87,20.17,6.54,27.7,73.69,33.33,0,51,F,,
2021/22,Liga Portugal,Pedro Nuno,CF Os Belenenses,27,AM & W,37.99,18.07,27.73,16.67,38.73,58.82,32.35,0,50,F,,
2021/22,Liga Portugal,S. Nakajima,Portimonense,27,AM & W,22.79,45.89,45.24,58.17,60.54,29.08,48.53,0,35,D,,
2021/22,Liga Portugal,Rúben Lameiras,Vitória SC,27,AM & W,39.22,20.03,44.12,50.33,54.9,51.31,42.65,0,37,E,,
2021/22,Liga Portugal,Felipe Pires,Moreirense,27,AM & W,19.61,32.45,46.92,81.05,42.4,32.19,71.81,0,31,D,1000000,
2021/22,Liga Portugal,Aylton Boa Morte,Portimonense,28,AM & W,53.68,26.72,39.22,45.75,35.78,16.99,38.48,0,48,F,,
2021/22,Liga Portugal,Iuri Medeiros,SC Braga,28,AM & W,80.39,76.83,60.64,29.08,85.29,71.08,47.55,0,11,B,,
2021/22,Liga Portugal,Gustavo Sauer,Boavista,29,AM & W,35.29,68.49,41.04,43.46,43.63,66.18,56.62,0,23,D,2000000,
2021/22,Liga Portugal,Rafa Silva,Benfica,29,AM & W,89.71,77.25,86.41,80.72,74.51,48.37,70.1,0,3,A,,
2021/22,Liga Portugal,Y. Baraye,CF Os Belenenses,30,AM & W,62.5,40.95,59.52,54.9,37.99,81.37,65.2,0,17,C,,
2021/22,Liga Portugal,Salvador Agra,Tondela,30,AM & W,46.57,56.37,42.72,44.44,54.41,45.59,62.75,0,25,D,,
2021/22,Liga Portugal,Pablo Sarabia,Sporting CP,30,AM & W,95.59,88.7,81.51,63.07,71.08,27.12,39.22,0,6,B,,
2021/22,Liga Portugal,Arsénio,Arouca,32,AM & W,32.6,47.43,32.77,25.16,33.82,42.97,39.95,0,43,F,,
2021/22,Liga Portugal,Edgar Costa,Marítimo,35,AM & W,12.25,63.37,23.53,24.18,67.65,37.42,11.27,0,44,F,,
2021/22,Liga Portugal,Ricardo Quaresma,Vitória SC,38,AM & W,60.78,43.24,65.83,45.1,70.1,21.41,22.79,0,28,D,,
2021/22,Liga Portugal,Gonçalo Ramos,Benfica,21,CF,65,53.67,65.71,57.78,85,48.33,58.75,0,8,B,,
2021/22,Liga Portugal,Evanilson,Porto,22,CF,93.33,71.88,67.38,38.33,54.17,60.28,42.08,0,7,B,,
2021/22,Liga Portugal,Vitinha,SC Braga,22,CF,65,78.41,83.33,96.67,44.17,76.67,78.75,0,3,A,,
2021/22,Liga Portugal,Abel Ruiz,SC Braga,22,CF,16.67,79.12,53.81,82.22,59.58,14.72,45.83,0,17,C,,
2021/22,Liga Portugal,R. Dadashov,Tondela,23,CF,19.58,47.91,43.81,61.11,57.5,64.72,70.83,0,14,C,,
2021/22,Liga Portugal,K. Fujimoto,Gil Vicente,23,CF,8.75,60.22,45.95,70,95.83,78.89,64.17,0,12,C,,
2021/22,Liga Portugal,D. Núñez,Benfica,23,CF,96.67,85.62,97.62,99.99,70,54.17,92.5,0,1,S,85000000,
2021/22,Liga Portugal,Fran Navarro,Gil Vicente,24,CF,79.58,27.92,42.14,16.11,33.75,24.17,22.08,0,26,E,,
2021/22,Liga Portugal,P. Musa,Boavista,24,CF,55.83,55.79,48.1,30,49.58,47.5,41.67,0,18,D,5500000,4250000
2021/22,Liga Portugal,O. Estupiñán,Vitória SC,25,CF,88.33,25.18,48.57,20.56,18.75,46.11,33.75,0,23,D,,
2021/22,Liga Portugal,André Silva,Arouca,25,CF,40.42,60.73,64.05,77.22,75,53.61,59.17,0,9,B,4250000,
2021/22,Liga Portugal,Bruno Duarte,Vitória SC,26,CF,84.17,67.11,62.38,50.56,55.42,37.5,38.75,0,11,C,,
2021/22,Liga Portugal,A. Alipour,Marítimo,26,CF,47.92,24.07,39.76,39.44,21.67,58.61,67.92,0,22,D,,
2021/22,Liga Portugal,Daniel Dos Anjos,Tondela,26,CF,19.17,36.24,26.67,32.22,42.5,30.56,29.17,0,28,E,,
2021/22,Liga Portugal,Rui Costa,Santa Clara,26,CF,24.17,65.54,51.43,70,60.83,31.11,53.33,0,16,C,,
2021/22,Liga Portugal,S. Banza,Famalicão,26,CF,75.83,39.62,57.14,46.11,31.25,70,60.42,0,13,C,,
2021/22,Liga Portugal,Guilherme Schettine,Vizela,26,CF,62.08,44.62,72.14,80,79.17,52.5,64.58,0,5,B,,
2021/22,Liga Portugal,R. Yaremchuk,Benfica,26,CF,72.92,92.96,77.62,77.78,46.67,45,78.75,0,4,B,17000000,
2021/22,Liga Portugal,Denílson,Paços de Ferreira,27,CF,34.17,43.74,42.14,54.44,46.67,21.11,44.58,0,24,D,,
2021/22,Liga Portugal,Alisson Safira,CF Os Belenenses,27,CF,41.67,42.96,34.76,40.56,39.17,72.5,39.58,0,20,D,,
2021/22,Liga Portugal,Y. Njie,Boavista,28,CF,30.83,39.02,43.1,65.56,70.83,51.67,57.5,0,15,C,,
2021/22,Liga Portugal,J. Tagueu,Marítimo,28,CF,66.25,18.51,44.52,37.78,44.17,58.61,34.17,0,19,D,,
2021/22,Liga Portugal,André Luis,Moreirense,28,CF,47.5,46.29,38.81,30,55.83,47.78,46.67,0,21,D,,
2021/22,Liga Portugal,Paulinho,Sporting CP,29,CF,68.75,71.07,61.19,47.78,78.33,66.11,58.33,0,6,B,,
2021/22,Liga Portugal,M. Taremi,Porto,30,CF,91.67,97.41,87.14,74.44,75,70.83,80,0,2,S,,
2021/22,Liga Portugal,Fabricio,Portimonense,32,CF,3.33,37.4,12.14,16.67,24.17,38.33,43.33,0,30,F,,
2021/22,Liga Portugal,Rui Fonte,Estoril,32,CF,31.67,33.69,16.9,17.22,36.67,74.17,40.83,0,27,E,,
2021/22,Liga Portugal,Abel Camará,CF Os Belenenses,32,CF,36.25,24.07,37.38,38.89,35.83,54.17,25,0,25,E,,
2021/22,Liga Portugal,Cassiano,Vizela,33,CF,50.83,55.18,62.14,72.78,25.42,75.83,62.5,0,10,C,,
2021/22,Liga Portugal,Rafael Martins,Moreirense,33,CF,31.67,24.07,22.14,7.78,37.08,24.44,15,0,29,F,,
2021/22,Liga Portugal,Luiz Júnior,Famalicão,21,GK,0,0,0,0,0,0,0,47.92,13,C,,
2021/22,Liga Portugal,Diogo Costa,Porto,22,GK,0,0,0,0,0,0,0,61.67,6,A,,
2021/22,Liga Portugal,Daniel Figueira,Estoril,24,GK,0,0,0,0,0,0,0,64.17,3,A,,
2021/22,Liga Portugal,Ž. Frelih,Gil Vicente,24,GK,0,0,0,0,0,0,0,42.5,16,C,,
2021/22,Liga Portugal,Pedro Silva,Vizela,25,GK,0,0,0,0,0,0,0,28.33,19,E,,
2021/22,Liga Portugal,Luiz Felipe,CF Os Belenenses,25,GK,0,0,0,0,0,0,0,55,10,B,,
2021/22,Liga Portugal,André Ferreira,Paços de Ferreira,26,GK,0,0,0,0,0,0,0,62.08,5,A,,
2021/22,Liga Portugal,Bruno Varela,Vitória SC,27,GK,0,0,0,0,0,0,0,57.5,9,B,,
2021/22,Liga Portugal,Kewin,Moreirense,27,GK,0,0,0,0,0,0,0,64.17,4,A,,
2021/22,Liga Portugal,Charles,Vizela,28,GK,0,0,0,0,0,0,0,35.83,17,D,,
2021/22,Liga Portugal,O. Vlachodimos,Benfica,28,GK,0,0,0,0,0,0,0,61.67,7,A,,
2021/22,Liga Portugal,Samuel Portugal,Portimonense,28,GK,0,0,0,0,0,0,0,70.83,2,S,,
2021/22,Liga Portugal,Mateus Pasinato,Moreirense,30,GK,0,0,0,0,0,0,0,20.83,20,F,,
2021/22,Liga Portugal,Victor Braga,Arouca,30,GK,0,0,0,0,0,0,0,50,12,C,,
2021/22,Liga Portugal,Matheus,SC Braga,30,GK,0,0,0,0,0,0,0,74.17,1,S,,
2021/22,Liga Portugal,Pedro Trigueira,Tondela,34,GK,0,0,0,0,0,0,0,47.5,14,C,,
2021/22,Liga Portugal,Antonio Adán,Sporting CP,35,GK,0,0,0,0,0,0,0,50.83,11,C,,
2021/22,Liga Portugal,Marco Pereira,Santa Clara,35,GK,0,0,0,0,0,0,0,31.25,18,E,,
2021/22,Liga Portugal,Paulo Victor,Marítimo,35,GK,0,0,0,0,0,0,0,61.25,8,A,,
2021/22,Liga Portugal,Rafael Bracali,Boavista,41,GK,0,0,0,0,0,0,0,45.83,15,C,,
2021/22,Liga 2,Tomás Araújo,Benfica B,20,CB,55.16,76.45,51.47,47.09,79.76,34.79,49.4,0,27,C,,
2021/22,Liga 2,Gabriel Pereira,AVS (Vilafranquense),22,CB,20.44,78.16,43.99,55.03,48.02,62.3,47.02,0,28,C,,
2021/22,Liga 2,João Marcelo,Porto B,22,CB,75.99,42.29,55.44,50,60.32,76.98,69.64,0,8,B,,
2021/22,Liga 2,Anthony Correia,Estrela Amadora,22,CB,25.6,53.75,41.5,61.11,66.07,34.92,43.45,0,42,D,,
2021/22,Liga 2,Pedro Álvaro,Benfica B,22,CB,37.3,31.83,58.05,85.98,79.37,58.47,62.3,0,13,B,,
2021/22,Liga 2,João Pinto,Feirense,22,CB,17.46,56.41,40.25,58.2,80.75,28.17,34.92,0,50,E,,
2021/22,Liga 2,Gonçalo Loureiro,Penafiel,22,CB,37.9,44.53,52.27,58.99,30.16,68.25,61.51,0,23,C,,
2021/22,Liga 2,Romain Correia,Porto B,22,CB,13.69,44.53,27.32,33.07,77.98,26.06,24.01,0,62,F,,
2021/22,Liga 2,Miguel Nóbrega,Benfica B,22,CB,71.03,62.52,64.97,67.99,58.33,57.14,39.88,0,16,C,,
2021/22,Liga 2,Pedro Justiniano,Académica,22,CB,36.11,74.43,44.9,32.28,41.47,26.72,39.48,0,54,E,,
2021/22,Liga 2,Pedro Ganchas,Benfica B,22,CB,62.5,52.47,61.34,56.88,67.26,49.87,55.36,0,19,C,,
2021/22,Liga 2,Cláudio Silva,Feirense,22,CB,20.04,44.53,52.95,84.39,52.58,40.74,54.96,0,34,D,,
2021/22,Liga 2,Alexsandro,Chaves,23,CB,69.64,31.83,52.27,48.41,55.56,47.75,69.05,0,25,C,2000000,
2021/22,Liga 2,B. Onyemaechi,Feirense,23,CB,73.21,75.65,80.84,90.48,46.23,67.72,81.75,0,3,A,1000000,
2021/22,Liga 2,K. John,Casa Pia AC,23,CB,32.74,44.53,43.31,44.97,21.43,44.71,50.6,0,52,E,,
2021/22,Liga 2,Pedro Amaral,Rio Ave,24,CB,22.02,97.99,65.53,97.09,92.46,12.96,50.2,0,24,C,,
2021/22,Liga 2,Simão Martins,Trofense,24,CB,51.59,58.82,61.34,71.96,32.94,27.12,46.03,0,45,E,,
2021/22,Liga 2,André Duarte,Estrela Amadora,24,CB,61.11,31.83,53.29,60.58,47.62,32.94,49.4,0,41,D,,
2021/22,Liga 2,A. Mutsinzi,Trofense,24,CB,36.51,31.83,39.91,44.71,28.37,68.65,39.48,0,39,D,,
2021/22,Liga 2,R. Pantalon,Rio Ave,24,CB,36.71,69.4,58.16,63.76,46.83,28.44,38.89,0,46,E,,
2021/22,Liga 2,Leandro Teixeira,Penafiel,24,CB,72.82,44.95,46.83,21.96,32.34,44.05,31.35,0,51,E,,
2021/22,Liga 2,Easah Suliman,Nacional,24,CB,17.06,31.83,25.06,35.98,41.47,54.23,47.82,0,53,E,,
2021/22,Liga 2,Caio Marcelo,Trofense,24,CB,17.46,31.83,22.22,28.84,12.1,53.84,47.62,0,61,F,,
2021/22,Liga 2,Léo Bolgado,Leixões,24,CB,87.5,44.53,52.95,10.85,27.98,76.72,45.63,0,22,C,,
2021/22,Liga 2,Zé Pedro,Porto B,25,CB,58.93,44.53,60.77,65.08,67.06,57.54,60.71,0,14,B,,
2021/22,Liga 2,Sidney Lima,Feirense,25,CB,32.34,63.79,55.56,85.98,67.06,69.18,70.04,0,7,B,,
2021/22,Liga 2,Pedro Pacheco,Mafra,25,CB,52.18,44.53,62.13,71.43,70.83,46.16,52.78,0,20,C,,
2021/22,Liga 2,Michael Douglas,Académica,26,CB,45.24,44.53,48.98,41.53,45.24,47.09,54.76,0,37,D,,
2021/22,Liga 2,Héliton,Sporting Covilhã,26,CB,87.1,54.99,59.98,25.66,38.1,67.06,56.75,0,17,C,,
2021/22,Liga 2,Abner,Farense,26,CB,16.27,73.94,59.98,93.12,51.79,40.87,59.13,0,26,C,,
2021/22,Liga 2,Pedro Barcelos,Mafra,26,CB,52.38,73.33,47.51,50.26,40.28,60.98,46.43,0,21,C,,
2021/22,Liga 2,Inácio Miguel,Mafra,26,CB,42.26,63.79,55.1,59.79,47.82,41.93,55.16,0,30,D,,
2021/22,Liga 2,N. Ćalasan,Leixões,26,CB,15.28,31.83,17.23,20.11,37.5,58.6,40.67,0,56,F,,
2021/22,Liga 2,Eduardo Mancha,Farense,26,CB,50.6,31.83,46.83,42.06,41.47,48.54,38.49,0,48,E,,
2021/22,Liga 2,Nuno Tomás,Académico de Viseu F.C.,26,CB,29.17,50.29,40.02,42.06,44.25,51.98,44.05,0,43,D,,
2021/22,Liga 2,Gustavo França,Leixões,26,CB,54.37,31.83,35.37,10.32,24.8,50,31.75,0,57,F,,
2021/22,Liga 2,Silvério,Penafiel,26,CB,22.82,43.71,24.72,27.51,27.98,46.56,40.28,0,59,F,,
2021/22,Liga 2,Hugo Gomes,Rio Ave,27,CB,93.65,37.25,80.16,80.95,62.7,28.04,65.08,0,18,C,,
2021/22,Liga 2,André Almeida,Sporting Covilhã,27,CB,51.59,31.83,33.11,17.2,36.31,70.24,45.63,0,38,D,,
2021/22,Liga 2,Prince Mendy,AVS (Vilafranquense),27,CB,41.67,31.83,43.2,62.96,12.9,53.84,63.69,0,40,D,,
2021/22,Liga 2,Júlio César,Nacional,27,CB,87.9,44.53,77.1,66.14,59.13,67.2,83.53,0,4,A,,
2021/22,Liga 2,Pedro Monteiro,Académico de Viseu F.C.,28,CB,39.88,31.83,39.8,39.95,69.64,60.71,36.11,0,33,D,,
2021/22,Liga 2,Róbson,Farense,28,CB,66.27,41.05,33.67,14.02,38.29,69.31,48.41,0,32,D,,
2021/22,Liga 2,C. Nduwarugira,Leixões,28,CB,39.09,44.53,55.44,64.81,64.68,25.4,39.09,0,49,E,,
2021/22,Liga 2,Z. Muscat,Casa Pia AC,28,CB,76.79,69.4,80.27,86.24,65.28,42.2,63.49,0,9,B,,
2021/22,Liga 2,Cássio Scheid,Varzim,28,CB,68.65,31.83,62.93,62.43,56.75,72.35,64.68,0,10,B,0,
2021/22,Liga 2,Cláudio Falcão,Farense,28,CB,59.33,31.83,47.39,39.15,69.05,54.76,32.94,0,31,D,,
2021/22,Liga 2,Marcos Valente,AVS (Vilafranquense),28,CB,39.88,42.29,26.08,29.63,20.83,43.92,37.1,0,60,F,,
2021/22,Liga 2,N. Zolotić,Casa Pia AC,29,CB,22.02,74.69,57.03,80.69,78.57,64.15,72.82,0,6,A,,
2021/22,Liga 2,Rafael Vieira,Nacional,30,CB,79.76,73.07,74.6,69.58,78.37,71.16,67.46,0,2,S,,
2021/22,Liga 2,Rui Correia,Nacional,31,CB,72.42,57.29,74.04,86.51,78.57,59.79,61.71,0,5,A,,
2021/22,Liga 2,Lucas Tagliapietra,Penafiel,31,CB,67.46,83.11,48.3,17.46,30.56,90.87,55.56,0,11,B,,
2021/22,Liga 2,André Micael,Varzim,33,CB,64.88,44.53,54.76,41.53,26.98,40.74,51.59,0,44,D,0,
2021/22,Liga 2,Aderllan Santos,Rio Ave,33,CB,79.17,31.83,67.8,63.76,67.66,49.21,63.1,0,15,C,,
2021/22,Liga 2,Ícaro Silva,Feirense,33,CB,84.72,52.47,63.04,34.39,52.18,73.15,52.38,0,12,B,,
2021/22,Liga 2,João Paulo,Trofense,33,CB,68.85,31.83,37.07,9.26,9.72,48.81,38.49,0,58,F,,
2021/22,Liga 2,Ricardo Machado,Académico de Viseu F.C.,33,CB,47.62,57.52,19.39,7.14,42.26,44.44,33.73,0,55,F,,
2021/22,Liga 2,Bura,Mafra,33,CB,71.43,69.13,83.9,88.62,82.54,65.21,83.73,0,1,S,,
2021/22,Liga 2,Jaime Simões,Sporting Covilhã,33,CB,67.86,52.47,40.7,9.26,33.53,30.69,17.46,0,63,F,,
2021/22,Liga 2,Nuno Coelho,Chaves,34,CB,49.8,77.19,48.3,49.21,39.09,42.72,45.44,0,36,D,,
2021/22,Liga 2,Vasco Fernandes,Casa Pia AC,35,CB,50.4,56.7,44.67,38.89,55.36,51.06,38.1,0,35,D,,
2021/22,Liga 2,Luís Rocha,Chaves,36,CB,60.52,31.83,51.7,60.05,50.99,27.38,52.58,0,47,E,,
2021/22,Liga 2,Zé Castro,Académica,39,CB,37.9,58.23,45.24,34.66,86.51,42.59,55.36,0,29,C,,
2021/22,Liga 2,Rodrigo Pinheiro,Porto B,19,FB & WB,34.53,39.53,49.03,67.8,41.95,53.67,77.97,0,22,C,,
2021/22,Liga 2,Filipe Cruz,Benfica B,20,FB & WB,62.92,51.59,48.91,33.9,66.31,53.95,43.22,0,32,C,,
2021/22,Liga 2,Rodrigo Rêgo,Varzim,20,FB & WB,68.01,14.87,29.78,8.76,57.84,66.1,33.47,0,48,E,,
2021/22,Liga 2,Tomás Esteves,Porto B,20,FB & WB,34.75,46.66,46.61,64.41,57.2,53.25,69.49,0,20,C,1100000,
2021/22,Liga 2,Fabinho Baptista,Benfica B,21,FB & WB,63.35,30.74,41.89,33.62,17.16,72.32,49.36,0,45,D,,
2021/22,Liga 2,Léo Borges,Porto B,21,FB & WB,35.17,89.61,57.38,65.25,66.53,59.6,67.8,0,5,A,,
2021/22,Liga 2,Sandro Cruz,Benfica B,21,FB & WB,33.9,52.3,35.84,40.4,65.89,74.01,48.73,0,26,C,,
2021/22,Liga 2,João Mendes,Porto B,22,FB & WB,31.36,60.3,37.29,36.72,65.89,68.22,44.92,0,33,C,,
2021/22,Liga 2,Pastor,Leixões,22,FB & WB,56.99,42.92,50.36,64.97,38.56,40.68,57.42,0,35,C,,
2021/22,Liga 2,Leonardo Lelo,Casa Pia AC,22,FB & WB,80.72,47.22,49.52,20.06,50.42,41.24,29.03,0,47,E,,
2021/22,Liga 2,Lucas Barros,Sporting Covilhã,22,FB & WB,22.46,47.07,44.67,57.63,27.33,71.33,71.61,0,30,C,,
2021/22,Liga 2,Keffel,Trofense,22,FB & WB,34.11,54.16,40.8,41.24,23.94,26.69,36.02,0,59,F,,
2021/22,Liga 2,Daniel Liberal,Trofense,22,FB & WB,36.86,57.24,35.96,22.88,16.31,51.41,38.35,0,56,F,,
2021/22,Liga 2,Costinha,Rio Ave,22,FB & WB,86.65,55.55,74.33,63.28,64.83,82.06,57.42,0,1,S,,
2021/22,Liga 2,Zé Ricardo,Feirense,23,FB & WB,76.48,50.6,55.33,38.14,31.36,31.78,20.13,0,49,E,,
2021/22,Liga 2,Tomás Domingos,Mafra,23,FB & WB,52.12,49.2,54.84,57.91,51.91,43.22,61.65,0,25,C,,
2021/22,Liga 2,Fábio Vianna,Académica,23,FB & WB,31.36,60.92,40.44,35.88,79.24,53.39,43.64,0,36,C,,
2021/22,Liga 2,João Oliveira,Feirense,23,FB & WB,50,71.37,57.38,49.15,55.51,59.46,60.81,0,11,B,,
2021/22,Liga 2,Vítinha,Penafiel,23,FB & WB,53.6,43.22,27.97,20.9,41.53,61.58,26.06,0,51,E,,
2021/22,Liga 2,Diga Almeida,Feirense,24,FB & WB,52.97,49.05,43.22,26.55,34.32,45.06,30.93,0,52,E,,
2021/22,Liga 2,Lucas Soares,Casa Pia AC,24,FB & WB,87.29,50.18,74.58,52.26,36.86,27.4,43.43,0,34,C,,
2021/22,Liga 2,Bruno Langa,Chaves,24,FB & WB,32.2,24.19,46,70.62,81.36,52.54,85.17,0,9,B,,
2021/22,Liga 2,F. Cann,Mafra,24,FB & WB,89.41,62.33,84.99,75.71,52.12,6.36,45.76,0,18,C,,
2021/22,Liga 2,Tiago Dias,Feirense,24,FB & WB,55.08,72.5,83.9,99.44,54.45,27.4,75,0,4,A,,
2021/22,Liga 2,M. Mayambela,Farense,25,FB & WB,93.86,46.12,87.77,92.66,49.79,20.06,59.96,0,7,A,,
2021/22,Liga 2,João Correia,Chaves,25,FB & WB,77.75,57.53,78.09,76.84,59.11,64.41,70.34,0,2,S,,
2021/22,Liga 2,David Sualehe,Académica,25,FB & WB,35.59,30.41,47.46,57.63,32.84,46.05,56.99,0,46,D,,
2021/22,Liga 2,Igor Milioransa,Académico de Viseu F.C.,25,FB & WB,25,15.44,27,38.98,71.4,76.41,61.44,0,39,C,,
2021/22,Liga 2,Eric Veiga,AVS (Vilafranquense),25,FB & WB,30.51,71.37,46.49,48.02,39.19,61.86,37.71,0,41,D,,
2021/22,Liga 2,Witi,Nacional,25,FB & WB,59.32,51.31,79.06,90.96,38.35,18.5,47.67,0,23,C,,
2021/22,Liga 2,Sérgio Conceição,Estrela Amadora,25,FB & WB,76.48,67.15,77.85,80.79,36.44,25.14,58.69,0,12,B,,
2021/22,Liga 2,Tiago André,Trofense,25,FB & WB,55.93,68.54,63.32,54.24,28.39,46.05,51.69,0,31,C,,
2021/22,Liga 2,M. Seck,Leixões,26,FB & WB,55.3,53.01,69.73,88.14,37.5,35.59,66.1,0,13,B,,
2021/22,Liga 2,Miguel Bandarra,Farense,26,FB & WB,65.04,55.71,56.42,43.5,94.07,51.98,52.97,0,8,B,,
2021/22,Liga 2,José Gomes,Nacional,26,FB & WB,74.79,32.89,63.8,78.53,27.75,39.83,51.91,0,27,C,,
2021/22,Liga 2,Gabrielzinho,Rio Ave,26,FB & WB,93.64,55.55,79.78,71.19,19.7,12.57,57.42,0,29,C,,
2021/22,Liga 2,Tito Júnior,Trofense,27,FB & WB,26.69,60.92,26.39,17.51,32.2,59.89,31.14,0,55,F,,
2021/22,Liga 2,Simãozinho,Penafiel,27,FB & WB,43.86,25.32,58.11,76.55,66.31,49.58,58.26,0,17,C,,
2021/22,Liga 2,Léo Bahia,AVS (Vilafranquense),27,FB & WB,54.87,80.48,61.26,66.67,54.87,69.07,74.15,0,3,A,,
2021/22,Liga 2,Leandro Silva,Varzim,27,FB & WB,30.51,39.16,50.85,63.56,59.53,59.18,45.97,0,28,C,0,
2021/22,Liga 2,Jean Felipe,Sporting Covilhã,28,FB & WB,40.68,82.79,36.68,9.04,57.2,24.29,19.28,0,58,F,,
2021/22,Liga 2,David Santos,Sporting Covilhã,28,FB & WB,26.06,58.68,33.29,39.27,58.47,89.41,68.86,0,16,B,,
2021/22,Liga 2,Rúben Freitas,Nacional,29,FB & WB,18.22,39.42,27,46.61,63.77,28.81,32.84,0,54,F,,
2021/22,Liga 2,Afonso Figueiredo,Estrela Amadora,29,FB & WB,20.76,37.19,31.11,46.89,73.09,70.48,70.76,0,24,C,,
2021/22,Liga 2,Nuno Campos,Chaves,29,FB & WB,23.52,75.15,44.07,65.82,66.95,57.06,67.16,0,10,B,,
2021/22,Liga 2,João Reis,Varzim,30,FB & WB,47.67,28.99,44.31,39.27,71.4,78.11,48.52,0,21,C,0,
2021/22,Liga 2,Edson Farias,Penafiel,30,FB & WB,93.86,46.12,78.69,76.27,32.2,50.28,70.55,0,6,A,,
2021/22,Liga 2,João Amorim,Leixões,30,FB & WB,67.8,65.69,50.73,46.61,50.85,38.56,39.83,0,38,C,,
2021/22,Liga 2,Ruca,Penafiel,31,FB & WB,44.49,36.89,50.48,62.71,81.78,51.27,61.44,0,15,B,,
2021/22,Liga 2,Gui Ferreira,Mafra,31,FB & WB,78.18,60.95,51.69,22.03,60.38,50.42,25.42,0,42,D,,
2021/22,Liga 2,Tiago Mesquita,Académico de Viseu F.C.,31,FB & WB,30.51,16.85,29.66,36.44,61.44,49.44,46.4,0,50,E,,
2021/22,Liga 2,Vítor Bruno,Académico de Viseu F.C.,32,FB & WB,68.43,72.51,54.84,33.33,42.8,41.95,32.42,0,43,D,,
2021/22,Liga 2,Mike Moura,AVS (Vilafranquense),32,FB & WB,75.64,63.82,48.67,17.51,39.41,72.03,28.81,0,40,D,,
2021/22,Liga 2,E. Machado,AVS (Vilafranquense),32,FB & WB,30.08,66.44,32.08,31.07,57.2,53.95,47.03,0,44,D,,
2021/22,Liga 2,Luisinho,Académico de Viseu F.C.,32,FB & WB,58.69,54.12,78.21,89.83,41.31,25.56,61.02,0,14,B,,
2021/22,Liga 2,Tiago Moreira,Sporting Covilhã,34,FB & WB,17.37,28.76,19.01,27.4,50.21,70.9,39.41,0,53,E,,
2021/22,Liga 2,João Diogo,Académica,34,FB & WB,20.97,33.23,13.92,12.43,54.03,70.76,26.27,0,57,F,,
2021/22,Liga 2,Baiano,Nacional,35,FB & WB,33.26,40.63,35.96,43.79,66.95,61.02,51.48,0,37,C,,
2021/22,Liga 2,João Pedro,Académica,36,FB & WB,42.37,57.55,55.21,60.45,44.28,56.78,62.71,0,19,C,,
2021/22,Liga 2,C. Ndour,Benfica B,18,MF,69.96,51.77,58.29,45.16,26.21,40.46,35.89,0,44,D,,
2021/22,Liga 2,Martim Neto,Benfica B,19,MF,88.51,74.78,86.41,83.87,37.7,38.98,77.62,0,5,A,,
2021/22,Liga 2,Rafael Brito,Benfica B,20,MF,17.94,45.75,26.61,31.45,64.31,79.84,55.04,0,34,C,,
2021/22,Liga 2,Bernardo Folha,Porto B,20,MF,76.41,62.47,83.41,82.8,60.48,38.71,53.23,0,6,A,,
2021/22,Liga 2,R. Teague,Sporting Covilhã,20,MF,19.56,41.39,32.49,51.88,49.8,59.27,66.73,0,40,C,,
2021/22,Liga 2,Beni,Trofense,20,MF,25.81,48.02,43.09,63.44,42.74,51.88,67.14,0,36,C,,
2021/22,Liga 2,Zé Carlos,Varzim,20,MF,53.83,43.54,55.18,55.91,64.11,63.71,44.56,0,21,B,700000,
2021/22,Liga 2,M. Ndiaye,Porto B,21,MF,69.56,30.99,41.59,27.96,53.63,70.16,64.92,0,32,C,,
2021/22,Liga 2,Hélder Morim,Leixões,21,MF,63.1,79.34,65.44,58.87,58.06,63.84,45.36,0,11,A,200000,
2021/22,Liga 2,Rodrigo Fernandes,Porto B,21,MF,20.77,40.58,26.15,19.35,57.86,40.05,28.23,0,58,E,,
2021/22,Liga 2,B. Traoré,Leixões,22,MF,76.41,41.66,47.24,29.3,36.69,69.62,43.15,0,37,C,,
2021/22,Liga 2,Matheus Índio,Trofense,22,MF,26.41,28.53,33.64,45.43,30.65,42.74,51.41,0,52,E,,
2021/22,Liga 2,I. Dioh,AVS (Vilafranquense),23,MF,49.4,32.2,36.75,41.13,36.69,25.67,39.72,0,56,E,,
2021/22,Liga 2,Zidane Banjaqui,Casa Pia AC,23,MF,53.83,29.29,69.7,88.17,28.63,30.65,78.23,0,33,C,,
2021/22,Liga 2,V. Danilović,Nacional,23,MF,57.06,44.55,58.87,71.51,60.08,85.75,75.4,0,3,S,,
2021/22,Liga 2,Diogo Pinto,Estrela Amadora,23,MF,99.19,56.36,79.26,63.44,34.68,25.54,48.79,0,26,C,,
2021/22,Liga 2,Mimito Biai,Académica,24,MF,17.54,52.95,40.21,56.45,56.25,28.9,69.76,0,43,D,,
2021/22,Liga 2,G. Romano,Estrela Amadora,24,MF,32.46,73.13,42.63,51.08,68.15,22.98,42.74,0,41,C,,
2021/22,Liga 2,João Paulo,Feirense,24,MF,71.37,86.25,84.79,87.63,7.26,59.54,71.77,0,9,A,,
2021/22,Liga 2,Bruno Paz,Farense,24,MF,76.01,64.78,72.47,68.28,50,24.19,57.66,0,24,B,,
2021/22,Liga 2,Vitó,Casa Pia AC,24,MF,24.4,79.99,47.24,58.06,59.68,53.63,46.37,0,27,C,,
2021/22,Liga 2,I. Alhassan,Nacional,25,MF,64.52,48.38,37.67,10.22,60.48,75.4,35.08,0,35,C,,
2021/22,Liga 2,Guga,Rio Ave,25,MF,60.89,96.41,80.18,92.47,77.82,32.26,68.35,0,1,S,,
2021/22,Liga 2,Kevin Lenini,Chaves,25,MF,58.67,27.34,35.71,30.38,65.73,79.03,57.46,0,28,C,1200000,
2021/22,Liga 2,Samuel Teles,Feirense,25,MF,87.3,50.91,82.95,88.98,37.5,56.05,68.35,0,4,A,,
2021/22,Liga 2,Léo Cordeiro,AVS (Vilafranquense),26,MF,64.11,63.7,74.42,83.6,59.48,37.5,54.64,0,12,A,,
2021/22,Liga 2,Jorge Vilela,Sporting Covilhã,26,MF,42.14,30.51,25.35,9.14,34.48,67.47,32.26,0,57,E,,
2021/22,Liga 2,Aloísio,Estrela Amadora,26,MF,32.86,24.45,28.11,23.92,57.46,84.54,43.35,0,42,C,,
2021/22,Liga 2,Pedro Aparício,Mafra,26,MF,60.28,40.58,75.46,81.72,82.66,26.61,66.94,0,8,A,,
2021/22,Liga 2,Neneco,Académico de Viseu F.C.,27,MF,37.5,42.41,28.11,17.74,12.1,78.09,39.52,0,53,E,,
2021/22,Liga 2,M. Traoré,Estrela Amadora,27,MF,35.28,28.17,24.08,15.32,20.77,75.27,51.21,0,54,E,,
2021/22,Liga 2,Francisco Ramos,Nacional,27,MF,74.6,58.36,68.43,59.14,56.85,40.99,39.52,0,22,B,,
2021/22,Liga 2,Reko,Académica,27,MF,69.96,39.24,54.49,41.67,21.37,55.38,34.88,0,45,D,,
2021/22,Liga 2,Fabinho,Leixões,27,MF,89.92,84.08,85.37,78.23,67.34,33.33,45.77,0,2,S,,
2021/22,Liga 2,Leandrinho,Mafra,28,MF,19.56,24.45,16.36,14.25,65.32,25,28.23,0,62,F,,
2021/22,Liga 2,Zé Valente,Penafiel,28,MF,36.49,64.78,70.16,90.86,70.16,32.8,49.8,0,15,B,,
2021/22,Liga 2,L. Fall,Feirense,28,MF,53.43,65.06,49.42,55.38,88.71,47.04,54.44,0,14,B,,
2021/22,Liga 2,Jonatan Lucca,Farense,28,MF,45.16,33.33,47.12,43.01,48.39,34.01,40.52,0,51,D,,
2021/22,Liga 2,Jota,Nacional,29,MF,37.7,60.05,48.5,52.69,55.85,38.98,43.95,0,39,C,,
2021/22,Liga 2,Mica,Farense,29,MF,86.09,47.57,76.73,63.98,62.9,22.45,43.15,0,23,B,,
2021/22,Liga 2,Luís Silva,Varzim,29,MF,86.49,29.29,59.33,41.13,48.99,65.73,33.27,0,30,C,0,
2021/22,Liga 2,Bruno Silva,Mafra,29,MF,33.06,60.74,49.54,61.29,47.58,80.65,64.92,0,18,B,,
2021/22,Liga 2,A. Oudrhiri,Rio Ave,29,MF,33.47,69.95,54.49,68.55,58.06,30.38,62.7,0,31,C,,
2021/22,Liga 2,Neto,Casa Pia AC,30,MF,37.9,79.1,48.27,50.27,75.81,67.47,50.6,0,13,B,,
2021/22,Liga 2,João Amorim,Penafiel,30,MF,68.15,64.99,48.5,30.91,77.82,39.65,42.14,0,29,C,,
2021/22,Liga 2,Fabrício Isidoro,Farense,30,MF,84.68,36.82,79.49,84.41,57.46,45.83,61.09,0,7,A,,
2021/22,Liga 2,Pana,Académico de Viseu F.C.,30,MF,74.19,68.28,55.41,40.32,75.81,56.72,45.97,0,16,B,,
2021/22,Liga 2,Vítor Gonçalves,Nacional,30,MF,76.81,70.96,80.07,73.92,39.31,55.91,51.01,0,10,A,,
2021/22,Liga 2,A. Tembeng,Sporting Covilhã,30,MF,38.31,34.65,27.76,19.89,27.82,87.9,58.27,0,46,D,,
2021/22,Liga 2,Afonso Taira,Casa Pia AC,30,MF,21.77,63.65,48.85,74.73,75,41.26,50,0,25,B,,
2021/22,Liga 2,Ricardo Dias,Académica,31,MF,33.67,51.77,26.15,13.44,54.44,65.59,44.76,0,48,D,,
2021/22,Liga 2,Rafael Assis,Varzim,31,MF,16.33,24.45,21.89,31.45,34.27,70.16,34.27,0,55,E,0,
2021/22,Liga 2,N. Obiora,Chaves,31,MF,16.73,29.29,16.94,14.52,44.56,43.41,40.73,0,61,F,,
2021/22,Liga 2,Washington Santana,Feirense,33,MF,13.1,20.42,14.86,23.39,27.42,56.05,60.28,0,60,F,,
2021/22,Liga 2,Miguel Rosa,Estrela Amadora,33,MF,87.7,49.72,91.59,96.77,27.42,20.83,56.85,0,19,B,,
2021/22,Liga 2,Vasco Rocha,Trofense,33,MF,55.04,64.65,52.42,48.66,57.66,56.85,65.12,0,20,B,,
2021/22,Liga 2,Vítor Gomes,Rio Ave,34,MF,60.89,41.83,35.71,18.55,63.71,43.41,29.44,0,50,D,,
2021/22,Liga 2,Ericson,Académico de Viseu F.C.,34,MF,37.3,58.37,34.45,20.43,71.57,60.08,46.57,0,38,C,,
2021/22,Liga 2,David Caiado,Penafiel,35,MF,18.95,63.97,57.26,86.02,19.76,23.25,44.56,0,49,D,,
2021/22,Liga 2,Gilberto Silva,Sporting Covilhã,35,MF,17.14,43.18,26.96,42.2,33.87,68.28,65.73,0,47,D,,
2021/22,Liga 2,Capela,Penafiel,36,MF,72.18,43.27,58.64,59.14,58.06,58.06,60.89,0,17,B,,
2021/22,Liga 2,André Leão,Varzim,37,MF,20.16,42.51,21.31,16.13,44.56,54.17,19.76,0,59,F,0,
2021/22,Liga 2,Vasco Sousa,Porto B,19,AM & W,21.5,46.04,16.86,16.67,57.25,80.83,51,0,41,D,,
2021/22,Liga 2,Peglow,Porto B,20,AM & W,58.25,59.54,50.71,30.67,92,56.67,33.5,0,20,B,,
2021/22,Liga 2,Henrique Pereira,Benfica B,20,AM & W,75.25,79.85,73.57,77,46,23.17,55.25,0,8,A,,
2021/22,Liga 2,Úmaro Embaló,Benfica B,21,AM & W,58,80.81,71,69,50,36.33,61,0,9,A,,
2021/22,Liga 2,Costinha,Académica,21,AM & W,27.25,24.97,40,62.67,54.25,68.67,50.5,0,33,C,70000,
2021/22,Liga 2,Gonçalo Borges,Porto B,21,AM & W,70,69.56,90,99.67,35.5,13.5,54.25,0,7,A,,
2021/22,Liga 2,Tiago Gouveia,Benfica B,21,AM & W,91.5,64.3,63.14,37.33,49.25,57.83,44,0,15,B,,
2021/22,Liga 2,Madson,Estrela Amadora,22,AM & W,60.5,61.72,75,84.67,23,59.5,83.5,0,6,A,,
2021/22,Liga 2,Vasco Lopes,Farense,22,AM & W,35,53.87,62.43,78.67,50.5,43.17,59.5,0,17,B,,
2021/22,Liga 2,Elves Baldé,Farense,22,AM & W,67.75,83.97,87,91.33,44.75,30.83,58.5,0,3,S,,
2021/22,Liga 2,Leandro Sanca,Casa Pia AC,22,AM & W,47.5,58.54,55.29,71.33,31.25,57.17,53.5,0,24,B,,
2021/22,Liga 2,Madi Queta,Farense,23,AM & W,67.5,25.21,59,63.33,58.75,45.17,67.25,0,22,B,,
2021/22,Liga 2,M. Belkheir,AVS (Vilafranquense),23,AM & W,73,27.21,41.57,22.67,32.5,52.67,26.5,0,42,D,,
2021/22,Liga 2,Edi Semedo,Penafiel,23,AM & W,67,52.37,60.29,59.33,15.5,52.33,42.5,0,29,C,,
2021/22,Liga 2,Jota Silva,Casa Pia AC,23,AM & W,93,38.12,77.86,79.33,36.75,72.33,82.5,0,4,S,,
2021/22,Liga 2,Rodrigo Martins,Mafra,23,AM & W,47.25,68.37,77.57,90.33,45.25,23,68,0,11,A,,
2021/22,Liga 2,Rui Pedro,Penafiel,24,AM & W,47.75,20.54,27.57,14.67,45.25,53,45.5,0,46,E,,
2021/22,Liga 2,Vitor Gabriel,Mafra,24,AM & W,46.75,22.54,50,58,21,11,36.5,0,45,E,,
2021/22,Liga 2,Kiki Silva,Leixões,24,AM & W,54.25,60.54,60.57,66,23.25,54.5,62.75,0,21,B,,
2021/22,Liga 2,Batxi,Chaves,24,AM & W,72.25,77.31,62.43,59.33,50.25,40.5,55,0,14,A,1500000,
2021/22,Liga 2,Rui Gomes,Sporting Covilhã,24,AM & W,45.5,73.97,63,78,58,80.83,79.5,0,1,S,,
2021/22,Liga 2,J. Toro,Académica,25,AM & W,53,45.29,38.29,13,41.25,64.17,41.5,0,40,D,,
2021/22,Liga 2,Juninho,Chaves,25,AM & W,39.25,34.39,41,42.67,19,33.5,43.75,0,43,E,,
2021/22,Liga 2,Andrezinho,Mafra,25,AM & W,61.75,57.97,63,64.33,81,81.67,69.25,0,2,S,,
2021/22,Liga 2,Robinho,Penafiel,25,AM & W,3,44.28,25.29,44,58.25,90,61.5,0,34,C,,
2021/22,Liga 2,S. Godwin,Casa Pia AC,25,AM & W,89.5,39.79,88.29,93.33,32,27.67,59,0,10,A,,
2021/22,Liga 2,Yuri Araújo,Académico de Viseu F.C.,26,AM & W,8.5,41.59,33.86,53.33,62.5,64.5,68.25,0,32,C,,
2021/22,Liga 2,S. Fatai,Académica,26,AM & W,22.75,33.54,43.71,61.67,66.75,36.5,50.75,0,36,C,,
2021/22,Liga 2,A. Isaiah,Sporting Covilhã,26,AM & W,11.5,27.96,7.71,7.33,76.5,66,39.5,0,47,E,,
2021/22,Liga 2,J. Oliveira,Leixões,26,AM & W,69,54.59,66,58.67,57,44,35.5,0,18,B,,
2021/22,Liga 2,Murilo,Varzim,26,AM & W,40.75,41.13,53.43,60,32.5,35.83,31.75,0,37,C,0,
2021/22,Liga 2,Joca,Rio Ave,26,AM & W,45.25,37.56,48.71,61.67,69,62.33,65.25,0,19,B,,
2021/22,Liga 2,Thalis,Leixões,26,AM & W,46.25,52.87,39.43,33.33,66.25,61,60.75,0,28,C,,
2021/22,Liga 2,A. Sapara,Leixões,27,AM & W,77,45.52,49.29,37.33,64.25,56.83,46,0,26,B,,
2021/22,Liga 2,João Vasco,Académico de Viseu F.C.,27,AM & W,14.25,29.92,12.71,13,25,59,33.75,0,50,F,,
2021/22,Liga 2,João Mendes,Chaves,27,AM & W,59,62.31,44.57,24.33,85,42,30.25,0,30,C,,
2021/22,Liga 2,João Teixeira,Chaves,28,AM & W,46.25,81.23,40.14,29.33,92,63.33,47,0,16,B,,
2021/22,Liga 2,João Camacho,Nacional,28,AM & W,66.5,70.3,71.57,80.33,51,49.5,63,0,5,S,,
2021/22,Liga 2,Tavinho,Varzim,28,AM & W,37.75,59.04,55.57,58.67,30.25,76.83,55,0,23,B,0,
2021/22,Liga 2,Ença Fati,AVS (Vilafranquense),29,AM & W,69,47.29,52.57,40,62.5,31,50.5,0,31,C,,
2021/22,Liga 2,Adriano Castanheira,Chaves,29,AM & W,78.5,80.45,48.86,18.67,75.75,47.67,12.75,0,27,B,,
2021/22,Liga 2,Wellington Carvalho,Chaves,29,AM & W,85.5,22.54,59.29,52.67,11,51,60,0,35,C,,
2021/22,Liga 2,Nuno Valente,Varzim,30,AM & W,20.5,22.54,25.14,26,63,26.83,29.5,0,49,E,0,
2021/22,Liga 2,A. Issoko,Sporting Covilhã,30,AM & W,35.5,18.54,33.43,47.33,40.5,73.17,56.5,0,38,D,,
2021/22,Liga 2,André Claro,Académico de Viseu F.C.,31,AM & W,25,44.87,19.86,10.67,62.75,53.33,32.5,0,44,E,,
2021/22,Liga 2,Marco Matias,Nacional,33,AM & W,54,77.12,62.71,67,53,40,62.25,0,13,A,,
2021/22,Liga 2,João Traquina,Académica,33,AM & W,44,66.78,52.57,53.67,68.75,73.17,62.25,0,12,A,,
2021/22,Liga 2,Feliz Vaz,Penafiel,33,AM & W,54.75,54.3,48.57,47.33,84.75,43.33,35.5,0,25,B,,
2021/22,Liga 2,Diogo Salomão,Estrela Amadora,33,AM & W,41,56.8,33.57,26.33,54.75,47.5,37.25,0,39,D,,
2021/22,Liga 2,Zé Tiago,Varzim,34,AM & W,24.25,50.11,26,14,43.5,35.33,38.75,0,48,E,0,
2021/22,Liga 2,K. Vargas,Feirense,20,CF,49.32,39.43,62.93,71.17,46.96,37.16,50,0,17,C,1900000,
2021/22,Liga 2,Henrique Araújo,Benfica B,20,CF,93.24,71.27,64.09,28.38,55.07,47.75,46.28,0,8,C,,
2021/22,Liga 2,Famana Quizera,Académico de Viseu F.C.,20,CF,36.49,75.29,73.75,97.3,93.24,71.85,74.32,0,1,S,,
2021/22,Liga 2,D. Namaso,Porto B,21,CF,80.41,64.17,68.73,59.91,44.26,58.33,68.58,0,4,A,,
2021/22,Liga 2,Gustavo Furtado,Trofense,21,CF,25.68,50.67,46.14,74.77,71.28,74.32,64.86,0,11,C,,
2021/22,Liga 2,Diogo Almeida,Sporting Covilhã,21,CF,31.76,44.14,43.24,41.44,69.93,40.32,31.76,0,28,E,,
2021/22,Liga 2,Paulinho,Estrela Amadora,22,CF,47.64,44.14,40.54,21.62,39.86,37.16,33.78,0,35,F,,
2021/22,Liga 2,Wendel,Leixões,22,CF,45.27,65.61,54.63,61.26,58.78,37.61,51.01,0,18,C,,
2021/22,Liga 2,Felipe Dini,Sporting Covilhã,22,CF,10.81,28.37,36.68,80.18,61.49,81.53,75,0,19,D,,
2021/22,Liga 2,D. Nussbaumer,Académico de Viseu F.C.,22,CF,73.65,32.67,44.4,29.28,59.46,38.96,48.99,0,24,E,,
2021/22,Liga 2,Pedro Lucas,Mafra,23,CF,52.03,63.05,51.54,28.38,67.57,36.26,34.8,0,23,D,,
2021/22,Liga 2,E. Achouri,Trofense,23,CF,62.84,56.49,69.5,84.23,65.54,40.77,71.62,0,3,A,,
2021/22,Liga 2,A. Yakubu,Rio Ave,23,CF,75.68,33.85,67.57,72.97,28.72,25.45,55.41,0,13,C,,
2021/22,Liga 2,Leandro Tipote,Estrela Amadora,23,CF,35.14,67.56,66.22,87.39,21.62,47.75,63.85,0,10,C,,
2021/22,Liga 2,Pedro Mendes,Rio Ave,23,CF,69.26,39.36,50.77,24.77,72.3,71.17,57.09,0,15,C,,
2021/22,Liga 2,Bruno Almeida,Trofense,25,CF,37.84,80.83,71.43,88.29,75.68,34.91,52.03,0,6,B,,
2021/22,Liga 2,Pedro Henrique,Farense,25,CF,76.69,25.12,40.35,17.57,10.47,52.48,52.36,0,32,F,,
2021/22,Liga 2,P. Ayongo,Académico de Viseu F.C.,25,CF,22.3,39.36,54.25,88.29,68.24,56.53,64.86,0,12,C,,
2021/22,Liga 2,Ronaldo Tavares,Penafiel,25,CF,39.19,87.53,69.11,84.23,22.97,82.21,76.69,0,2,A,,
2021/22,Liga 2,S. Petkov,Feirense,27,CF,81.08,67.36,62.36,41.44,20.61,39.41,54.73,0,16,C,,
2021/22,Liga 2,João Carlos,Académica,27,CF,87.84,29.45,60.81,43.24,41.22,47.97,54.73,0,14,C,,
2021/22,Liga 2,B. Róchez,Nacional,27,CF,86.49,31.52,44.98,9.46,31.42,52.48,50.34,0,26,E,,
2021/22,Liga 2,Jô,Chaves,27,CF,48.99,45.04,38.42,24.77,20.27,61.04,51.01,0,31,E,,
2021/22,Liga 2,Cristian Ponde,Farense,27,CF,48.65,54.05,54.63,66.67,79.05,58.11,46.62,0,9,C,,
2021/22,Liga 2,Nuno Rodrigues,AVS (Vilafranquense),27,CF,20.27,19.36,39.58,75.68,84.12,63.74,54.05,0,21,D,,
2021/22,Liga 2,Patrick,Chaves,28,CF,38.51,86.1,48.26,33.33,54.05,55.41,50.34,0,20,D,,
2021/22,Liga 2,S. Okitokandjo,Mafra,28,CF,72.97,33.26,44.59,28.83,3.38,35.14,23.65,0,37,F,,
2021/22,Liga 2,Kukula,Sporting Covilhã,29,CF,44.59,52.18,42.28,50.45,37.16,44.82,54.73,0,25,E,,
2021/22,Liga 2,Agdon,Varzim,29,CF,16.89,30.17,37.45,59.91,50.68,50,42.23,0,33,F,0,
2021/22,Liga 2,Heliardo,Varzim,30,CF,52.03,50.89,52.32,40.99,46.96,16.44,26.01,0,29,E,0,
2021/22,Liga 2,João Vieira,Casa Pia AC,30,CF,47.3,66.11,31.47,18.92,25.34,47.52,37.5,0,36,F,,
2021/22,Liga 2,Platiny,Chaves,31,CF,49.32,38.28,37.26,33.33,46.96,44.59,37.5,0,34,F,,
2021/22,Liga 2,Zé Manuel,Rio Ave,31,CF,39.86,68.71,48.26,55.41,87.16,86.94,60.81,0,7,B,,
2021/22,Liga 2,C. Antoine,Casa Pia AC,31,CF,42.91,64.41,48.26,47.75,35.47,53.38,53.38,0,22,D,,
2021/22,Liga 2,Roberto,Penafiel,33,CF,71.28,32.62,42.66,13.96,44.26,53.15,25.34,0,30,E,,
2021/22,Liga 2,Fábio Espinho,Feirense,37,CF,30.41,83.92,53.47,85.59,95.95,57.66,66.55,0,5,B,,
2021/22,Liga 2,Nenê,AVS (Vilafranquense),39,CF,55.41,37.68,37.07,28.83,62.5,59.68,37.16,0,27,E,,
2021/22,Liga 2,Samuel Soares,Benfica B,20,GK,0,0,0,0,0,0,0,90.38,1,S,,
2021/22,Liga 2,D. Gril,Académico de Viseu F.C.,21,GK,0,0,0,0,0,0,0,59.94,8,C,,
2021/22,Liga 2,Gonçalo Tabuaço,Estrela Amadora,21,GK,0,0,0,0,0,0,0,44.87,16,D,,
2021/22,Liga 2,M. Svilar,Benfica B,22,GK,0,0,0,0,0,0,0,57.37,9,C,,
2021/22,Liga 2,Ricardo Silva,Porto B,23,GK,0,0,0,0,0,0,0,36.22,22,E,,
2021/22,Liga 2,Rogério Santos,Trofense,23,GK,0,0,0,0,0,0,0,61.22,7,C,,
2021/22,Liga 2,Renan,Mafra,24,GK,0,0,0,0,0,0,0,43.27,18,D,,
2021/22,Liga 2,Ricardo Velho,Farense,24,GK,0,0,0,0,0,0,0,50.64,12,C,,
2021/22,Liga 2,V. Stojkovic,Académica,25,GK,0,0,0,0,0,0,0,34.62,23,E,,
2021/22,Liga 2,Rodrigo Moura,Trofense,26,GK,0,0,0,0,0,0,0,49.68,13,C,,
2021/22,Liga 2,Miguel Santos,Mafra,27,GK,0,0,0,0,0,0,0,28.21,24,E,,
2021/22,Liga 2,Q. Beunardeau,Leixões,28,GK,0,0,0,0,0,0,0,43.59,17,D,,
2021/22,Liga 2,Léo Navacchio,Sporting Covilhã,29,GK,0,0,0,0,0,0,0,45.51,15,D,,
2021/22,Liga 2,Luís Ribeiro,AVS (Vilafranquense),30,GK,0,0,0,0,0,0,0,25.96,25,F,,
2021/22,Liga 2,Bruno Brígido,Feirense,31,GK,0,0,0,0,0,0,0,40.06,19,D,,
2021/22,Liga 2,Caio Secco,Penafiel,31,GK,0,0,0,0,0,0,0,49.36,14,C,,
2021/22,Liga 2,Mika,Académica,31,GK,0,0,0,0,0,0,0,20.51,26,F,,
2021/22,Liga 2,Jhonatan,Rio Ave,31,GK,0,0,0,0,0,0,0,80.13,2,A,,
2021/22,Liga 2,Paulo Vítor,Chaves,33,GK,0,0,0,0,0,0,0,68.59,5,B,,
2021/22,Liga 2,I. Stefanović,Leixões,34,GK,0,0,0,0,0,0,0,69.87,4,B,,
2021/22,Liga 2,Ricardo Batista,Casa Pia AC,35,GK,0,0,0,0,0,0,0,79.49,3,A,,
2021/22,Liga 2,Vágner,Nacional,36,GK,0,0,0,0,0,0,0,37.82,21,E,,
2021/22,Liga 2,António Filipe,Nacional,37,GK,0,0,0,0,0,0,0,57.37,10,C,,
2021/22,Liga 2,Rafael Defendi,Farense,38,GK,0,0,0,0,0,0,0,39.42,20,D,,
2021/22,Liga 2,Adriano Facchini,AVS (Vilafranquense),39,GK,0,0,0,0,0,0,0,53.85,11,C,,
2021/22,Liga 2,Ricardo Nunes,Varzim,40,GK,0,0,0,0,0,0,0,65.38,6,B,,
2021/22,Liga 3,Rafael Fernandes,Sporting CP B,19,CB,94.09,32.28,71.43,64.41,93.24,74.1,76.35,0,1,S,,
2021/22,Liga 3,Chico Lamba,Sporting CP B,19,CB,63.34,42.84,53.96,55.63,74.32,31.08,54.05,0,42,C,,
2021/22,Liga 3,M. Tounkara,Vitória SC B,20,CB,48.65,37.11,54.83,72.97,64.36,48.42,64.36,0,22,B,,
2021/22,Liga 3,Rui Correia,Vitória SC B,20,CB,29.56,62.46,57.14,83.78,65.88,41.44,59.8,0,25,C,,
2021/22,Liga 3,José Marsà,Sporting CP B,20,CB,36.99,48.74,67.57,98.2,59.12,36.04,71.28,0,20,B,,
2021/22,Liga 3,André Amaro,Vitória SC B,20,CB,52.36,32.28,46.33,63.51,69.93,58.22,52.53,0,21,B,,
2021/22,Liga 3,José Pedro,SC Braga B,20,CB,33.28,38.38,28.09,22.07,37.5,54.05,35.98,0,66,D,,
2021/22,Liga 3,Guilherme Soares,SC Braga B,21,CB,57.77,57.06,51.74,42.57,63.68,49.77,39.36,0,37,C,,
2021/22,Liga 3,Bruno Almeida,Vitória Setúbal,21,CB,44.26,66.29,61.2,66.89,31.08,72.18,54.22,0,13,B,,
2021/22,Liga 3,Clayton,Real SC,22,CB,19.26,32.28,21.33,25,56.42,66.44,44.93,0,52,D,,
2021/22,Liga 3,Pedro Farrim,Amora,22,CB,62.33,43.6,58.01,67.12,43.75,38.63,67.74,0,36,C,,
2021/22,Liga 3,Né Lopes,Felgueiras 1932,22,CB,71.45,64.47,66.12,58.33,48.31,42.45,70.61,0,17,B,,
2021/22,Liga 3,João Goulart,Sporting CP B,22,CB,67.57,43.32,53.38,44.37,46.45,60.47,35.3,0,38,C,,
2021/22,Liga 3,Samir Banjai,Oliveira Hospital,23,CB,35.47,58.18,51.45,47.75,16.22,54.39,31.42,0,59,D,,
2021/22,Liga 3,Simão Fernandes,UD Oliveirense,23,CB,31.76,38.82,41.99,56.53,43.58,54.5,33.28,0,53,D,,
2021/22,Liga 3,João Sidónio,Fafe,23,CB,42.23,38.67,52.61,67.34,52.7,57.09,73.31,0,18,B,,
2021/22,Liga 3,B. Zagrè,Fafe,23,CB,57.43,45.11,51.25,43.92,46.28,56.64,66.39,0,29,C,,
2021/22,Liga 3,Rony Fernandes,Amora,24,CB,42.23,43.32,56.56,65.54,73.31,58.67,71.28,0,10,B,,
2021/22,Liga 3,Diogo Abdul,Oliveira Hospital,24,CB,62.16,64.04,46.04,29.28,32.43,41.44,27.53,0,63,D,,
2021/22,Liga 3,Pedro Marques,Torreense,24,CB,36.32,32.28,56.56,84.46,53.04,49.21,66.22,0,30,C,,
2021/22,Liga 3,Edu Pinheiro,Sporting CP B,24,CB,68.92,50.07,68.05,62.61,55.24,38.96,35.3,0,41,C,,
2021/22,Liga 3,Diogo Branco,Oriental Dragon,24,CB,51.35,32.28,28.28,22.75,51.35,59.23,34.46,0,56,D,,
2021/22,Liga 3,Bruno Morais,Montalegre,24,CB,55.91,32.28,39.38,29.5,61.15,45.38,41.39,0,54,D,,
2021/22,Liga 3,Filipe Almeida,União de Leiria,24,CB,72.3,43.32,61.39,54.95,73.65,46.28,45.1,0,24,B,,
2021/22,Liga 3,Ronaldo Rodrigues,Alverca,24,CB,77.2,63.41,58.59,27.93,59.8,60.92,55.41,0,14,B,,
2021/22,Liga 3,Rodrigo Borges,SC Braga B,24,CB,27.7,73.36,44.5,50,80.57,56.19,61.32,0,15,B,,
2021/22,Liga 3,Luís Marcelino,Cova da Piedade,25,CB,24.32,32.28,29.15,36.49,31.93,61.37,44.26,0,62,D,,
2021/22,Liga 3,Miguel Campos,Anadia,25,CB,34.12,37.11,51.45,75.45,83.45,66.78,69.43,0,8,A,,
2021/22,Liga 3,Gonçalo Tavares,União Santarém,25,CB,24.32,71.92,65.35,95.05,45.27,28.15,65.54,0,39,C,,
2021/22,Liga 3,Mateus Raniel,UD Oliveirense,25,CB,76.35,53.9,72.39,68.69,25.51,67.45,83.28,0,6,A,,
2021/22,Liga 3,Tomazi,São João Ver,25,CB,43.58,55.5,57.92,60.14,30.41,45.05,62.33,0,44,C,,
2021/22,Liga 3,J. Bonilla,Oliveira Hospital,25,CB,88.34,53.9,79.83,68.92,54.9,33,58.78,0,19,B,,
2021/22,Liga 3,Benny,União de Leiria,26,CB,35.47,62.47,44.79,47.07,81.42,27.36,31.08,0,57,D,,
2021/22,Liga 3,P. Machado,Torreense,26,CB,49.49,43.32,27.22,13.06,44.59,46.4,37.84,0,65,D,,
2021/22,Liga 3,João Gomes,Cova da Piedade,26,CB,56.76,32.28,46.81,54.5,22.47,41.89,42.57,0,64,D,,
2021/22,Liga 3,Zé Oliveira,Fafe,26,CB,65.71,50.07,53.76,39.19,36.15,66.22,48.31,0,31,C,,
2021/22,Liga 3,Pedro Santos,São João Ver,26,CB,89.53,46.02,56.95,31.08,13.51,52.7,47.3,0,50,C,,
2021/22,Liga 3,Sandro Costa,Oriental Dragon,26,CB,41.39,52.82,35.52,32.43,60.47,64.3,26.35,0,48,C,,
2021/22,Liga 3,João Cunha,Felgueiras 1932,26,CB,53.21,44.2,49.61,54.73,68.75,29.73,64.53,0,45,C,,
2021/22,Liga 3,Nuno Moreira,União Santarém,26,CB,35.14,60.89,46.62,51.8,43.24,52.59,44.76,0,49,C,,
2021/22,Liga 3,Luan Sérgio,Montalegre,27,CB,30.24,56.61,55.98,80.18,69.93,36.71,66.89,0,28,C,,
2021/22,Liga 3,Emanuel,São João Ver,27,CB,20.61,44.2,30.31,44.14,35.47,24.32,36.32,0,73,E,,
2021/22,Liga 3,Yuran Fernandes,Torreense,27,CB,97.3,32.28,50.58,12.16,33.45,75.56,49.16,0,26,C,,
2021/22,Liga 3,Ricardo Tavares,Lusitania FC Lourosa,27,CB,17.74,80.03,61.2,93.47,78.21,61.26,67.74,0,4,A,,
2021/22,Liga 3,João André,Pevidém,28,CB,47.64,53.9,73.84,88.06,25.34,62.27,82.43,0,9,B,,
2021/22,Liga 3,Cassiano,União Santarém,28,CB,69.59,70.1,39.19,8.56,17.91,54.62,42.74,0,55,D,,
2021/22,Liga 3,Romário Carvalho,Real SC,28,CB,17.23,43.32,27.7,31.53,45.95,61.15,53.38,0,51,C,,
2021/22,Liga 3,João Sousa,Alverca,28,CB,40.37,32.28,29.44,15.77,33.95,48.31,51.86,0,68,D,,
2021/22,Liga 3,Lamine Bá,Oriental Dragon,28,CB,85.64,32.28,58.98,48.65,37.84,14.19,22.3,0,71,E,,
2021/22,Liga 3,Danrlei,Sanjoanense,28,CB,34.8,63.81,43.15,37.39,36.15,42.34,40.54,0,60,D,,
2021/22,Liga 3,Gil Dias,Lusitania FC Lourosa,28,CB,79.22,67.64,51.74,16.44,50.34,77.25,52.03,0,11,B,,
2021/22,Liga 3,J. Soares,Amora,29,CB,38.51,32.28,29.92,36.49,40.88,39.86,49.32,0,67,D,,
2021/22,Liga 3,Agostinho Carvalho,Canelas 2010,29,CB,19.09,57.06,40.73,59.46,60.98,63.96,45.44,0,32,C,,
2021/22,Liga 3,Edgar Almeida,Sanjoanense,29,CB,50.34,49.64,46.43,53.38,68.24,47.75,50.84,0,34,C,,
2021/22,Liga 3,Miguel Rodrigues,União Santarém,29,CB,77.2,56.61,75.29,58.33,44.26,82.21,76.86,0,3,S,,
2021/22,Liga 3,Paulinho,Real SC,30,CB,16.72,43.32,44.98,72.52,56.59,48.42,55.07,0,46,C,,
2021/22,Liga 3,Diogo Costa,Anadia,30,CB,47.8,63.81,44.21,22.52,27.53,30.18,17.4,0,72,E,,
2021/22,Liga 3,Emanuel Oliveira,Pevidém,30,CB,60.47,49.56,62.64,64.41,56.42,28.15,56.93,0,43,C,,
2021/22,Liga 3,Leo Araújo,Canelas 2010,30,CB,21.11,51.97,32.53,48.65,29.22,47.41,63.85,0,58,D,,
2021/22,Liga 3,João Freitas,Alverca,30,CB,63.85,53.88,66.51,71.17,67.4,76.69,81.25,0,2,S,,
2021/22,Liga 3,Thomas Militão,Caldas,30,CB,69.93,50.07,75.77,77.93,64.53,58.11,57.09,0,7,A,,
2021/22,Liga 3,J. Faria,UD Oliveirense,31,CB,84.12,75.07,68.24,41.89,68.58,73.76,40.54,0,5,A,,
2021/22,Liga 3,João Pereira,Torreense,31,CB,43.24,48.15,42.86,43.47,38.18,66.33,56.93,0,35,C,,
2021/22,Liga 3,Weliton Matos,Lusitania FC Lourosa,32,CB,79.05,46.62,47.49,22.3,36.82,62.5,43.07,0,40,C,,
2021/22,Liga 3,Vítor Bastos,Canelas 2010,32,CB,21.11,46.02,23.75,28.15,25.34,52.14,33.45,0,70,E,,
2021/22,Liga 3,Fábio Santos,Cova da Piedade,32,CB,53.04,53.9,53.57,57.88,38.51,47.3,45.78,0,47,C,,
2021/22,Liga 3,Hugo Ventosa,Real SC,33,CB,39.86,43.32,57.05,69.82,63.18,64.19,51.01,0,16,B,,
2021/22,Liga 3,Mika,Lusitania FC Lourosa,34,CB,31.42,32.28,25.48,18.47,33.28,23.42,21.79,0,74,F,,
2021/22,Liga 3,João Dias,União de Leiria,35,CB,12.5,87.08,44.11,65.54,56.59,12.5,36.32,0,69,D,,
2021/22,Liga 3,André Sousa,Caldas,35,CB,25.34,52.22,41.22,52.25,65.54,65.88,47.8,0,27,C,,
2021/22,Liga 3,Bruno Bernardo,Vitória Setúbal,36,CB,87.84,48.5,52.7,22.75,64.53,53.6,38.18,0,33,C,,
2021/22,Liga 3,Vitor Pereira,Montalegre,37,CB,80.91,56.61,72.78,60.14,52.53,44.93,43.58,0,23,B,,
2021/22,Liga 3,Sandro Silva,Cova da Piedade,38,CB,55.57,69.22,35.14,15.32,45.44,42.12,33.95,0,61,D,,
2021/22,Liga 3,Diego Galo,União de Leiria,38,CB,70.95,93.4,79.34,74.77,85.47,25.34,42.91,0,12,B,,
2021/22,Liga 3,Danilo Veiga,Felgueiras 1932,19,FB & WB,37.5,33.29,45.48,63.89,60.62,54.58,75.42,0,22,B,,
2021/22,Liga 3,Miguel Maga,Vitória SC B,19,FB & WB,68.75,55.21,53.93,46.11,65.83,69.72,54.79,0,9,A,,
2021/22,Liga 3,Hélder Sá,Vitória SC B,19,FB & WB,79.79,55.46,76.19,71.94,67.5,24.58,56.46,0,10,A,,
2021/22,Liga 3,Andre Paço,Sanjoanense,20,FB & WB,32.92,33.46,47.86,68.33,27.08,57.78,44.17,0,42,C,,
2021/22,Liga 3,Gonçalo Costa,Sporting CP B,21,FB & WB,78.96,61.45,79.4,86.94,33.96,33.61,77.92,0,7,A,,
2021/22,Liga 3,Hevertton Santos,Sporting CP B,21,FB & WB,76.88,42.41,69.52,71.67,51.25,63.33,71.46,0,5,A,,
2021/22,Liga 3,Simão Rocha,Torreense,21,FB & WB,78.12,33.46,41.07,16.39,30.83,62.64,38.75,0,50,C,,
2021/22,Liga 3,Dinis Pinto,SC Braga B,21,FB & WB,71.88,36.85,64.76,75.56,51.88,63.33,65.42,0,8,A,,
2021/22,Liga 3,Califo Baldé,Cova da Piedade,22,FB & WB,19.38,28.24,22.62,27.5,24.17,47.64,34.38,0,59,E,,
2021/22,Liga 3,Afonso Freitas,Vitória SC B,22,FB & WB,72.29,61.49,62.5,54.17,62.29,53.33,52.08,0,14,A,,
2021/22,Liga 3,Miguel Vilela,SC Braga B,22,FB & WB,44.17,78.95,60.24,61.67,63.75,34.03,35.42,0,29,B,,
2021/22,Liga 3,Diogo Brás,Sporting CP B,22,FB & WB,51.67,48.26,59.4,66.11,49.38,48.06,55,0,23,B,,
2021/22,Liga 3,Aldair,Sanjoanense,22,FB & WB,46.25,59.68,52.98,50,38.54,40,50.83,0,37,C,,
2021/22,Liga 3,Filipe Maio,UD Oliveirense,23,FB & WB,51.88,38.39,38.93,36.67,61.46,45.83,51.67,0,41,C,,
2021/22,Liga 3,C. Tovar,Fafe,23,FB & WB,36.25,60.22,61.55,83.33,32.92,46.39,76.67,0,18,B,,
2021/22,Liga 3,H. Sylla,União de Leiria,23,FB & WB,76.04,56.39,71.31,75.56,50.83,32.5,64.38,0,11,A,,
2021/22,Liga 3,Pedro Albino,Amora,23,FB & WB,86.87,49.35,72.98,65,82.92,21.67,42.71,0,16,A,,
2021/22,Liga 3,João Mendes,Oliveira Hospital,23,FB & WB,19.17,28.79,17.14,7.78,21.04,34.44,24.38,0,60,F,,
2021/22,Liga 3,João Silva,Caldas,24,FB & WB,47.08,66.75,65.83,67.78,47.5,43.61,76.25,0,12,A,,
2021/22,Liga 3,André Freitas,Oliveira Hospital,24,FB & WB,56.88,62.67,47.86,28.33,17.5,17.92,20.21,0,58,E,,
2021/22,Liga 3,Rodrigo Moitas,Real SC,24,FB & WB,33.13,65.46,36.31,25,53.33,36.67,32.5,0,55,D,,
2021/22,Liga 3,Diogo Castro,São João Ver,25,FB & WB,72.08,60.45,67.62,50.83,31.67,69.03,42.71,0,19,B,,
2021/22,Liga 3,Januário,Caldas,25,FB & WB,83.54,18.24,69.76,64.44,39.17,19.03,41.25,0,44,C,,
2021/22,Liga 3,Cláudio Tavares,União Santarém,25,FB & WB,45,33.41,41.79,43.61,8.75,53.47,56.46,0,52,C,,
2021/22,Liga 3,Lucas Silva,Amora,25,FB & WB,71.67,66.11,78.57,87.5,70.83,41.67,76.67,0,1,S,,
2021/22,Liga 3,D. Furtado,Lusitania FC Lourosa,25,FB & WB,79.17,48.97,73.33,63.33,52.71,35.83,58.75,0,17,B,,
2021/22,Liga 3,Rui Silva,Torreense,26,FB & WB,46.04,41.68,64.29,76.67,62.5,25.14,62.08,0,26,B,,
2021/22,Liga 3,Zézinho,Canelas 2010,26,FB & WB,32.29,60.14,38.21,24.44,63.75,73.75,48.33,0,33,C,,
2021/22,Liga 3,Gonçalo Pimenta,UD Oliveirense,26,FB & WB,31.67,47.72,46.07,65.83,55.83,47.64,55.42,0,32,B,,
2021/22,Liga 3,Tiago Vieira,Pevidém,26,FB & WB,29.79,67.44,26.31,16.11,82.71,53.61,22.29,0,51,C,,
2021/22,Liga 3,Miguel Silva,São João Ver,26,FB & WB,80,28.79,80.24,89.44,27.92,25.28,68.75,0,20,B,,
2021/22,Liga 3,E. Banguera,Felgueiras 1932,26,FB & WB,65.83,36.63,62.38,68.89,81.25,62.78,75,0,4,S,,
2021/22,Liga 3,Marcos Barbeiro,Real SC,26,FB & WB,86.25,58.22,75.12,55,65.21,35,48.33,0,15,A,,
2021/22,Liga 3,Luís Simão,Canelas 2010,26,FB & WB,21.25,83.68,44.05,56.39,29.79,38.47,36.46,0,49,C,,
2021/22,Liga 3,Celsinho,Cova da Piedade,26,FB & WB,31.46,41.6,46.43,62.78,34.79,40.83,51.25,0,47,C,,
2021/22,Liga 3,Chico,Fafe,26,FB & WB,18.54,39.93,35.95,59.72,51.46,64.31,61.88,0,34,C,,
2021/22,Liga 3,W. Rosero,Oliveira Hospital,27,FB & WB,33.33,28.67,34.76,42.78,48.75,82.22,62.92,0,31,B,,
2021/22,Liga 3,Vasco Cruz,Pevidém,28,FB & WB,31.25,13.52,24.05,23.06,42.08,49.58,43.33,0,57,D,,
2021/22,Liga 3,Carlos Freitas,Fafe,28,FB & WB,20,37.13,32.74,46.11,72.71,84.58,50,0,27,B,,
2021/22,Liga 3,Tiago Duque,UD Oliveirense,28,FB & WB,66.46,64.25,33.1,2.78,45.62,80,32.92,0,43,C,,
2021/22,Liga 3,Rúben Silvestre,São João Ver,28,FB & WB,51.25,57.86,56.55,54.72,45.62,71.81,66.04,0,13,A,,
2021/22,Liga 3,Z. Ngom,Montalegre,28,FB & WB,90.62,51.33,83.33,85.56,30.42,59.58,77.92,0,3,S,,
2021/22,Liga 3,João Pinto,Oriental Dragon,28,FB & WB,28.33,74.07,35.6,21.11,85.21,77.5,46.46,0,24,B,,
2021/22,Liga 3,João Nogueira,Anadia,28,FB & WB,35.42,73.61,55.95,67.78,42.71,45,43.75,0,30,B,,
2021/22,Liga 3,Filipe Gaspar,Oriental Dragon,28,FB & WB,45.42,63.19,44.4,27.5,84.17,66.39,42.92,0,25,B,,
2021/22,Liga 3,Káká,União de Leiria,29,FB & WB,42.71,74.02,57.74,59.72,54.17,41.94,46.46,0,28,B,,
2021/22,Liga 3,Luís Farinha,Caldas,29,FB & WB,93.54,47.85,78.57,78.06,48.33,58.33,77.29,0,2,S,,
2021/22,Liga 3,Fábio Pala,Real SC,29,FB & WB,91.88,14.35,51.67,26.11,36.88,64.58,42.92,0,38,C,,
2021/22,Liga 3,Marco Grilo,Lusitania FC Lourosa,29,FB & WB,48.12,66.72,32.62,26.67,33.33,61.25,37.29,0,48,C,,
2021/22,Liga 3,B. Ouattara,Montalegre,30,FB & WB,51.88,37.68,45.6,39.17,22.92,77.5,42.5,0,39,C,,
2021/22,Liga 3,Jorge Bernardo,Alverca,30,FB & WB,22.08,74.41,34.64,27.78,92.71,53.33,35.42,0,35,C,,
2021/22,Liga 3,Tiago Oliveira,Montalegre,31,FB & WB,23.75,63.14,42.14,63.06,67.29,33.19,49.79,0,36,C,,
2021/22,Liga 3,Joel Monteiro,Amora,31,FB & WB,88.12,73.14,72.38,66.11,57.5,44.03,62.08,0,6,A,,
2021/22,Liga 3,Jorge Miguel,Lusitania FC Lourosa,31,FB & WB,26.46,68.74,41.67,46.39,77.08,35.83,23.96,0,46,C,,
2021/22,Liga 3,David Rosa,Torreense,32,FB & WB,19.17,32.36,29.76,50,53.33,60.69,56.04,0,45,C,,
2021/22,Liga 3,Juvenal Oliveira,Caldas,32,FB & WB,60.62,44.58,32.38,21.11,30,53.47,37.08,0,54,D,,
2021/22,Liga 3,Nivaldo,Anadia,34,FB & WB,56.46,60.22,52.74,49.17,64.38,60.56,47.71,0,21,B,,
2021/22,Liga 3,Nuno Pinto,Vitória Setúbal,35,FB & WB,24.38,81.11,38.1,34.72,65.21,59.03,23.54,0,40,C,,
2021/22,Liga 3,Tiago Gomes,Alverca,35,FB & WB,16.67,27.91,20,30.56,40.21,62.92,61.25,0,53,D,,
2021/22,Liga 3,Mano,Vitória Setúbal,35,FB & WB,21.67,30.89,21.55,25.28,56.46,49.17,33.96,0,56,D,,
2021/22,Liga 3,Amadu Baldé,Real SC,16,MF,71.67,20.66,55.81,55.56,50.83,39.22,42.83,0,46,C,,
2021/22,Liga 3,Dário Essugo,Sporting CP B,17,MF,29.83,60.05,42.48,51.11,62.33,65.89,67.67,0,31,B,,
2021/22,Liga 3,Renato Veiga,Sporting CP B,18,MF,25.17,62.66,46.86,60.67,57.33,70.44,77.17,0,23,B,,
2021/22,Liga 3,Miguel Menino,Sporting CP B,19,MF,67.17,36.43,61.52,60.67,43.33,45,49.83,0,36,C,,
2021/22,Liga 3,Gui Guedes,Vitória SC B,20,MF,80.5,28.88,73.33,82.44,25.17,26.11,54.67,0,42,C,,
2021/22,Liga 3,Bruno Ventura,Vitória Setúbal,21,MF,69.67,81.11,65.52,56.22,42.5,26.67,44.67,0,34,C,,
2021/22,Liga 3,Geny Catamo,Sporting CP B,21,MF,85.17,85.54,94.57,93.33,40.33,18.11,61.67,0,11,A,,
2021/22,Liga 3,Pedro Santos,SC Braga B,21,MF,44.17,59.9,42.29,55.33,71.67,52.44,47.67,0,33,B,,
2021/22,Liga 3,H. Doukouré,Oliveira Hospital,21,MF,18.17,26.96,17.33,20.89,15.67,68.89,54.67,0,70,E,,
2021/22,Liga 3,Vasco Moreira,SC Braga B,21,MF,22.67,63.31,30.48,32.67,88,78.78,56.67,0,27,B,,
2021/22,Liga 3,Dani Silva,Vitória SC B,22,MF,64.17,61.02,64.76,70,92,70,79.33,0,1,S,,
2021/22,Liga 3,Klismahn,Alverca,22,MF,91.83,82.8,86,79.56,43.83,44.33,59.67,0,7,A,,
2021/22,Liga 3,Zack Blackwell,União Santarém,22,MF,49.83,35.9,48.67,61.78,65.83,69.56,55,0,26,B,,
2021/22,Liga 3,David Veiga,SC Braga B,22,MF,43,39.9,38.29,47.78,52.33,60.11,56.17,0,44,C,,
2021/22,Liga 3,Pedro Pinto,Cova da Piedade,22,MF,71.17,60.4,71.62,77.33,42.33,44.78,57.83,0,20,B,,
2021/22,Liga 3,Serginho,Felgueiras 1932,22,MF,81.67,68.58,88.19,91.33,57.67,28.56,56.5,0,9,A,,
2021/22,Liga 3,Paulo Moreira,Felgueiras 1932,22,MF,58.33,67.02,75.52,91.33,41.5,34.89,57.33,0,21,B,,
2021/22,Liga 3,Barbosa,São João Ver,23,MF,82.33,59.19,69.24,61.56,55.5,60.22,55.83,0,13,A,,
2021/22,Liga 3,I. Guirassy,São João Ver,23,MF,16.5,37.32,27.05,41.56,32.67,64.78,66.33,0,58,D,,
2021/22,Liga 3,O. Diagne,Sanjoanense,23,MF,90,66.2,54.29,20.67,4.67,53.22,29.33,0,59,D,,
2021/22,Liga 3,Manuel Pami,Canelas 2010,23,MF,10.83,20.66,7.52,7.78,26.83,67,29.17,0,74,F,,
2021/22,Liga 3,João Lameira,Torreense,23,MF,59.17,47.86,59.43,54.67,42.17,55.22,37.83,0,37,C,,
2021/22,Liga 3,Paulinho,Felgueiras 1932,24,MF,47.17,78.3,66.86,70.67,23.5,70.22,69.67,0,19,B,,
2021/22,Liga 3,Bruno Carvalho,Oliveira Hospital,24,MF,31.5,30.3,35.24,40.67,53.67,56,58.5,0,52,C,,
2021/22,Liga 3,Martim Maia,Amora,24,MF,79.5,60.66,70.67,68.22,75.5,59.33,55.17,0,6,A,,
2021/22,Liga 3,Jorge Pereira,Sanjoanense,24,MF,13.83,34.67,23.24,32.22,69,73.22,63.17,0,48,C,,
2021/22,Liga 3,Miranda,Anadia,24,MF,17.17,39.02,19.71,23.56,16.33,38.11,37.83,0,75,F,,
2021/22,Liga 3,Matheus Clemente,Felgueiras 1932,24,MF,37.67,28.88,50.38,63.78,60,92,81.5,0,14,A,,
2021/22,Liga 3,Afonso Caetano,União de Leiria,24,MF,19.5,63.92,43.52,52.44,69.33,44.22,49,0,40,C,,
2021/22,Liga 3,Marcos Silva,União de Leiria,24,MF,71.33,36.43,70.38,68,58,53.89,58.33,0,16,B,,
2021/22,Liga 3,Cícero Alves,Torreense,25,MF,76.5,42.78,42.19,15.78,47.5,62.78,40,0,51,C,,
2021/22,Liga 3,Chico,Pevidém,25,MF,51.67,34.11,55.24,68.44,59.17,60.56,71,0,24,B,,
2021/22,Liga 3,L. Nkolo,Cova da Piedade,25,MF,22.5,28.88,17.43,7.11,10.67,77.11,39.67,0,71,F,,
2021/22,Liga 3,J. Balanta,Canelas 2010,25,MF,46.5,74.42,58.38,66.22,48.17,15.78,54.5,0,45,C,,
2021/22,Liga 3,Diogo Martins,Oliveira Hospital,25,MF,80.5,83.98,86.67,93.78,81.33,25.33,62.33,0,2,S,,
2021/22,Liga 3,Élsinho,Anadia,26,MF,56.17,47.45,62.48,68.89,74.33,53.22,71.33,0,12,A,,
2021/22,Liga 3,Tiago Baptista,Anadia,26,MF,63.17,38.37,51.71,55.11,54.67,71.56,47.83,0,28,B,,
2021/22,Liga 3,Diogo Pereira,São João Ver,26,MF,60,86.87,66.38,73.78,57.83,45.22,68.17,0,10,A,,
2021/22,Liga 3,Diogo Clemente,Caldas,26,MF,43.5,59.99,58.48,63.11,75.83,36.44,50.33,0,30,B,,
2021/22,Liga 3,Guilherme Morais,Torreense,26,MF,25.83,65.22,28.76,21.56,31.17,53.22,35.67,0,64,E,,
2021/22,Liga 3,Murilo Rosa,Vitória Setúbal,26,MF,67.17,40.43,62.1,62.44,40.5,44.33,45.83,0,38,C,,
2021/22,Liga 3,B. Sow,Montalegre,27,MF,56.5,36.43,50.86,32.22,25.5,36.56,19.17,0,65,E,,
2021/22,Liga 3,Rúben Alves,Sanjoanense,27,MF,77.5,91.47,88.1,93.33,77.83,15.78,58.67,0,5,S,,
2021/22,Liga 3,Jimmy,União Santarém,27,MF,30.83,20.66,33.24,41.11,32.83,44.89,59.17,0,63,E,,
2021/22,Liga 3,Marlon Costa,Oriental Dragon,27,MF,33.5,41.32,25.43,15.11,35,67.22,52,0,61,D,,
2021/22,Liga 3,Y. Valencia,Caldas,27,MF,66.67,48.88,61.24,54.89,34.5,71.56,59.83,0,29,B,,
2021/22,Liga 3,Vitor Braga,Sanjoanense,27,MF,71.5,58.43,61.14,52.44,60,17.67,25,0,47,C,,
2021/22,Liga 3,David Brás,Oliveira Hospital,27,MF,16,52.88,45.05,68.67,39.17,53.67,42.33,0,50,C,,
2021/22,Liga 3,Rúben Marques,Real SC,27,MF,25,24.88,23.9,22.89,39.67,55.11,38,0,66,E,,
2021/22,Liga 3,André Salvador,Canelas 2010,28,MF,70.83,58.21,87.05,94.89,48.5,62.11,70.33,0,4,S,,
2021/22,Liga 3,Hélio Cruz,Amora,28,MF,19.17,33.54,35.33,57.33,49.67,43,61,0,53,D,,
2021/22,Liga 3,Eurico,Alverca,28,MF,57.33,28.88,36.67,13.11,28.83,83.44,50.67,0,54,D,,
2021/22,Liga 3,Didi,Fafe,28,MF,44.17,40.43,41.52,43.56,53.5,52.33,44,0,49,C,,
2021/22,Liga 3,Tiago Morgado,Real SC,28,MF,70.83,51.28,68.57,61.78,59.67,54.33,60.67,0,15,B,,
2021/22,Liga 3,Geraldo,Fafe,29,MF,35.17,20.66,31.81,32,49.17,62.56,48.5,0,57,D,,
2021/22,Liga 3,Tiago Feiteira,Oriental Dragon,29,MF,38.5,68.78,32.86,23.78,81,63.22,34.67,0,35,C,,
2021/22,Liga 3,Sérgio Duarte,Pevidém,29,MF,14.83,28.88,17.14,16.67,35.5,67.78,40.17,0,67,E,,
2021/22,Liga 3,Gonçalo Silva,Oriental Dragon,29,MF,55.67,31.77,54.48,66.89,65.67,31.11,35.5,0,43,C,,
2021/22,Liga 3,Caleb,Amora,29,MF,56.83,80.36,81.05,92,66,31,62.33,0,8,A,,
2021/22,Liga 3,Landinho,Fafe,29,MF,69.17,65.06,65.33,55.78,66.17,12.44,28,0,41,C,,
2021/22,Liga 3,Paulo Grilo,Lusitania FC Lourosa,30,MF,80.33,87.27,75.33,68.22,54.17,24.56,52.17,0,18,B,,
2021/22,Liga 3,Leandro Borges,Caldas,30,MF,82.67,63.5,70.57,53.11,37.17,54.33,68.17,0,22,B,,
2021/22,Liga 3,Luís Esteves,Vitória SC B,24,MF,86.17,93.05,94.86,97.33,85.33,6.11,53.67,0,3,S,,
2021/22,Liga 3,Filipe Alves,UD Oliveirense,31,MF,23.5,32.17,16.86,8.44,42.33,58.44,42.67,0,68,E,,
2021/22,Liga 3,Rúben Neves,Montalegre,31,MF,63.5,59.1,66.76,64.44,58.5,41.44,58.33,0,25,B,,
2021/22,Liga 3,Léléco,Amora,31,MF,80,58.43,60.76,34.22,77.33,37.33,36.33,0,32,B,,
2021/22,Liga 3,Samu,Canelas 2010,32,MF,22.17,20.66,20.48,22.89,35.67,46.56,27.67,0,72,F,,
2021/22,Liga 3,Tiago Ronaldo,Pevidém,33,MF,47.5,39.06,44.38,42.89,65.5,51.89,53.17,0,39,C,,
2021/22,Liga 3,Robson,Vitória Setúbal,34,MF,28,71.1,50,58.89,50.33,21.56,28.83,0,55,D,,
2021/22,Liga 3,Babanco,União de Leiria,36,MF,49.5,85.29,54.95,56,84.67,36.56,49,0,17,B,,
2021/22,Liga 3,André Fontes,Oliveira Hospital,36,MF,27.83,20.66,23.05,21.33,46,48.44,29.33,0,69,E,,
2021/22,Liga 3,Paulo Tavares,Lusitania FC Lourosa,36,MF,40.67,24.88,23.81,14.89,60.33,70.56,43.17,0,56,D,,
2021/22,Liga 3,José Semedo,Vitória Setúbal,37,MF,22,25.06,13.43,6.67,45.17,86,49.33,0,62,D,,
2021/22,Liga 3,Diogo Santos,Felgueiras 1932,37,MF,71.83,41.54,33.05,8,28.17,65.78,37.83,0,60,D,,
2021/22,Liga 3,João Fernandes,Montalegre,39,MF,20.17,48.43,20.38,14.22,20.17,47.89,22.67,0,73,F,,
2021/22,Liga 3,Valter Zacarias,Cova da Piedade,24,AM & W,75,38.05,77.17,95.42,33.82,51.47,82.84,0,6,B,,
2021/22,Liga 3,Mateus Fernandes,Sporting CP B,18,AM & W,19.61,50.92,26.61,32.03,71.81,57.84,51.96,0,39,D,,
2021/22,Liga 3,Vando Félix,Sporting CP B,19,AM & W,33.33,30.12,44.26,66.34,35.78,50.82,69.12,0,31,D,,
2021/22,Liga 3,R. N'do,Oliveira Hospital,20,AM & W,60.78,79.85,76.47,78.76,71.32,48.04,71.32,0,3,A,,
2021/22,Liga 3,Jota Pereira,Vitória SC B,20,AM & W,64.46,80.83,49.16,31.7,36.76,49.51,33.58,0,26,C,,
2021/22,Liga 3,Schürrle,SC Braga B,20,AM & W,39.46,75.62,35.29,28.76,80.88,58.66,21.57,0,25,C,,
2021/22,Liga 3,Hernâni,SC Braga B,21,AM & W,52.45,28.23,34.45,14.38,75.98,51.31,53.43,0,41,D,,
2021/22,Liga 3,João Castro,Fafe,21,AM & W,49.75,38.85,31.51,16.01,47.55,47.71,39.95,0,46,E,,
2021/22,Liga 3,João Silva,Felgueiras 1932,22,AM & W,95.1,66.22,90.9,86.93,59.56,76.14,70.34,0,1,S,,
2021/22,Liga 3,Diogo Motty,União Santarém,22,AM & W,60.29,62.12,52.38,33.99,17.16,55.23,44.61,0,33,D,,
2021/22,Liga 3,Leonardo Chão,União Santarém,22,AM & W,21.81,59.88,41.6,41.18,44.85,59.15,51.96,0,32,D,,
2021/22,Liga 3,Vasco Gadelho,UD Oliveirense,22,AM & W,36.52,39.73,34.45,49.35,41.67,49.51,24.02,0,45,E,,
2021/22,Liga 3,Pedro Pinho,Sanjoanense,22,AM & W,39.22,35.44,22.41,9.15,68.87,82.19,30.15,0,43,E,,
2021/22,Liga 3,K. Kodisang,SC Braga B,22,AM & W,85.05,53.84,71.15,60.13,30.88,33.82,61.27,0,17,C,,
2021/22,Liga 3,Welton,Vitória SC B,23,AM & W,69.85,39.52,47.48,33.33,46.81,48.53,13.97,0,40,D,,
2021/22,Liga 3,Léo Teixeira,Fafe,23,AM & W,51.72,78.51,67.79,77.78,38.97,81.54,88.24,0,4,A,,
2021/22,Liga 3,João Pais,Oliveira Hospital,23,AM & W,46.08,16.92,36.13,34.64,56.86,78.59,59.31,0,34,D,,
2021/22,Liga 3,Miguel Pereira,São João Ver,23,AM & W,50.25,29.43,42.44,52.61,47.79,61.11,55.64,0,30,D,,
2021/22,Liga 3,Nuninho,União de Leiria,24,AM & W,99.51,43.59,77.59,70.59,43.63,30.56,54.9,0,13,B,,
2021/22,Liga 3,Jaiminho,UD Oliveirense,24,AM & W,81.86,73.68,64.85,46.73,8.58,41.67,56.13,0,22,C,,
2021/22,Liga 3,José Varela,Vitória Setúbal,24,AM & W,81.13,45.16,68.63,66.01,39.22,45.92,66.18,0,16,C,,
2021/22,Liga 3,Leandro Antunes,União de Leiria,24,AM & W,78.19,44.77,46.36,6.21,54.41,62.09,26.72,0,37,D,,
2021/22,Liga 3,Midana Sambú,Torreense,24,AM & W,61.76,29.82,57.84,65.03,31.37,46.73,48.28,0,28,D,,
2021/22,Liga 3,Vieirinha,São João Ver,25,AM & W,23.77,53.78,24.93,13.07,45.83,32.19,22.06,0,50,F,,
2021/22,Liga 3,I. Boakye,Canelas 2010,25,AM & W,60.54,21.77,39.36,24.51,16.91,20.26,24.26,0,51,F,,
2021/22,Liga 3,João Cardoso,Torreense,25,AM & W,17.65,75.03,33.33,27.78,94.61,28.92,33.09,0,35,D,,
2021/22,Liga 3,Mozino,Canelas 2010,25,AM & W,69.12,58.08,65.55,70.92,32.84,50.82,73.28,0,12,B,,
2021/22,Liga 3,Mika Borges,Real SC,25,AM & W,8.09,37.46,23.53,37.91,53.43,38.4,29.9,0,49,F,,
2021/22,Liga 3,Pedro Matos,Fafe,25,AM & W,59.07,29.75,39.5,29.08,41.42,53.92,42.4,0,42,D,,
2021/22,Liga 3,Henrique Brito,Felgueiras 1932,25,AM & W,27.21,66.72,54.76,67.32,26.96,66.34,53.19,0,20,C,,
2021/22,Liga 3,Joãozinho,Montalegre,25,AM & W,57.84,80.66,57.14,56.21,58.82,38.56,63.24,0,15,B,,
2021/22,Liga 3,Jefferson Nem,Alverca,25,AM & W,59.07,61.63,59.66,68.63,85.29,59.8,67.65,0,5,A,,
2021/22,Liga 3,Zé Pedro,Sanjoanense,25,AM & W,48.77,89.84,67.37,64.71,69.61,42.65,51.47,0,7,B,,
2021/22,Liga 3,Nuno Pereira,Anadia,26,AM & W,74.02,48.5,57.42,52.94,42.89,30.88,35.78,0,27,C,,
2021/22,Liga 3,Rui Batalha,Cova da Piedade,26,AM & W,17.65,55.76,32.21,36.6,45.83,23.2,49.02,0,47,E,,
2021/22,Liga 3,Léo Cá,Lusitania FC Lourosa,27,AM & W,38.24,77.37,67.65,85.62,32.35,44.44,68.63,0,11,B,,
2021/22,Liga 3,Nico,Oriental Dragon,27,AM & W,52.45,38.05,67.09,84.97,50,47.06,75,0,14,B,,
2021/22,Liga 3,Gildo,Amora,27,AM & W,65.2,40.82,52.8,47.06,44.12,67.48,54.9,0,21,C,,
2021/22,Liga 3,Ricardo Rodrigues,Alverca,27,AM & W,86.03,38.03,79.13,80.39,46.32,41.83,57.6,0,8,B,,
2021/22,Liga 3,João Bandeira,Oriental Dragon,27,AM & W,49.75,27.98,45.94,33.33,73.04,50.82,36.27,0,36,D,,
2021/22,Liga 3,Edgar Abreu,Lusitania FC Lourosa,28,AM & W,17.65,25.04,14.71,16.99,56.86,80.72,45.1,0,48,E,,
2021/22,Liga 3,Frédéric Maciel,Torreense,28,AM & W,63.97,66.93,66.25,73.86,71.08,27.61,51.96,0,10,B,,
2021/22,Liga 3,Joca,Amora,29,AM & W,49.51,18.78,56.3,70.59,57.6,49.67,51.47,0,24,C,,
2021/22,Liga 3,André Aranha,São João Ver,29,AM & W,37.99,40.8,38.1,41.5,41.42,58.99,55.88,0,38,D,,
2021/22,Liga 3,Angola,Montalegre,29,AM & W,72.55,52.12,77.17,87.58,39.71,87.91,91.67,0,2,A,,
2021/22,Liga 3,Leandro Borges,Anadia,30,AM & W,4.41,55.76,35.01,54.58,53.43,73.69,53.19,0,29,D,,
2021/22,Liga 3,Alex,Torreense,30,AM & W,19.61,70.47,49.44,60.46,69.36,55.39,38.97,0,18,C,,
2021/22,Liga 3,Pedrinho,Pevidém,31,AM & W,26.47,52.15,44.82,52.61,70.83,64.54,63.48,0,19,C,,
2021/22,Liga 3,N. Plange,Oriental Dragon,32,AM & W,60.78,41.63,43.14,29.41,52.45,29.41,29.9,0,44,E,,
2021/22,Liga 3,Ulisses Oliveira,Torreense,33,AM & W,16.18,85.58,50,68.63,83.33,47.71,65.2,0,9,B,,
2021/22,Liga 3,Duarte Duarte,UD Oliveirense,34,AM & W,63.24,48.39,60.78,65.69,59.07,18.63,39.95,0,23,C,,
2021/22,Liga 3,Rodrigo Gomes,SC Braga B,19,CF,64.06,62.96,72.32,85.83,44.69,31.25,73.75,0,7,A,,
2021/22,Liga 3,J. Bahamboula,Vitória SC B,21,CF,23.12,40.19,20.71,28.75,6.88,19.17,24.69,0,40,F,,
2021/22,Liga 3,Tamble Monteiro,Anadia,21,CF,45.62,76.32,45.18,45.42,58.44,89.58,63.44,0,11,B,,
2021/22,Liga 3,Théo Fonseca,Felgueiras 1932,22,CF,83.75,33.04,42.86,13.33,25,49.17,34.38,0,31,D,,
2021/22,Liga 3,Álvaro Djaló,SC Braga B,22,CF,75.63,70.05,80.18,80.83,49.38,52.08,61.25,0,3,S,,
2021/22,Liga 3,Yago Cariello,União Santarém,22,CF,90,24.02,61.07,40,54.06,21.25,48.75,0,19,C,,
2021/22,Liga 3,J. Ferreira,UD Oliveirense,23,CF,32.19,35.27,45.36,57.08,58.75,49.38,51.88,0,28,C,,
2021/22,Liga 3,João Santos,Fafe,23,CF,71.56,83.79,76.61,64.17,60.94,47.71,44.38,0,4,A,,
2021/22,Liga 3,Jair Da Silva,União de Leiria,24,CF,43.44,58.6,75,90.83,80,81.67,90.62,0,1,S,,
2021/22,Liga 3,Jorginho,Pevidém,24,CF,55,35.2,51.96,56.67,60,58.96,36.88,0,18,C,,
2021/22,Liga 3,Jonata,Alverca,24,CF,83.75,40.27,55.71,41.67,20,43.12,48.75,0,22,C,,
2021/22,Liga 3,Papalélé,Montalegre,24,CF,61.56,48.19,78.39,90,60.31,72.29,85.62,0,2,S,,
2021/22,Liga 3,Adílio Varela,Oliveira Hospital,25,CF,35.94,73.13,56.43,72.08,44.38,35.42,54.06,0,17,C,,
2021/22,Liga 3,Chico Sousa,Canelas 2010,25,CF,3.44,84.63,43.75,65.83,84.06,73.12,63.75,0,14,B,,
2021/22,Liga 3,K. Kalunga,Cova da Piedade,25,CF,31.87,39.75,52.68,81.67,55.62,80.62,70.62,0,10,B,,
2021/22,Liga 3,João Magno,Canelas 2010,25,CF,54.37,34.7,36.61,32.08,36.56,35.62,47.5,0,35,D,,
2021/22,Liga 3,João Paredes,UD Oliveirense,26,CF,80,32.28,58.75,50,6.25,71.88,73.12,0,13,B,,
2021/22,Liga 3,Marcelo Santos,Oriental Dragon,26,CF,62.81,18.6,42.14,19.17,74.38,32.92,10.62,0,37,D,,
2021/22,Liga 3,Diogo David,Cova da Piedade,26,CF,64.69,53.6,52.5,46.25,51.88,62.08,49.69,0,16,B,,
2021/22,Liga 3,André Martins,Montalegre,26,CF,51.88,72.84,42.68,5,32.81,41.04,25,0,36,D,,
2021/22,Liga 3,Luizinho,UD Oliveirense,27,CF,52.19,30.76,40,46.25,56.56,67.71,48.44,0,26,C,,
2021/22,Liga 3,David Silva,Oliveira Hospital,27,CF,56.56,61.46,41.61,20.83,26.56,45.42,33.75,0,34,D,,
2021/22,Liga 3,João Tarzan,Caldas,27,CF,40,56.06,50.18,55.83,74.69,63.54,74.38,0,12,B,,
2021/22,Liga 3,Gonçalo Gregório,União de Leiria,27,CF,68.12,64.02,41.96,22.08,76.25,25,22.81,0,29,C,,
2021/22,Liga 3,O. Osemene,Canelas 2010,27,CF,87.19,49.02,71.43,63.33,18.44,53.75,49.38,0,9,B,,
2021/22,Liga 3,I. Cissé,Felgueiras 1932,28,CF,37.81,54.02,45.71,35,15,56.25,53.75,0,30,D,,
2021/22,Liga 3,Rui Areias,Fafe,28,CF,77.19,55.62,46.61,8.33,52.19,58.33,33.44,0,27,C,,
2021/22,Liga 3,Wilson,Oriental Dragon,28,CF,25.31,34.85,38.21,51.25,44.69,51.87,44.06,0,33,D,,
2021/22,Liga 3,Martim Águas,Oriental Dragon,28,CF,18.13,49.85,34.29,48.33,96.25,75.62,54.37,0,23,C,,
2021/22,Liga 3,Wilson Kenidy,Real SC,29,CF,39.06,36.52,25.89,23.33,48.12,62.29,44.38,0,38,D,,
2021/22,Liga 3,Costinha,Pevidém,30,CF,10.31,46.52,51.25,84.17,73.44,29.79,55.62,0,24,C,,
2021/22,Liga 3,Joel Silva,Lusitania FC Lourosa,31,CF,75.31,41.94,54.64,36.25,63.44,43.12,30.31,0,20,C,,
2021/22,Liga 3,Deivison,União Santarém,31,CF,33.44,65.76,41.79,32.08,60.31,35.21,36.56,0,32,D,,
2021/22,Liga 3,André Perre,Caldas,32,CF,18.12,93.9,58.57,86.67,70,68.96,83.75,0,5,A,,
2021/22,Liga 3,F. Mendy,Vitória Setúbal,33,CF,61.88,55.45,42.14,33.33,35.62,75.62,50.94,0,21,C,,
2021/22,Liga 3,Ballack,Real SC,34,CF,35.31,83.07,70.71,95,55.94,28.12,66.88,0,8,A,,
2021/22,Liga 3,Fausto Lourenço,Anadia,35,CF,36.88,53.14,52.14,68.75,60,28.33,45,0,25,C,,
2021/22,Liga 3,Zequinha,Vitória Setúbal,35,CF,54.37,32.95,53.75,73.33,63.75,45.62,58.44,0,15,B,,
2021/22,Liga 3,Vítor Hugo,Pevidém,36,CF,28.75,28.19,23.57,16.67,36.25,43.12,44.38,0,39,E,,
2021/22,Liga 3,Mateus,Torreense,38,CF,79.38,39.44,74.64,82.5,58.13,43.96,60.63,0,6,A,,
2021/22,Liga 3,Diego Callai,Sporting CP B,17,GK,0,0,0,0,0,0,0,36.01,25,E,,
2021/22,Liga 3,Tomás Carvalho,Cova da Piedade,19,GK,0,0,0,0,0,0,0,67.86,3,A,,
2021/22,Liga 3,L. Horníček,SC Braga B,20,GK,0,0,0,0,0,0,0,43.15,21,D,,
2021/22,Liga 3,Diogo Figueiredo,Montalegre,21,GK,0,0,0,0,0,0,0,48.81,17,C,,
2021/22,Liga 3,Fábio Matos,Sanjoanense,22,GK,0,0,0,0,0,0,0,50.89,12,C,,
2021/22,Liga 3,João Valido,Vitória Setúbal,22,GK,0,0,0,0,0,0,0,63.39,5,B,,
2021/22,Liga 3,Celton Biai,Vitória SC B,22,GK,0,0,0,0,0,0,0,63.1,6,B,,
2021/22,Liga 3,Fábio Ferreira,União de Leiria,24,GK,0,0,0,0,0,0,0,76.19,2,S,,
2021/22,Liga 3,Carlos Alves,Felgueiras 1932,24,GK,0,0,0,0,0,0,0,49.4,15,C,,
2021/22,Liga 3,Nuno Silva,UD Oliveirense,25,GK,0,0,0,0,0,0,0,37.5,23,D,,
2021/22,Liga 3,Márcio Rosa,Montalegre,25,GK,0,0,0,0,0,0,0,61.9,9,B,,
2021/22,Liga 3,Nando Pedrosa,Oliveira Hospital,25,GK,0,0,0,0,0,0,0,36.9,24,D,,
2021/22,Liga 3,David Grilo,Amora,25,GK,0,0,0,0,0,0,0,77.38,1,S,,
2021/22,Liga 3,Júlio Neiva,Lusitania FC Lourosa,26,GK,0,0,0,0,0,0,0,38.69,22,D,,
2021/22,Liga 3,Kadú,UD Oliveirense,27,GK,0,0,0,0,0,0,0,27.98,27,F,,
2021/22,Liga 3,José Costa,Alverca,28,GK,0,0,0,0,0,0,0,45.83,20,C,,
2021/22,Liga 3,Carlos Henriques,Torreense,28,GK,0,0,0,0,0,0,0,47.62,18,C,,
2021/22,Liga 3,Luís Pedro,Anadia,28,GK,0,0,0,0,0,0,0,67.86,4,A,,
2021/22,Liga 3,Rui Nibra,Fafe,28,GK,0,0,0,0,0,0,0,23.21,28,F,,
2021/22,Liga 3,Wilson Soares,União Santarém,29,GK,0,0,0,0,0,0,0,31.85,26,E,,
2021/22,Liga 3,André Preto,Pevidém,29,GK,0,0,0,0,0,0,0,47.02,19,C,,
2021/22,Liga 3,Raphael Mello,Canelas 2010,30,GK,0,0,0,0,0,0,0,58.93,10,B,,
2021/22,Liga 3,Júnior Osvani,Oriental Dragon,30,GK,0,0,0,0,0,0,0,63.1,7,B,,
2021/22,Liga 3,Leo Leichsenring,São João Ver,31,GK,0,0,0,0,0,0,0,63.1,8,B,,
2021/22,Liga 3,Cléber Santana,Oliveira Hospital,32,GK,0,0,0,0,0,0,0,50.89,13,C,,
2021/22,Liga 3,Luís Paulo,Caldas,33,GK,0,0,0,0,0,0,0,55.06,11,C,,
2021/22,Liga 3,João Godinho,Real SC,37,GK,0,0,0,0,0,0,0,50.3,14,C,,
2021/22,Liga 3,Serginho,Lusitania FC Lourosa,39,GK,0,0,0,0,0,0,0,49.4,16,C,,
